CustomerID,CustomerName,Age,Gender,AnnualIncome,CreditScore,AccountType,AccountBalance,HasCreditCard,HasMortgage,HasPersonalLoan,DigitalEngagementLevel,OnlineTransactionsPct,HasComplained,ChurnStatus
CUST-00001,Michael Martin,29,Male,49516,721,Premium Checking,9795.99,1,0,0,Medium,44,0,0
CUST-00002,Mark Anderson,32,Male,38448,579,Premium Checking,60638.69,1,1,1,Medium,55,1,0
CUST-00003,David Davis,45,Female,28043,561,Standard Checking,13822.08,1,1,0,None,0,0,1
CUST-00004,Mark Miller,21,Non-Binary,62828,562,Savings,13355.45,1,0,0,Medium,63.2,0,0
CUST-00005,Betty Jackson,53,Male,59062,716,Standard Checking,6035.25,0,0,0,High,94.5,0,0
CUST-00006,Daniel Hernandez,82,Female,64236,639,Savings,5570.66,1,0,0,Medium,43.4,0,0
CUST-00007,David Brown,64,Female,73737,636,Premium Checking,20977.95,1,0,1,Medium,61.6,0,0
CUST-00008,Linda Williams,56,Male,35882,802,Premium Checking,72463.56,1,0,0,Low,25,0,0
CUST-00009,Nancy Johnson,55,Female,59047,710,Money Market,107945.69,1,1,0,Medium,33.6,0,0
CUST-00010,Lisa Lopez,61,Male,69847,628,Premium Checking,54814.43,1,0,0,Medium,41.6,0,0
CUST-00011,Sandra Garcia,68,Male,54700,582,Savings,8378.48,1,0,1,None,0,0,1
CUST-00012,Mary Smith,43,Male,36282,811,Standard Checking,6980.9,1,1,0,Low,14.2,0,0
CUST-00013,Barbara Lopez,53,Female,53304,696,Premium Checking,43574.85,1,0,0,Medium,55.3,0,0
CUST-00014,Matthew Taylor,18,Male,16438,649,Standard Checking,894.33,1,0,1,Medium,69.2,0,0
CUST-00015,Anthony Martinez,70,Male,53867,693,Premium Checking,17571.53,1,0,0,Medium,65.1,0,0
CUST-00016,Margaret Thomas,23,Male,25578,650,Savings,2199.51,1,0,0,None,0,0,1
CUST-00017,Joseph Anderson,54,Male,45040,715,Savings,7066.37,1,1,0,Medium,34.6,0,0
CUST-00018,Sandra Jackson,19,Male,36193,561,Money Market,44368.16,1,1,0,High,75,0,0
CUST-00019,Barbara Martin,58,Female,45718,651,Savings,5705.86,1,0,0,High,85.2,0,0
CUST-00020,Matthew Williams,68,Male,20531,606,Standard Checking,14573.68,1,0,1,High,73.6,0,0
CUST-00021,Robert Jackson,64,Male,63489,674,Standard Checking,11477.52,0,0,1,High,86.2,0,0
CUST-00022,Michael Rodriguez,30,Female,70359,613,Standard Checking,2137.16,0,0,0,Low,27.2,0,1
CUST-00023,Michael Moore,83,Female,27367,638,Savings,12145.34,0,0,1,High,90.6,0,0
CUST-00024,Patricia Wilson,76,Male,22582,641,Standard Checking,6661.1,1,0,0,High,75.7,0,0
CUST-00025,Sarah Rodriguez,85,Male,28304,698,Premium Checking,46029.05,1,0,0,Medium,39.1,0,0
CUST-00026,Betty Johnson,76,Male,64670,653,Savings,11407.84,1,0,0,High,83.9,0,0
CUST-00027,Karen Anderson,27,Female,43165,608,Savings,7803.4,1,1,0,High,81,0,0
CUST-00028,Margaret Miller,30,Male,40283,708,Standard Checking,10808.85,1,0,0,High,75.7,0,0
CUST-00029,Barbara Davis,19,Male,41394,825,Standard Checking,14060.63,1,0,0,High,78.8,0,0
CUST-00030,Joseph Williams,32,Male,31904,654,Savings,8098.64,1,0,0,Medium,53.2,0,0
CUST-00031,Susan Taylor,63,Male,52692,771,Money Market,19338.51,1,1,0,Medium,43.9,0,0
CUST-00032,Patricia Moore,74,Female,95192,571,Standard Checking,8545.77,1,0,0,High,79.4,0,0
CUST-00033,Linda Brown,27,Male,28529,626,Money Market,93865.56,1,0,0,Medium,36.1,0,0
CUST-00034,Mary Garcia,39,Male,60965,770,Premium Checking,24530.03,0,0,0,Medium,34.4,0,0
CUST-00035,Nancy Martinez,25,Female,43429,695,Money Market,35754,0,0,0,Low,15.4,0,0
CUST-00036,Patricia Moore,38,Female,43252,629,Savings,9700.19,0,0,1,Medium,58.9,0,0
CUST-00037,Betty Lopez,39,Male,88862,738,Money Market,42515.7,0,0,0,Medium,64.8,0,0
CUST-00038,Mary Martinez,62,Male,73207,607,Savings,7744.35,1,0,0,Medium,68,0,0
CUST-00039,Sandra Brown,57,Male,44813,684,Standard Checking,13381.56,1,1,1,High,88.5,0,0
CUST-00040,Susan Thomas,39,Male,70998,745,Standard Checking,6918.35,0,0,1,Medium,47.6,0,0
CUST-00041,Joseph Davis,47,Male,18901,705,Savings,14960.13,0,0,0,Medium,69.1,0,0
CUST-00042,Susan Davis,79,Male,14883,850,Standard Checking,2090.91,0,0,0,Medium,54,0,0
CUST-00043,Christopher Thomas,62,Female,31398,640,Standard Checking,12866.98,1,0,0,High,77.3,0,0
CUST-00044,Richard Moore,52,Non-Binary,26989,728,Standard Checking,5482.66,1,0,1,Low,11.6,0,0
CUST-00045,Joseph Gonzalez,59,Female,39545,741,Premium Checking,72455.96,1,0,0,High,96.9,0,0
CUST-00046,William Anderson,22,Male,78959,664,Premium Checking,51139.77,0,0,0,High,80.7,0,0
CUST-00047,Richard Smith,44,Female,40199,614,Money Market,130442.67,1,0,0,Low,5.5,0,0
CUST-00048,Matthew Miller,79,Female,71398,761,Money Market,18460.54,0,0,0,High,82.4,0,0
CUST-00049,William Smith,49,Female,70606,644,Money Market,75946.91,1,0,0,Low,22,0,0
CUST-00050,Barbara Davis,25,Female,18598,725,Savings,847.92,0,0,0,None,0,0,1
CUST-00051,Lisa Hernandez,35,Female,63952,709,Money Market,134061.63,1,1,0,Medium,69.4,0,0
CUST-00052,Charles Taylor,32,Male,80794,688,Savings,433.81,0,0,0,Medium,63,0,0
CUST-00053,Linda Williams,43,Male,83654,774,Money Market,61936.79,1,1,0,Medium,39.9,0,0
CUST-00054,John Smith,70,Male,42931,703,Standard Checking,4888.92,0,0,0,Medium,50.5,0,0
CUST-00055,Anthony Jones,61,Male,47201,723,Money Market,88689.91,1,0,0,Medium,53.5,0,0
CUST-00056,Elizabeth Miller,49,Male,48770,708,Standard Checking,11305.61,1,0,1,Medium,58.8,0,0
CUST-00057,Betty Rodriguez,45,Male,43755,685,Premium Checking,53832.39,1,0,0,High,85.2,0,0
CUST-00058,Margaret Miller,56,Female,27177,653,Premium Checking,18010.98,1,1,0,High,71.8,0,0
CUST-00059,William Davis,49,Female,30453,678,Premium Checking,24560.69,0,0,0,High,82.9,0,0
CUST-00060,Barbara Johnson,35,Male,62130,723,Savings,6284.33,0,0,0,High,99.7,0,0
CUST-00061,James Thomas,28,Male,42551,712,Premium Checking,40400.67,0,0,0,Medium,45.1,0,0
CUST-00062,Daniel Jones,49,Female,48286,721,Savings,5434.41,0,0,1,High,94.5,1,0
CUST-00063,John Lopez,37,Female,79272,850,Premium Checking,16113.76,1,0,0,High,88.6,0,0
CUST-00064,Linda Williams,57,Male,47699,644,Standard Checking,1385.92,0,0,0,Medium,65.3,0,0
CUST-00065,James Williams,25,Male,25937,569,Savings,8879.57,1,0,0,Medium,38.8,0,0
CUST-00066,Robert Anderson,52,Male,138413,651,Premium Checking,61632.05,1,0,0,Medium,68.6,0,0
CUST-00067,Susan Williams,38,Male,39565,655,Premium Checking,70680.39,1,0,1,High,75.1,0,0
CUST-00068,James Jones,41,Female,38438,710,Standard Checking,1457,1,0,0,High,74.1,0,0
CUST-00069,Betty Wilson,34,Female,52973,662,Premium Checking,7819.67,0,0,0,Medium,34.7,0,0
CUST-00070,Michael Rodriguez,35,Male,42809,731,Savings,9758.26,0,0,0,Low,6.7,0,0
CUST-00071,Joseph Anderson,29,Female,44539,626,Standard Checking,80.62,1,0,0,High,73.2,0,1
CUST-00072,Betty Martinez,33,Female,34566,720,Premium Checking,74223.62,1,0,1,Low,14.3,0,0
CUST-00073,Margaret Gonzalez,21,Female,74662,578,Standard Checking,14611.05,1,0,1,Low,24.2,0,0
CUST-00074,Charles Miller,51,Non-Binary,80332,679,Premium Checking,70387.46,1,1,1,Medium,63.9,0,0
CUST-00075,Thomas Martin,63,Male,114097,623,Standard Checking,13408.28,1,0,0,Medium,40.7,0,0
CUST-00076,Mark Brown,48,Male,122829,654,Savings,1661.88,1,0,0,Medium,53.2,0,0
CUST-00077,Sandra Jones,42,Female,17110,536,Standard Checking,744.84,0,0,0,Low,15.9,0,1
CUST-00078,Daniel Miller,41,Female,62362,739,Money Market,40863.69,1,0,0,Low,25.3,0,0
CUST-00079,Richard Anderson,82,Non-Binary,25434,653,Premium Checking,64839.62,1,1,0,Medium,34.9,0,0
CUST-00080,David Brown,42,Female,87493,672,Premium Checking,53981.63,0,0,0,Medium,38.8,0,0
CUST-00081,Richard Miller,45,Male,54034,709,Savings,2821.32,0,0,0,High,70.5,0,0
CUST-00082,Anthony Jackson,53,Male,31919,628,Standard Checking,3960.18,0,0,0,Medium,41.4,0,0
CUST-00083,Nancy Johnson,23,Female,26053,645,Standard Checking,7208.44,1,1,0,High,97.8,0,0
CUST-00084,Elizabeth Gonzalez,83,Female,33144,556,Savings,5220.76,1,0,0,Medium,69.3,0,1
CUST-00085,Sandra Garcia,84,Female,30750,657,Money Market,126961.5,1,0,0,Medium,40.4,0,0
CUST-00086,Margaret Lopez,65,Male,89410,787,Savings,4992.09,0,0,0,Medium,46.7,0,0
CUST-00087,Barbara Martin,84,Female,47652,699,Standard Checking,3948.51,0,0,1,None,0,0,1
CUST-00088,Sandra Hernandez,65,Female,27953,574,Savings,7601.26,1,0,0,Medium,39.3,0,0
CUST-00089,Betty Miller,82,Male,56853,709,Premium Checking,18077.65,1,0,0,High,98.4,1,0
CUST-00090,Sandra Smith,61,Male,56344,769,Savings,10291.72,1,0,1,Medium,45.9,0,0
CUST-00091,James Martin,80,Female,43152,609,Standard Checking,4446.14,1,0,1,Medium,42.4,0,0
CUST-00092,Richard Rodriguez,63,Female,86103,664,Money Market,50144.03,1,0,0,Low,6.1,0,0
CUST-00093,John Miller,36,Male,62030,667,Standard Checking,4603.66,0,0,0,Medium,63,0,0
CUST-00094,Jennifer Davis,81,Male,59607,688,Standard Checking,6917.22,1,0,0,Low,22.5,0,0
CUST-00095,Anthony Rodriguez,67,Male,18559,687,Standard Checking,13319.78,1,0,0,Medium,63.6,0,0
CUST-00096,Sandra Jones,80,Male,39465,724,Standard Checking,10326.57,1,0,0,High,71.9,1,0
CUST-00097,James Jackson,58,Male,65117,671,Standard Checking,2701.79,1,0,0,Medium,47.3,0,0
CUST-00098,Elizabeth Lopez,24,Female,56487,766,Standard Checking,10106.2,1,0,0,Medium,37.1,0,0
CUST-00099,Lisa Anderson,26,Male,48997,545,Savings,2339.39,0,0,0,Medium,60.2,0,1
CUST-00100,Anthony Rodriguez,21,Female,66362,599,Savings,4813.46,0,0,0,High,76.4,0,0
CUST-00101,Karen Taylor,66,Male,58941,784,Savings,6973.96,1,1,0,Medium,58.9,0,0
CUST-00102,Sandra Taylor,23,Male,70394,646,Standard Checking,9560.55,1,0,1,High,93.8,0,0
CUST-00103,Betty Martin,38,Female,57312,718,Standard Checking,7077.69,1,0,0,Medium,53.7,1,0
CUST-00104,Barbara Miller,32,Female,68877,670,Standard Checking,8773.86,1,0,0,Low,26.1,0,0
CUST-00105,Mary Williams,84,Male,67166,746,Premium Checking,14889.11,0,0,0,Medium,65.8,0,0
CUST-00106,Thomas Jones,83,Female,47009,708,Money Market,140939.99,1,0,0,High,84,0,0
CUST-00107,Thomas Taylor,73,Male,48264,850,Premium Checking,45112.72,0,0,1,Medium,55.5,0,0
CUST-00108,Anthony Taylor,85,Male,50958,678,Savings,7622.89,1,0,0,None,0,0,1
CUST-00109,Mary Johnson,49,Female,26313,650,Money Market,33039.61,0,0,1,Medium,34,0,0
CUST-00110,Margaret Jones,83,Female,22642,769,Standard Checking,6609.09,1,0,0,Medium,64.2,0,0
CUST-00111,James Smith,46,Male,63059,727,Standard Checking,14492.28,0,0,0,High,77.1,0,0
CUST-00112,Charles Johnson,83,Male,64773,623,Savings,1211.55,1,0,0,Medium,65.6,0,1
CUST-00113,Christopher Lopez,51,Female,48397,741,Premium Checking,26281.98,0,0,1,None,0,0,0
CUST-00114,Betty Garcia,44,Male,58558,694,Standard Checking,3915.15,1,0,0,Medium,30,0,0
CUST-00115,Daniel Brown,77,Female,68062,686,Standard Checking,4265.12,1,0,1,High,76.6,0,0
CUST-00116,Daniel Hernandez,56,Male,60950,710,Standard Checking,4156.16,1,0,1,Low,12.5,0,0
CUST-00117,Lisa Taylor,61,Female,64877,736,Savings,9088.85,1,0,1,Low,5.1,0,0
CUST-00118,Jennifer Jones,53,Male,25641,693,Standard Checking,13411.77,1,0,0,Medium,58.1,0,0
CUST-00119,Karen Johnson,36,Non-Binary,111626,661,Standard Checking,1055.92,1,0,1,High,76.2,0,0
CUST-00120,Jennifer Hernandez,62,Male,57622,826,Savings,12489.12,0,0,0,High,73.8,0,0
CUST-00121,Jessica Thomas,38,Female,78262,677,Premium Checking,36800.4,1,1,1,Medium,39.8,0,0
CUST-00122,James Rodriguez,40,Male,65662,773,Savings,8860.19,0,0,0,Medium,52.8,0,0
CUST-00123,Margaret Garcia,44,Male,29277,640,Money Market,99262.65,1,1,0,Medium,60.1,0,0
CUST-00124,Jessica Williams,36,Male,34781,620,Standard Checking,8450.43,1,0,0,Low,13.4,1,0
CUST-00125,Karen Brown,58,Female,37705,747,Standard Checking,1459.89,0,0,0,Medium,61.2,0,0
CUST-00126,Charles Williams,43,Male,87067,662,Standard Checking,7284.57,1,1,0,Medium,60.7,0,0
CUST-00127,Charles Martin,45,Male,30294,544,Standard Checking,988.77,1,0,0,Medium,41.5,0,1
CUST-00128,Michael Martin,81,Male,26199,665,Standard Checking,88.55,1,0,0,Low,14.1,1,0
CUST-00129,William Smith,85,Female,60756,715,Savings,3065.53,1,0,0,Medium,40.8,0,0
CUST-00130,Linda Miller,68,Male,117757,631,Money Market,16177.67,1,0,0,High,75,0,0
CUST-00131,Sarah Davis,65,Male,32182,622,Savings,10313.52,0,0,0,Low,9.2,0,0
CUST-00132,James Hernandez,27,Female,100384,693,Savings,5795.42,1,1,0,Medium,68.6,0,0
CUST-00133,Margaret Moore,56,Female,71195,600,Savings,7365.93,1,0,0,Low,23.1,0,0
CUST-00134,Daniel Martinez,36,Male,39704,701,Standard Checking,8995.82,0,0,1,Medium,63.1,0,0
CUST-00135,John Miller,81,Female,25302,752,Standard Checking,560.68,0,0,0,None,0,0,1
CUST-00136,Margaret Thomas,36,Male,41413,771,Savings,5250.91,1,0,0,High,71.2,0,0
CUST-00137,Betty Thomas,79,Male,33006,634,Standard Checking,6431.41,0,0,0,High,73.5,0,0
CUST-00138,Matthew Martin,30,Female,89335,804,Savings,3962,1,0,0,None,0,0,0
CUST-00139,Margaret Taylor,42,Female,48207,721,Premium Checking,45685.68,1,1,1,Low,20.9,0,0
CUST-00140,Mary Smith,59,Male,62357,632,Standard Checking,7423.24,1,0,0,Medium,64.7,0,0
CUST-00141,Jessica Lopez,56,Male,62558,650,Savings,8846.7,1,0,0,Low,13.7,0,0
CUST-00142,Robert Jones,47,Male,35598,631,Savings,4393.36,1,0,1,Medium,61.1,0,0
CUST-00143,Anthony Rodriguez,22,Female,50823,536,Standard Checking,10483.86,0,0,0,Medium,38.5,0,0
CUST-00144,William Williams,35,Female,80870,779,Savings,12914.14,1,0,0,Medium,38.9,0,0
CUST-00145,Charles Thomas,38,Male,47193,695,Standard Checking,2043.29,1,0,0,Medium,66.6,0,0
CUST-00146,Jessica Williams,67,Female,42921,725,Standard Checking,4388.69,1,0,0,None,0,0,1
CUST-00147,Karen Smith,23,Male,69227,686,Savings,5226.15,1,0,0,Medium,63.7,0,0
CUST-00148,Lisa Martin,67,Female,25588,574,Savings,1624.54,1,0,0,High,85.7,0,1
CUST-00149,David Taylor,83,Male,16289,704,Standard Checking,9189.52,1,0,0,Medium,32,0,0
CUST-00150,Linda Brown,18,Female,56614,746,Standard Checking,3199.78,0,0,0,Medium,36.4,0,0
CUST-00151,Jennifer Davis,74,Male,81812,746,Standard Checking,13609.01,1,0,0,Medium,51.6,0,0
CUST-00152,Karen Williams,47,Female,120680,756,Standard Checking,2112.51,0,1,0,None,0,0,1
CUST-00153,Jessica Williams,75,Male,54075,683,Money Market,105546.59,0,0,0,None,0,0,0
CUST-00154,Matthew Moore,69,Male,74021,514,Savings,9877.87,0,1,1,Medium,38.8,0,1
CUST-00155,Susan Moore,54,Female,94755,727,Savings,7054.83,0,0,0,High,91.7,0,0
CUST-00156,Mary Williams,65,Male,49796,685,Savings,7770.27,1,0,0,Medium,54.8,0,0
CUST-00157,Jessica Rodriguez,18,Male,35574,819,Savings,2435.87,1,0,1,Medium,64.7,0,0
CUST-00158,Patricia Smith,36,Female,33790,812,Savings,481.08,0,0,0,Low,19.3,0,0
CUST-00159,Patricia Smith,63,Female,42305,757,Standard Checking,14150.66,0,1,1,High,83.2,0,0
CUST-00160,Susan Thomas,84,Male,101183,583,Premium Checking,32200.19,1,0,0,High,91.7,0,0
CUST-00161,Karen Davis,19,Male,78129,602,Savings,8659.19,0,0,0,Medium,33.6,0,0
CUST-00162,Michael Williams,73,Male,43945,716,Premium Checking,47319.43,0,1,1,High,96.1,0,0
CUST-00163,Thomas Smith,34,Female,91380,598,Savings,126.88,1,1,0,Low,16.9,0,1
CUST-00164,Jessica Lopez,39,Male,61475,741,Money Market,61128.17,0,0,0,Low,5.3,0,0
CUST-00165,Anthony Jackson,44,Male,43977,744,Savings,4605.39,0,0,0,Medium,65,0,0
CUST-00166,Nancy Wilson,72,Female,53557,789,Standard Checking,3166.36,1,1,0,Medium,32.9,0,0
CUST-00167,Sandra Garcia,49,Male,59951,756,Savings,2522.23,1,0,0,High,86.5,0,0
CUST-00168,Jennifer Gonzalez,77,Male,52489,652,Savings,5684.92,0,0,1,None,0,1,1
CUST-00169,Charles Davis,45,Female,117068,675,Standard Checking,2203.1,1,0,0,High,75.3,0,0
CUST-00170,Anthony Johnson,45,Male,45484,620,Standard Checking,2967.97,1,0,0,Medium,33.9,0,0
CUST-00171,Christopher Smith,42,Female,24558,698,Premium Checking,15832.02,0,0,0,Medium,63.1,0,0
CUST-00172,Margaret Anderson,43,Female,57312,527,Savings,3632.83,1,0,0,Medium,42.1,0,1
CUST-00173,James Jones,34,Male,42373,659,Savings,1204.25,1,0,0,Low,26.3,0,0
CUST-00174,Margaret Thomas,24,Male,25051,728,Savings,12980.21,0,0,0,High,97.3,0,0
CUST-00175,Charles Brown,73,Female,68336,723,Standard Checking,6528.93,1,0,0,Low,28.8,0,0
CUST-00176,John Taylor,81,Female,8072,740,Standard Checking,12459.16,1,0,0,High,81,0,0
CUST-00177,Thomas Lopez,37,Male,56627,605,Standard Checking,823.82,1,0,0,Medium,48.2,0,1
CUST-00178,Margaret Wilson,55,Male,14993,590,Savings,9572.54,0,0,0,Low,8.4,0,0
CUST-00179,Christopher Garcia,75,Female,49147,721,Standard Checking,12286.81,0,0,1,Low,18.1,0,0
CUST-00180,John Rodriguez,33,Male,64650,613,Standard Checking,10460.57,0,0,0,Medium,39.9,0,0
CUST-00181,Robert Taylor,68,Female,70690,598,Standard Checking,12654.68,0,1,0,Medium,42.5,0,0
CUST-00182,Susan Williams,44,Female,73440,694,Standard Checking,1727.81,1,0,1,Medium,68.8,0,0
CUST-00183,Margaret Smith,68,Male,28931,678,Standard Checking,2611.45,0,0,0,High,87.2,0,0
CUST-00184,Karen Smith,33,Female,53899,847,Savings,2430.72,0,0,0,Medium,33.8,0,0
CUST-00185,John Moore,77,Female,34526,706,Standard Checking,9537.03,0,0,0,High,94.5,1,0
CUST-00186,Matthew Martinez,57,Male,33544,692,Standard Checking,14959.73,1,1,1,Medium,66.1,0,0
CUST-00187,Nancy Williams,84,Female,46392,640,Savings,6256.19,0,0,0,Medium,55.4,0,0
CUST-00188,Linda Wilson,19,Female,39717,737,Premium Checking,61995.58,0,0,0,Low,20,0,0
CUST-00189,Lisa Moore,65,Male,29198,677,Premium Checking,46770.17,1,0,0,Medium,66.8,0,0
CUST-00190,Joseph Johnson,69,Male,57581,643,Standard Checking,12188.54,1,0,0,Medium,45.7,0,0
CUST-00191,Anthony Martinez,41,Female,64489,665,Standard Checking,7222.89,1,0,1,Medium,65.6,0,0
CUST-00192,Mary Taylor,19,Female,31869,656,Savings,4807.05,0,0,1,High,72.2,0,0
CUST-00193,Linda Smith,82,Female,44703,674,Standard Checking,887.35,0,0,0,Medium,64.9,0,0
CUST-00194,William Hernandez,37,Female,45088,837,Standard Checking,7210.74,1,1,0,Medium,58.8,0,0
CUST-00195,Nancy Thomas,51,Male,45454,724,Premium Checking,55494.32,1,0,1,Low,6.4,0,0
CUST-00196,Michael Martinez,58,Female,47650,667,Standard Checking,7241.51,1,0,1,High,90.1,0,0
CUST-00197,Daniel Williams,58,Male,56629,676,Savings,74.35,0,0,1,None,0,0,1
CUST-00198,Sarah Gonzalez,40,Male,87896,582,Standard Checking,11941.37,0,0,0,Medium,66,0,0
CUST-00199,Margaret Miller,55,Male,52317,553,Standard Checking,1978.78,0,0,0,Medium,34.9,0,1
CUST-00200,Matthew Brown,61,Female,37986,732,Premium Checking,31578.07,1,0,0,Medium,38,0,0
CUST-00201,Richard Martin,84,Male,48726,730,Premium Checking,8731.94,0,0,0,High,76.7,0,0
CUST-00202,James Davis,79,Male,28809,708,Savings,2954.94,1,0,1,Medium,46.8,0,0
CUST-00203,Susan Thomas,29,Male,31301,784,Standard Checking,10764.01,0,1,0,High,84.3,0,0
CUST-00204,Susan Lopez,47,Male,60852,695,Standard Checking,14113.22,0,0,0,High,93.7,0,0
CUST-00205,Charles Anderson,82,Female,10250,737,Standard Checking,1800.31,0,0,0,Low,23.7,0,0
CUST-00206,Margaret Johnson,58,Non-Binary,43985,674,Savings,5880.6,1,0,1,Low,8.4,0,0
CUST-00207,Mary Jackson,37,Female,77965,505,Standard Checking,9041.31,0,0,0,Medium,30.1,0,1
CUST-00208,Matthew Taylor,23,Female,59993,761,Savings,7115.86,0,0,1,High,95.3,0,0
CUST-00209,Karen Martinez,21,Female,75378,612,Premium Checking,60622.22,1,0,1,High,83.4,0,0
CUST-00210,Jennifer Anderson,27,Female,57986,698,Premium Checking,71827.55,1,1,0,Medium,32.4,0,0
CUST-00211,Nancy Hernandez,68,Female,132724,630,Standard Checking,8315.17,0,0,0,High,77.5,0,0
CUST-00212,Margaret Jones,55,Male,26490,698,Standard Checking,7648.67,0,0,0,High,77.4,0,0
CUST-00213,James Davis,18,Male,51937,796,Standard Checking,14871.8,1,0,0,High,78,0,0
CUST-00214,Christopher Lopez,25,Male,70525,721,Standard Checking,6982.85,0,0,1,Medium,50,0,0
CUST-00215,Barbara Jones,80,Male,39697,737,Standard Checking,13273.57,1,0,1,High,86.4,0,0
CUST-00216,Michael Brown,50,Male,88375,667,Money Market,98398.46,1,0,0,Medium,54.4,0,0
CUST-00217,Jennifer Gonzalez,32,Female,66322,660,Money Market,49061.48,1,0,0,High,81.3,0,0
CUST-00218,Karen Anderson,48,Female,23250,658,Standard Checking,4520.41,1,0,0,High,83.4,0,0
CUST-00219,John Davis,38,Male,58750,733,Standard Checking,14134.65,0,0,1,Low,26,0,0
CUST-00220,Karen Thomas,20,Male,66441,682,Standard Checking,8688.29,0,0,0,High,84.9,0,0
CUST-00221,Richard Moore,83,Female,110892,728,Savings,2919.71,1,0,1,Low,29.5,0,0
CUST-00222,Margaret Martinez,52,Male,44814,667,Savings,3871.87,0,0,0,High,90.4,0,0
CUST-00223,Sandra Jackson,58,Male,64826,751,Premium Checking,29074.39,1,0,0,High,86.2,1,0
CUST-00224,Thomas Jackson,76,Female,55760,728,Premium Checking,70494.78,1,0,0,Medium,55,0,0
CUST-00225,Margaret Jones,33,Male,37008,687,Premium Checking,55125.85,0,0,0,Medium,53.2,0,0
CUST-00226,Betty Rodriguez,73,Female,41167,727,Standard Checking,4710.52,1,0,0,Medium,40.8,0,0
CUST-00227,Barbara Smith,62,Female,16376,752,Standard Checking,3466.28,1,0,1,None,0,0,1
CUST-00228,Betty Smith,76,Female,38701,809,Savings,927.96,1,0,0,Medium,56.1,0,0
CUST-00229,Joseph Johnson,67,Male,107534,630,Savings,12707.17,0,0,0,High,78.6,0,0
CUST-00230,Sandra Thomas,29,Male,44970,741,Savings,9727.37,1,0,0,High,73.5,0,0
CUST-00231,Matthew Davis,29,Male,74777,728,Money Market,131971.85,1,0,0,Low,22.3,0,0
CUST-00232,Richard Smith,50,Male,54935,744,Savings,377.77,1,1,0,High,93.7,0,0
CUST-00233,Jessica Miller,66,Male,60610,647,Standard Checking,13832.96,0,0,0,Medium,42.2,0,0
CUST-00234,Robert Williams,38,Female,132875,687,Standard Checking,7874.65,1,0,0,Medium,53,0,0
CUST-00235,Barbara Thomas,77,Female,39964,647,Premium Checking,55402.41,1,1,0,High,87.6,0,0
CUST-00236,Charles Jones,69,Female,39826,704,Standard Checking,3816.37,0,1,1,None,0,0,1
CUST-00237,Nancy Wilson,71,Male,84427,619,Savings,2217.3,1,0,0,Medium,50,0,0
CUST-00238,Margaret Jones,56,Female,47086,775,Standard Checking,3434.16,1,0,0,High,99.1,0,0
CUST-00239,Joseph Taylor,66,Male,42774,689,Money Market,143661.09,1,1,0,Low,29.3,0,0
CUST-00240,Sandra Wilson,81,Male,78974,800,Money Market,46997,1,0,0,Medium,31.5,0,0
CUST-00241,Sandra Martin,43,Female,55786,633,Standard Checking,3957.18,0,0,0,High,70.1,0,0
CUST-00242,Robert Lopez,24,Male,45449,694,Premium Checking,33438.08,0,0,0,Medium,61.5,0,0
CUST-00243,Jessica Thomas,79,Female,41322,687,Savings,9649.14,0,0,0,Medium,39.5,0,0
CUST-00244,Christopher Miller,41,Female,32159,726,Standard Checking,11688.34,0,0,0,High,91.6,0,0
CUST-00245,Patricia Smith,57,Male,22606,733,Savings,13249.89,1,0,0,Medium,34.6,0,0
CUST-00246,Sandra Jones,64,Non-Binary,85454,586,Savings,2425.24,1,0,0,Low,19.9,0,1
CUST-00247,Daniel Martinez,25,Male,39651,763,Standard Checking,9680.72,0,0,0,Medium,31.7,0,0
CUST-00248,Nancy Jones,71,Female,20914,742,Standard Checking,1739.92,1,0,0,Low,10,0,0
CUST-00249,Patricia Johnson,26,Male,119567,575,Savings,3557.76,0,1,0,High,99.9,0,1
CUST-00250,Karen Martinez,20,Male,51191,780,Savings,8572.07,1,0,1,Medium,65.9,0,0
CUST-00251,Betty Jackson,71,Male,49571,591,Savings,14212.59,0,0,1,Low,21.5,0,0
CUST-00252,Betty Smith,38,Female,22166,699,Standard Checking,9149.47,1,0,0,High,72.4,0,0
CUST-00253,Lisa Jones,65,Female,65547,659,Savings,13144.64,1,0,1,High,99.5,0,0
CUST-00254,Richard Brown,64,Female,37588,667,Premium Checking,61040.14,1,0,1,Medium,37,0,0
CUST-00255,Jessica Thomas,85,Female,37630,655,Premium Checking,62529.39,1,0,0,Medium,40.4,0,0
CUST-00256,Daniel Johnson,80,Female,60288,716,Savings,3360.98,1,1,0,High,84.2,0,0
CUST-00257,Thomas Martin,33,Male,52071,617,Standard Checking,7318.57,1,0,0,Medium,34.5,0,0
CUST-00258,Lisa Lopez,22,Female,30149,745,Standard Checking,12075.88,1,0,1,High,91.8,0,0
CUST-00259,Sarah Williams,28,Male,24049,717,Premium Checking,32764.21,0,0,1,Medium,66.9,0,0
CUST-00260,Margaret Smith,46,Male,53246,668,Money Market,76670.3,0,1,0,Low,19.6,0,0
CUST-00261,James Jackson,65,Male,50985,741,Standard Checking,10038.09,1,0,0,Medium,51.9,0,0
CUST-00262,David Jones,32,Male,180414,644,Premium Checking,39309.44,1,0,0,Medium,49.9,0,0
CUST-00263,Barbara Williams,51,Female,15931,677,Standard Checking,13967.85,1,0,1,High,86.6,0,0
CUST-00264,James Smith,77,Male,52765,574,Savings,13940.48,0,0,0,Low,28.3,0,0
CUST-00265,Linda Martinez,79,Female,21774,640,Standard Checking,12680.28,1,0,1,Low,27.6,0,0
CUST-00266,David Lopez,19,Female,39839,618,Savings,2969.83,1,0,0,High,96.6,0,0
CUST-00267,Mark Gonzalez,36,Male,39583,556,Standard Checking,1756.39,0,0,1,None,0,0,1
CUST-00268,Barbara Wilson,66,Female,64279,669,Standard Checking,13367.77,0,0,0,Medium,66.8,0,0
CUST-00269,Mary Jackson,45,Female,65184,672,Standard Checking,7265.24,1,0,0,Low,23.6,0,0
CUST-00270,Sarah Williams,65,Male,96993,700,Savings,13164.7,1,0,1,Medium,65.7,0,0
CUST-00271,Daniel Taylor,54,Female,55452,720,Standard Checking,12843.02,1,1,0,Medium,32.9,0,0
CUST-00272,Betty Davis,66,Male,80227,664,Standard Checking,12898.42,0,0,0,None,0,0,0
CUST-00273,Mark Martinez,65,Male,97523,714,Premium Checking,10651.29,1,0,0,None,0,0,0
CUST-00274,Betty Johnson,46,Male,55771,742,Standard Checking,9900.05,1,0,0,High,97.3,0,0
CUST-00275,Charles Rodriguez,77,Female,88190,756,Standard Checking,14086.03,0,0,0,Medium,45.7,0,0
CUST-00276,Michael Brown,46,Female,54529,720,Savings,5061.61,1,0,1,High,92.1,0,0
CUST-00277,Betty Moore,75,Male,48851,714,Savings,9907.43,1,0,0,None,0,0,0
CUST-00278,Richard Hernandez,65,Male,35520,611,Standard Checking,5525.21,1,0,0,Low,27.9,0,0
CUST-00279,Mark Brown,40,Female,59338,736,Standard Checking,4000.89,1,0,0,Low,20.7,0,0
CUST-00280,Matthew Brown,44,Female,58189,610,Standard Checking,12225.37,1,0,0,None,0,0,1
CUST-00281,Elizabeth Jones,24,Female,58578,702,Money Market,102496.31,1,0,0,Medium,69.6,0,0
CUST-00282,William Williams,66,Male,86688,726,Savings,1672.2,0,0,0,High,95.5,0,0
CUST-00283,Thomas Williams,71,Male,77154,710,Savings,4155.45,1,0,1,Medium,62.7,0,0
CUST-00284,Jessica Brown,85,Female,23452,495,Savings,6735.45,1,0,0,Medium,46.6,0,1
CUST-00285,Sarah Taylor,59,Male,23677,736,Money Market,144586.75,0,0,1,Medium,59.4,0,0
CUST-00286,Michael Jones,76,Male,52140,785,Money Market,143450.29,1,0,0,High,94.8,1,0
CUST-00287,Barbara Taylor,61,Male,30088,569,Standard Checking,13612.25,0,0,1,Medium,58.8,0,0
CUST-00288,Daniel Gonzalez,43,Female,46727,692,Standard Checking,8270.2,1,0,0,High,81.7,0,0
CUST-00289,Daniel Williams,40,Male,31081,666,Premium Checking,69372.74,0,0,0,Medium,35.5,1,0
CUST-00290,William Taylor,25,Male,51445,683,Standard Checking,3804.58,1,0,1,Low,20,0,0
CUST-00291,Thomas Martin,70,Female,29455,769,Premium Checking,70430.66,0,0,1,High,88.2,0,0
CUST-00292,Jessica Gonzalez,31,Female,59928,696,Standard Checking,517.38,1,0,0,None,0,0,1
CUST-00293,Anthony Jackson,24,Female,28712,611,Money Market,118919.66,0,0,0,Medium,50,0,0
CUST-00294,Thomas Brown,26,Male,52465,633,Savings,11710.23,0,0,0,Low,15.4,0,0
CUST-00295,Barbara Rodriguez,20,Female,21090,625,Premium Checking,67237.31,1,1,0,High,75.7,0,0
CUST-00296,Charles Lopez,34,Male,27856,549,Premium Checking,12226.81,0,0,0,High,82.1,0,0
CUST-00297,William Miller,61,Female,69766,641,Premium Checking,22573.82,0,0,0,None,0,1,0
CUST-00298,Margaret Wilson,63,Female,93062,727,Savings,8615.2,0,0,0,None,0,0,0
CUST-00299,Karen Jackson,75,Male,77318,703,Premium Checking,53194.07,1,0,0,High,83.1,1,0
CUST-00300,Betty Anderson,45,Male,71604,691,Premium Checking,32168.95,1,0,0,Medium,34.2,0,0
CUST-00301,Jessica Jones,31,Male,102826,659,Savings,9188.68,1,0,1,Medium,61.5,0,0
CUST-00302,John Lopez,26,Male,79443,674,Savings,7303.83,0,0,0,High,73.1,0,0
CUST-00303,Matthew Martin,43,Male,22801,717,Savings,5498.89,0,0,1,Medium,42.3,0,0
CUST-00304,Anthony Brown,19,Female,78956,739,Standard Checking,3691.25,1,0,0,Medium,46.7,0,0
CUST-00305,Christopher Thomas,51,Male,78335,700,Premium Checking,28314.18,0,1,0,High,79.3,0,0
CUST-00306,Matthew Miller,36,Female,19215,603,Standard Checking,576.43,0,0,0,Medium,54.8,0,1
CUST-00307,Richard Martinez,56,Male,35009,649,Premium Checking,59711.45,0,0,0,Medium,45.9,0,0
CUST-00308,Betty Miller,30,Male,107959,710,Savings,7906.59,1,0,0,Medium,45,0,0
CUST-00309,Susan Jones,22,Male,45945,633,Standard Checking,2258.38,1,0,0,High,93.1,0,0
CUST-00310,John Hernandez,67,Female,27711,636,Standard Checking,1460.69,1,1,0,Low,20.6,0,0
CUST-00311,David Moore,40,Female,75492,728,Savings,1411.38,0,0,1,High,96.7,0,0
CUST-00312,Joseph Lopez,46,Female,42711,735,Premium Checking,27772.57,1,0,1,High,73.9,0,0
CUST-00313,William Martinez,43,Male,40410,612,Savings,476.42,1,0,0,Medium,30.8,0,1
CUST-00314,Betty Lopez,74,Male,75874,585,Standard Checking,11487.37,0,0,0,High,88.9,0,0
CUST-00315,Thomas Garcia,18,Female,59987,595,Premium Checking,24184.78,1,0,0,High,98.4,0,0
CUST-00316,Michael Wilson,45,Female,46210,726,Savings,4351.16,1,0,1,High,84.1,0,0
CUST-00317,Richard Davis,79,Female,57842,620,Savings,6942.01,0,1,0,Low,12.7,0,0
CUST-00318,Elizabeth Rodriguez,64,Male,44916,642,Money Market,129431.02,1,1,0,Medium,63.4,1,0
CUST-00319,Sarah Johnson,76,Female,77416,593,Savings,10473.78,0,0,1,Medium,57.5,0,0
CUST-00320,Robert Jones,48,Male,24133,681,Standard Checking,4498.25,0,0,1,Medium,50,0,0
CUST-00321,Jennifer Jackson,66,Male,44522,663,Standard Checking,9330.3,0,0,1,Medium,48.8,0,0
CUST-00322,Linda Thomas,22,Male,39864,711,Savings,5645.67,0,0,1,None,0,0,1
CUST-00323,Richard Smith,48,Female,57114,703,Premium Checking,28770.43,1,0,0,High,84.1,0,0
CUST-00324,Nancy Martin,54,Female,27907,543,Premium Checking,30300.14,1,0,0,High,71.9,0,0
CUST-00325,Thomas Miller,32,Male,103769,704,Savings,7803.49,1,0,0,Medium,47.7,0,0
CUST-00326,Matthew Gonzalez,69,Male,33829,673,Savings,6112.55,1,0,0,Medium,62,0,0
CUST-00327,Patricia Brown,28,Male,83232,766,Savings,4953.58,1,0,0,Low,15.5,0,0
CUST-00328,Jennifer Jackson,60,Male,66342,622,Standard Checking,9850.86,1,0,0,Low,21.7,0,0
CUST-00329,Mark Lopez,40,Male,54577,718,Standard Checking,9419.08,0,0,1,Medium,47.1,0,0
CUST-00330,Nancy Miller,57,Male,55448,686,Standard Checking,1295.65,0,1,0,Low,18.6,0,0
CUST-00331,Anthony Martinez,80,Female,19373,620,Savings,10136.22,0,0,0,Medium,61,0,0
CUST-00332,Betty Jackson,19,Male,38097,754,Standard Checking,6808.97,0,0,0,Low,28.4,0,0
CUST-00333,Michael Williams,64,Male,249061,708,Standard Checking,14610.93,0,0,0,High,96.8,0,0
CUST-00334,Richard Gonzalez,47,Female,54531,656,Savings,7053.08,0,0,0,None,0,0,1
CUST-00335,Sarah Martin,33,Male,60196,619,Standard Checking,14153.07,0,1,0,High,97.2,1,0
CUST-00336,Margaret Davis,76,Female,18786,760,Money Market,105921.17,1,0,1,High,88,0,0
CUST-00337,Mark Rodriguez,64,Male,43404,740,Savings,14518.01,1,0,0,High,74.7,0,0
CUST-00338,Michael Smith,47,Female,41013,680,Money Market,81681.12,1,0,0,High,84.8,0,0
CUST-00339,John Gonzalez,26,Male,33851,678,Savings,5018.16,0,0,0,Low,15.3,0,0
CUST-00340,Margaret Taylor,82,Female,65332,601,Standard Checking,8845.91,1,0,0,Medium,58,0,0
CUST-00341,Matthew Smith,76,Male,39597,775,Premium Checking,7824.74,1,0,0,None,0,0,0
CUST-00342,Jennifer Garcia,81,Female,34120,601,Money Market,111297.54,0,0,0,Low,25.1,0,0
CUST-00343,Betty Lopez,25,Male,23502,743,Standard Checking,4073.43,1,1,1,High,98,0,0
CUST-00344,Richard Gonzalez,69,Female,28200,821,Standard Checking,2284.19,0,0,1,Low,8,0,0
CUST-00345,Mark Anderson,35,Male,29981,626,Premium Checking,44907.2,1,0,1,Medium,43.7,0,0
CUST-00346,Christopher Thomas,75,Female,41307,645,Premium Checking,42688.02,1,0,0,Medium,33.8,0,0
CUST-00347,Nancy Hernandez,66,Female,38276,624,Money Market,135412.88,0,0,1,Low,8.1,0,0
CUST-00348,Margaret Jones,49,Male,35832,766,Standard Checking,7510.54,1,0,0,High,91.8,0,0
CUST-00349,Patricia Williams,65,Male,21122,689,Standard Checking,6165.25,0,1,0,High,74.2,0,0
CUST-00350,Charles Martin,62,Male,29649,576,Premium Checking,29890.71,0,0,0,High,92.2,0,0
CUST-00351,Matthew Moore,71,Male,52255,604,Standard Checking,1140.43,1,0,0,High,81.2,0,1
CUST-00352,Joseph Rodriguez,63,Male,101675,726,Savings,12902.97,1,1,0,Low,15,0,0
CUST-00353,Thomas Wilson,48,Non-Binary,109132,628,Money Market,88001.9,1,0,0,Medium,47.3,0,0
CUST-00354,Joseph Smith,54,Female,133235,556,Premium Checking,7674.71,1,0,0,Low,25.3,0,1
CUST-00355,Christopher Williams,33,Female,55918,719,Premium Checking,5696.56,1,0,0,High,80.2,0,0
CUST-00356,Jessica Hernandez,63,Male,47679,705,Premium Checking,41674.47,1,0,0,High,71.6,0,0
CUST-00357,Barbara Martinez,63,Female,67310,626,Money Market,123339.34,1,0,0,Low,11.4,0,0
CUST-00358,Jessica Davis,78,Male,40983,655,Savings,10952.58,1,0,1,Low,17.5,1,0
CUST-00359,Jennifer Lopez,63,Male,73231,656,Standard Checking,8039.72,0,0,0,Medium,59.9,0,0
CUST-00360,Lisa Davis,68,Female,45233,666,Money Market,76909.59,1,0,0,High,86.2,0,0
CUST-00361,Betty Brown,79,Male,56298,775,Premium Checking,37707.56,1,0,0,Medium,59.5,0,0
CUST-00362,Betty Davis,52,Non-Binary,34043,731,Standard Checking,9798.83,1,0,0,Low,9.5,0,0
CUST-00363,Betty Moore,59,Female,79401,720,Standard Checking,12989.56,1,0,1,Medium,60.7,0,0
CUST-00364,Margaret Jones,62,Female,29955,673,Standard Checking,10789.15,0,1,0,High,92.8,0,0
CUST-00365,William Brown,85,Female,35665,626,Money Market,99109.87,1,0,0,Medium,42.1,0,0
CUST-00366,Anthony Taylor,64,Male,41437,780,Standard Checking,10529.99,1,0,1,Medium,44.8,0,0
CUST-00367,William Smith,47,Male,32265,678,Savings,11075.85,1,0,1,Low,18.9,0,0
CUST-00368,Christopher Martin,41,Male,65070,613,Standard Checking,9966.76,0,0,1,Low,12.1,0,0
CUST-00369,Richard Thomas,83,Male,52310,850,Standard Checking,8855.21,1,0,0,Medium,51.6,0,0
CUST-00370,Mark Gonzalez,60,Female,30089,696,Premium Checking,30063.29,1,1,1,High,81.4,0,0
CUST-00371,Susan Williams,51,Female,37772,600,Standard Checking,8663.44,1,0,1,Low,21.7,0,0
CUST-00372,Mark Garcia,40,Male,52577,741,Savings,7212.65,1,1,0,Medium,46,0,0
CUST-00373,Sarah Jackson,78,Female,54399,747,Premium Checking,26502.9,0,0,0,Medium,65.7,0,0
CUST-00374,Robert Anderson,54,Male,30410,651,Premium Checking,74523.85,0,0,0,High,96.7,0,0
CUST-00375,Matthew Johnson,30,Female,49423,617,Savings,7906.9,0,0,0,Medium,66.4,0,0
CUST-00376,Elizabeth Moore,24,Male,66943,661,Premium Checking,46323.92,1,0,0,Medium,53.4,0,0
CUST-00377,Anthony Gonzalez,59,Male,42122,727,Premium Checking,21790.91,1,0,0,Medium,58.9,0,0
CUST-00378,Robert Smith,55,Male,29352,735,Savings,8376.81,1,0,0,High,84.6,1,0
CUST-00379,Nancy Smith,69,Male,95426,637,Savings,11472.31,1,0,0,Medium,49.2,0,0
CUST-00380,Sarah Anderson,61,Male,67128,778,Savings,2163.19,0,0,0,Medium,39.4,0,0
CUST-00381,Thomas Hernandez,81,Male,39827,573,Savings,11260.47,1,0,0,Medium,33.7,0,0
CUST-00382,Christopher Taylor,30,Male,51415,638,Standard Checking,5634.88,1,0,0,Low,23.7,0,0
CUST-00383,Richard Smith,45,Male,41037,671,Standard Checking,11794.16,1,0,0,Medium,64.6,0,0
CUST-00384,Mary Rodriguez,18,Male,29885,658,Savings,3334.11,0,0,1,None,0,0,1
CUST-00385,John Smith,60,Female,68972,643,Standard Checking,11921.97,1,0,1,Medium,60.4,0,0
CUST-00386,Christopher Thomas,59,Female,112756,768,Standard Checking,11882.84,1,0,0,None,0,0,0
CUST-00387,Daniel Garcia,67,Male,77101,670,Standard Checking,4852.93,1,0,0,High,77.6,0,0
CUST-00388,Margaret Taylor,77,Male,55435,706,Savings,11950.56,0,0,0,Medium,36.7,0,0
CUST-00389,Robert Jones,18,Female,41840,703,Savings,1902.18,0,1,1,High,71.7,0,0
CUST-00390,Jennifer Williams,68,Male,12951,705,Money Market,86308.99,1,0,1,Medium,46.9,0,0
CUST-00391,Christopher Jones,33,Female,107456,668,Savings,2239.7,1,0,0,High,71.2,0,0
CUST-00392,Christopher Jones,56,Male,35128,553,Premium Checking,23339.7,1,0,1,Low,6.9,1,0
CUST-00393,Elizabeth Martinez,32,Male,74366,743,Standard Checking,8830.84,1,1,0,None,0,0,0
CUST-00394,Charles Taylor,50,Male,78487,674,Savings,11736.34,1,0,0,Low,11.2,0,0
CUST-00395,Christopher Wilson,70,Male,77386,647,Premium Checking,66762.12,1,1,0,High,73.7,0,0
CUST-00396,William Wilson,34,Female,24356,647,Savings,8703.14,0,0,0,Medium,53.7,0,0
CUST-00397,James Jackson,23,Male,80137,701,Savings,7268.8,0,1,0,Medium,60.6,0,0
CUST-00398,Richard Gonzalez,48,Non-Binary,38658,644,Standard Checking,2117.15,0,0,0,High,75.7,0,0
CUST-00399,Patricia Smith,57,Male,46876,664,Standard Checking,4115.58,0,0,0,Medium,34.4,0,0
CUST-00400,Thomas Davis,47,Female,46172,728,Money Market,147155.91,1,0,1,Medium,31,0,0
CUST-00401,Mary Davis,24,Male,36025,694,Standard Checking,5620.99,1,0,0,Low,28.9,0,0
CUST-00402,Michael Johnson,30,Male,42223,618,Savings,890.8,0,0,0,High,95.5,0,1
CUST-00403,Nancy Williams,21,Female,52597,718,Standard Checking,11970.65,0,0,1,None,0,0,0
CUST-00404,Anthony Moore,67,Male,30634,658,Savings,10713.77,1,0,0,High,97.2,0,0
CUST-00405,Barbara Smith,20,Female,21664,738,Standard Checking,4647.13,0,0,0,High,71.9,0,0
CUST-00406,Nancy Lopez,29,Male,76637,653,Savings,5598.55,0,0,0,Medium,65.5,0,0
CUST-00407,Robert Taylor,82,Female,56638,690,Money Market,86191.82,1,0,0,High,97.1,0,0
CUST-00408,Jessica Anderson,44,Male,19310,721,Savings,2182.66,1,0,0,Medium,62.2,0,0
CUST-00409,Daniel Anderson,67,Female,60064,619,Standard Checking,14884.66,1,0,0,Low,22.7,0,0
CUST-00410,Robert Wilson,34,Female,44760,730,Premium Checking,11077.47,1,0,0,Medium,58.8,0,0
CUST-00411,Mary Hernandez,49,Female,25562,798,Savings,12874.11,1,0,0,High,81.6,0,0
CUST-00412,Charles Miller,68,Male,37319,713,Standard Checking,12434.04,1,0,0,Medium,39.3,0,0
CUST-00413,Jennifer Johnson,34,Female,58961,694,Standard Checking,4014.01,1,0,0,Medium,48.5,0,0
CUST-00414,Jennifer Moore,51,Female,29842,742,Savings,1234.28,1,0,0,High,94.2,0,0
CUST-00415,Mary Moore,52,Female,29475,738,Money Market,58042.22,0,0,0,High,78.3,0,0
CUST-00416,Sandra Anderson,41,Female,36925,689,Standard Checking,3321.82,1,0,0,Medium,38.5,0,0
CUST-00417,Anthony Jackson,71,Male,30567,614,Standard Checking,5719.6,1,0,0,None,0,0,1
CUST-00418,Mary Martin,35,Male,28250,634,Money Market,128418.78,0,0,1,Low,13,0,0
CUST-00419,Matthew Garcia,67,Female,28010,654,Standard Checking,8796.02,0,0,0,None,0,0,1
CUST-00420,James Anderson,63,Female,60869,590,Savings,6364.32,1,0,0,High,94.6,0,0
CUST-00421,Margaret Martinez,65,Male,31148,777,Standard Checking,8923.83,0,0,0,Low,10.5,0,0
CUST-00422,Charles Taylor,50,Male,84208,614,Money Market,34613.33,1,1,0,Medium,65.2,0,0
CUST-00423,Robert Brown,44,Female,144106,676,Premium Checking,32199.46,1,0,0,Low,12.4,0,0
CUST-00424,Elizabeth Taylor,18,Male,45188,617,Premium Checking,36693.33,1,0,0,High,73.1,0,0
CUST-00425,Elizabeth Taylor,76,Male,134394,721,Standard Checking,14551.33,0,0,0,Medium,47.6,0,0
CUST-00426,Margaret Martin,27,Female,64290,749,Standard Checking,5944.63,0,0,1,High,90.5,0,0
CUST-00427,Lisa Jones,42,Female,53161,588,Savings,2845.48,0,0,0,High,97.6,0,1
CUST-00428,Mary Garcia,74,Female,47522,726,Standard Checking,2732.47,1,0,1,Medium,62.5,0,0
CUST-00429,Christopher Johnson,83,Male,18440,596,Standard Checking,12867.7,1,1,1,High,96,0,0
CUST-00430,Richard Hernandez,32,Male,39137,652,Standard Checking,6938.85,0,1,0,Medium,34.5,0,0
CUST-00431,David Thomas,45,Female,27934,850,Standard Checking,4412.16,0,0,1,Medium,51,0,0
CUST-00432,David Jackson,30,Female,75934,699,Savings,11838.38,0,0,0,Medium,46.8,0,0
CUST-00433,Joseph Thomas,31,Male,115448,743,Money Market,145022.07,1,0,0,Medium,55.4,0,0
CUST-00434,David Thomas,83,Female,54572,702,Standard Checking,13659.03,1,0,1,Medium,46,0,0
CUST-00435,Linda Brown,51,Female,55599,669,Savings,12998.46,1,0,0,None,0,1,0
CUST-00436,Linda Brown,42,Male,79321,636,Standard Checking,1512.13,1,0,1,High,96.5,0,0
CUST-00437,Lisa Williams,71,Male,52013,783,Money Market,81882.27,1,0,0,Low,27.3,0,0
CUST-00438,John Moore,29,Male,89457,814,Premium Checking,6339.41,1,0,0,Low,18.6,0,0
CUST-00439,Mark Jackson,26,Male,159925,683,Savings,13426.42,0,0,0,Medium,68.8,0,0
CUST-00440,Charles Jones,48,Male,100923,764,Standard Checking,11206.27,1,0,0,High,84,0,0
CUST-00441,Sarah Martinez,70,Male,35906,741,Savings,1996.8,1,0,0,High,88.1,0,0
CUST-00442,Mark Garcia,60,Male,74587,666,Standard Checking,2885.96,1,0,0,High,95.5,0,0
CUST-00443,James Jones,55,Female,35105,684,Standard Checking,6988.68,1,0,0,Medium,68,1,0
CUST-00444,William Lopez,59,Male,43894,649,Savings,10341.47,1,0,0,Medium,42.6,0,0
CUST-00445,Betty Wilson,65,Female,111509,822,Standard Checking,2971.3,0,0,0,Low,20.8,0,0
CUST-00446,Mary Taylor,84,Female,29776,736,Savings,1296.53,1,1,0,Medium,66.1,0,0
CUST-00447,Susan Gonzalez,83,Female,40208,682,Savings,326.96,0,0,1,Low,7,0,0
CUST-00448,Anthony Rodriguez,33,Female,86786,646,Standard Checking,2002.2,1,1,0,None,0,0,1
CUST-00449,Betty Anderson,33,Female,31936,716,Standard Checking,6178.39,0,0,0,None,0,0,1
CUST-00450,Matthew Anderson,48,Female,18794,588,Standard Checking,12975.23,1,0,1,None,0,0,1
CUST-00451,Lisa Hernandez,75,Male,23253,627,Savings,657.91,0,1,0,Medium,31.1,0,1
CUST-00452,Jessica Taylor,45,Female,36157,665,Money Market,98103.27,0,1,0,High,97.5,0,0
CUST-00453,Betty Brown,21,Female,48076,650,Savings,2052.9,1,0,0,Low,27.9,0,0
CUST-00454,James Davis,27,Non-Binary,42119,665,Savings,7399.6,1,0,1,High,83.3,0,0
CUST-00455,Thomas Williams,68,Male,37951,727,Standard Checking,4347.07,0,1,0,High,97.9,1,0
CUST-00456,Mark Martin,35,Male,50942,815,Savings,12585.68,1,0,0,Medium,45.3,0,0
CUST-00457,Joseph Anderson,64,Female,38237,729,Money Market,111610.35,0,0,1,High,78.8,0,0
CUST-00458,Lisa Wilson,49,Male,34607,669,Standard Checking,4487.94,0,0,0,Medium,69.8,0,0
CUST-00459,Betty Wilson,47,Female,54991,750,Premium Checking,49602.58,1,1,1,High,73.7,0,0
CUST-00460,Lisa Johnson,53,Female,51925,683,Standard Checking,11362.38,0,0,1,None,0,0,0
CUST-00461,Richard Wilson,26,Female,81467,549,Savings,13010.92,1,0,0,Low,11.7,0,0
CUST-00462,Anthony Jackson,53,Male,134528,763,Standard Checking,9312.87,1,0,0,High,86.9,0,0
CUST-00463,Michael Williams,46,Male,17078,597,Premium Checking,65370.86,0,0,0,High,72.8,0,0
CUST-00464,Joseph Wilson,33,Female,63552,689,Premium Checking,33754.91,1,0,0,Medium,63.1,0,0
CUST-00465,David Anderson,38,Female,53077,624,Standard Checking,7843.36,0,0,0,High,85.1,0,0
CUST-00466,Margaret Gonzalez,81,Female,92884,600,Standard Checking,12238.18,1,0,0,High,85,0,0
CUST-00467,Sarah Garcia,83,Female,38038,648,Savings,10252.5,1,1,0,Low,27.4,0,0
CUST-00468,John Jackson,76,Female,40598,502,Standard Checking,760.99,0,0,0,Medium,66.1,0,1
CUST-00469,Joseph Jones,45,Male,25701,631,Savings,10508.58,1,0,1,Low,29.4,0,0
CUST-00470,Margaret Martinez,72,Female,81843,709,Savings,6069.4,1,0,0,Medium,37.3,0,0
CUST-00471,Michael Taylor,48,Male,52470,705,Premium Checking,68842.29,1,0,0,Medium,64.4,0,0
CUST-00472,Michael Lopez,50,Male,86092,548,Standard Checking,12177.89,0,0,0,Medium,58,0,0
CUST-00473,Matthew Taylor,77,Female,39521,747,Standard Checking,2657.99,0,0,0,Medium,66.6,0,0
CUST-00474,Richard Martin,58,Female,35034,846,Premium Checking,56021.51,1,0,0,High,70.9,0,0
CUST-00475,Matthew Brown,63,Female,70516,800,Standard Checking,2959.07,0,0,0,Medium,64.6,0,0
CUST-00476,Elizabeth Williams,66,Male,41386,643,Savings,4344.35,1,0,0,High,96.4,0,0
CUST-00477,William Gonzalez,82,Male,67213,633,Standard Checking,10223.73,1,0,0,Medium,39,1,0
CUST-00478,Sarah Anderson,59,Male,63287,617,Savings,10923.33,0,1,0,High,93.3,0,0
CUST-00479,Patricia Anderson,40,Female,51712,807,Premium Checking,39270.64,1,0,0,Low,23.3,0,0
CUST-00480,Nancy Johnson,44,Male,36178,643,Savings,1734.48,1,0,0,Medium,38.5,1,0
CUST-00481,Joseph Davis,49,Female,58622,630,Savings,13766.11,1,0,0,Medium,39.8,0,0
CUST-00482,Linda Taylor,20,Female,33543,738,Savings,5232.89,0,0,0,Low,9.4,0,0
CUST-00483,Barbara Jackson,77,Male,51475,759,Standard Checking,14510.22,0,1,0,High,98.9,0,0
CUST-00484,Elizabeth Rodriguez,34,Female,113709,748,Savings,12745.39,1,0,1,Medium,55.3,0,0
CUST-00485,Robert Garcia,49,Female,91129,606,Premium Checking,49001.22,0,0,0,Medium,44.3,0,0
CUST-00486,Karen Johnson,24,Female,38019,714,Savings,11232.25,1,0,1,Low,21.7,0,0
CUST-00487,Anthony Gonzalez,75,Female,56180,782,Standard Checking,4135.97,0,0,0,Medium,64.6,0,0
CUST-00488,Jennifer Jones,57,Male,37487,680,Standard Checking,426.97,0,0,0,Medium,47.2,0,0
CUST-00489,Matthew Smith,65,Male,56436,700,Premium Checking,7613.61,0,0,1,None,0,0,1
CUST-00490,Christopher Garcia,68,Female,30997,694,Standard Checking,2444.02,1,0,1,Medium,31.6,0,0
CUST-00491,Jennifer Thomas,74,Male,35317,661,Savings,4652.23,1,0,0,Medium,64.9,0,0
CUST-00492,Patricia Hernandez,54,Female,125102,711,Savings,7193.77,1,0,1,High,75.7,0,0
CUST-00493,Sandra Rodriguez,72,Female,52382,742,Standard Checking,2300.29,0,0,0,High,77.3,1,0
CUST-00494,Daniel Williams,58,Male,39158,771,Premium Checking,36823.4,1,0,0,Medium,65.6,0,0
CUST-00495,Charles Davis,37,Female,16919,676,Premium Checking,29816.52,1,0,0,Low,17.6,0,0
CUST-00496,Robert Brown,50,Male,53306,684,Savings,5247.6,1,0,0,Low,16,0,0
CUST-00497,Lisa Garcia,57,Male,146229,644,Money Market,77295.72,1,0,0,None,0,0,0
CUST-00498,Mary Martin,51,Female,36857,790,Standard Checking,14855.17,1,1,1,High,97.6,0,0
CUST-00499,Margaret Hernandez,79,Male,40449,649,Premium Checking,74510.08,1,0,0,Low,6.1,0,0
CUST-00500,Patricia Anderson,36,Female,50207,673,Savings,9071.08,1,1,1,Medium,39.5,0,0
CUST-00501,Jennifer Taylor,60,Male,35720,685,Savings,7283.98,0,0,0,Medium,39,0,0
CUST-00502,Sandra Garcia,80,Female,147893,694,Premium Checking,73353.08,1,1,0,High,98.1,0,0
CUST-00503,Charles Johnson,27,Male,80036,575,Standard Checking,14773.4,1,0,0,High,86.7,0,0
CUST-00504,Joseph Hernandez,30,Female,69426,718,Premium Checking,41381.73,1,1,0,High,86.9,0,0
CUST-00505,Linda Jackson,22,Female,141091,711,Standard Checking,5289.07,1,0,0,High,97.2,0,0
CUST-00506,Richard Lopez,75,Female,115010,691,Premium Checking,29910.28,1,0,0,High,78.5,0,0
CUST-00507,Robert Garcia,76,Male,50985,705,Standard Checking,12194.82,0,1,1,Medium,30.5,0,0
CUST-00508,Betty Brown,76,Female,42635,676,Standard Checking,1149.14,1,0,0,Low,18.8,0,0
CUST-00509,Charles Martin,32,Female,42421,579,Savings,8742.01,1,0,0,High,79,0,0
CUST-00510,James Martin,18,Male,37383,756,Savings,11470.7,0,0,0,Low,26.2,0,0
CUST-00511,Thomas Lopez,55,Male,43935,578,Premium Checking,74638.48,0,0,0,High,88.5,0,0
CUST-00512,Joseph Smith,70,Female,37956,619,Standard Checking,7237.14,1,0,1,Medium,38.4,0,0
CUST-00513,Betty Wilson,69,Female,27915,763,Savings,5984.11,1,0,0,High,80.5,0,0
CUST-00514,Jennifer Jones,18,Male,14616,585,Standard Checking,3195.39,0,0,0,Medium,61,0,1
CUST-00515,Sandra Hernandez,28,Male,82688,668,Premium Checking,70912.69,0,0,0,Medium,58.7,0,0
CUST-00516,Patricia Gonzalez,75,Female,12958,806,Savings,8008.06,0,1,0,Low,5.9,0,0
CUST-00517,David Williams,57,Male,58538,685,Savings,12851.7,1,0,0,Medium,38.4,0,0
CUST-00518,James Garcia,77,Female,79571,583,Savings,12778.31,1,0,0,High,80.4,0,0
CUST-00519,Sarah Martinez,61,Male,61085,732,Standard Checking,14703.15,1,0,0,High,89.2,0,0
CUST-00520,Robert Martinez,23,Female,45523,711,Standard Checking,13797.32,1,0,0,Medium,60.9,0,0
CUST-00521,Barbara Johnson,45,Female,54627,688,Standard Checking,11001.35,1,0,0,High,77,0,0
CUST-00522,Richard Davis,48,Female,39440,537,Premium Checking,57936.81,0,0,0,Medium,63,0,0
CUST-00523,Mary Martin,25,Female,46801,771,Standard Checking,2502.37,1,0,1,Medium,62.1,0,0
CUST-00524,James Jones,22,Male,41882,803,Standard Checking,6469.75,1,0,0,High,93.6,0,0
CUST-00525,William Taylor,71,Male,34768,678,Standard Checking,8475.28,1,0,0,Low,6.8,0,0
CUST-00526,William Hernandez,34,Male,88845,633,Savings,974.99,0,0,0,High,95.2,0,0
CUST-00527,Joseph Garcia,55,Male,75783,717,Savings,2362.3,0,0,0,Medium,37.4,1,0
CUST-00528,Daniel Williams,26,Female,45481,718,Savings,9629.31,1,0,0,Medium,48.6,0,0
CUST-00529,Sandra Taylor,31,Female,50201,724,Premium Checking,66243.18,1,0,1,Medium,41.8,0,0
CUST-00530,Robert Lopez,43,Male,33748,680,Standard Checking,5109.2,0,0,0,Medium,44,0,0
CUST-00531,Sarah Wilson,79,Male,58701,718,Premium Checking,24710.36,1,0,0,Medium,42.2,0,0
CUST-00532,Christopher Hernandez,42,Male,46537,732,Savings,2587.64,0,0,1,Low,20.8,0,0
CUST-00533,William Johnson,53,Male,41562,850,Savings,8339.48,1,0,0,Medium,30.8,0,0
CUST-00534,Barbara Williams,50,Male,55729,710,Savings,9647.98,1,0,0,Medium,43.7,0,0
CUST-00535,John Smith,20,Male,51143,692,Money Market,129771.85,1,0,0,High,83.4,0,0
CUST-00536,Linda Davis,28,Male,32106,573,Savings,3659.03,1,0,0,Medium,54.3,0,1
CUST-00537,David Rodriguez,75,Male,76862,579,Savings,5964.93,1,0,0,Medium,36.7,0,0
CUST-00538,Robert Wilson,81,Female,80226,688,Savings,10252.01,1,0,0,Medium,32.9,0,0
CUST-00539,Margaret Williams,35,Female,34876,674,Premium Checking,48064.76,1,0,0,Medium,36.1,0,0
CUST-00540,Christopher Jones,64,Female,241927,613,Standard Checking,6760.73,1,1,0,Medium,30.6,0,0
CUST-00541,Robert Jackson,61,Male,30563,610,Savings,11064.79,0,0,0,Low,19.7,0,0
CUST-00542,Anthony Wilson,76,Female,66695,722,Premium Checking,61027.77,1,0,0,High,72.5,0,0
CUST-00543,Betty Brown,67,Female,64946,639,Savings,8207.41,1,0,0,Medium,43.4,0,0
CUST-00544,Matthew Gonzalez,46,Male,70272,626,Premium Checking,48075.1,0,0,1,High,96.5,0,0
CUST-00545,Elizabeth Moore,84,Male,115222,606,Standard Checking,5892.88,1,0,1,High,86.6,0,0
CUST-00546,Linda Davis,19,Male,42746,622,Savings,14011.48,1,0,1,Medium,52.6,0,0
CUST-00547,Michael Davis,42,Male,50071,653,Savings,5963.61,0,1,0,None,0,0,1
CUST-00548,Susan Jackson,36,Male,60619,678,Standard Checking,6729.39,0,0,0,High,79.4,0,0
CUST-00549,Mark Garcia,57,Female,21122,696,Standard Checking,980.88,0,1,0,High,96.8,0,0
CUST-00550,James Anderson,19,Male,52459,650,Standard Checking,5508.24,1,0,0,None,0,0,1
CUST-00551,James Taylor,82,Male,59898,555,Standard Checking,7879.04,0,0,1,High,76,0,1
CUST-00552,James Anderson,79,Male,34397,601,Savings,191.33,1,1,1,High,78.2,0,1
CUST-00553,Daniel Johnson,71,Female,146033,644,Standard Checking,791.77,1,0,0,None,0,0,1
CUST-00554,Susan Davis,62,Female,55875,752,Savings,3623.43,0,0,0,Low,29,0,0
CUST-00555,Linda Jackson,66,Non-Binary,33910,672,Standard Checking,11147.67,1,0,0,High,97.1,0,0
CUST-00556,Michael Jackson,55,Male,36830,709,Savings,11760.97,1,0,0,High,80.3,0,0
CUST-00557,Jennifer Garcia,21,Male,33012,778,Money Market,94289.62,1,0,0,Medium,30.4,0,0
CUST-00558,John Miller,34,Female,33575,668,Standard Checking,8619.91,1,0,0,High,84.6,0,0
CUST-00559,Charles Davis,70,Male,58040,679,Savings,12541.37,0,0,0,Low,12.5,0,0
CUST-00560,Elizabeth Martin,70,Female,60732,682,Standard Checking,2099.35,0,0,0,High,70.8,0,0
CUST-00561,Joseph Anderson,48,Non-Binary,61414,684,Standard Checking,13859.19,0,1,0,None,0,0,0
CUST-00562,Mark Smith,39,Female,68769,607,Standard Checking,12103.81,1,0,1,High,95.5,0,0
CUST-00563,Karen Miller,28,Male,60558,715,Standard Checking,9013.37,0,1,0,Low,7.4,0,0
CUST-00564,Anthony Brown,51,Female,145576,686,Premium Checking,19055.18,1,0,0,Medium,55.1,0,0
CUST-00565,Mark Garcia,32,Female,77098,622,Savings,1718.1,0,0,0,Medium,54.1,0,0
CUST-00566,Matthew Smith,27,Female,29227,667,Premium Checking,33512.49,1,0,0,None,0,0,0
CUST-00567,Mark Jones,70,Male,49869,549,Savings,7498.79,0,0,0,Low,7.7,0,1
CUST-00568,Anthony Smith,65,Female,27884,572,Standard Checking,12331.29,0,0,0,Medium,47.9,0,0
CUST-00569,Sandra Brown,48,Female,49562,741,Savings,4768.04,1,0,0,High,99,0,0
CUST-00570,Nancy Johnson,54,Female,24257,664,Premium Checking,17030.52,1,0,0,Medium,38.1,0,0
CUST-00571,Elizabeth Jones,45,Male,43614,773,Savings,7608.1,1,0,0,Medium,31,0,0
CUST-00572,Anthony Martinez,48,Female,46447,684,Premium Checking,55037.93,1,1,1,Medium,35.8,0,0
CUST-00573,James Garcia,31,Female,25028,695,Premium Checking,36033.29,0,0,0,Low,7.2,0,0
CUST-00574,Richard Anderson,33,Male,49406,678,Premium Checking,5767.82,1,0,0,Low,7.4,0,0
CUST-00575,Patricia Gonzalez,42,Female,40674,609,Standard Checking,12519.55,1,0,0,Medium,50.6,0,0
CUST-00576,Lisa Martin,56,Female,28369,708,Standard Checking,3467.35,1,0,0,Medium,45.4,0,0
CUST-00577,Lisa Anderson,83,Female,77756,633,Premium Checking,34688.21,1,1,1,Low,17.1,0,0
CUST-00578,Mark Davis,55,Female,41201,702,Premium Checking,70691.25,0,1,0,Medium,32.8,0,0
CUST-00579,Robert Anderson,58,Male,86066,621,Premium Checking,42890.46,1,0,0,High,85.6,0,0
CUST-00580,Patricia Lopez,57,Male,54318,732,Standard Checking,8676.65,1,1,1,High,95,0,0
CUST-00581,Richard Johnson,81,Male,40319,710,Premium Checking,22537.11,0,0,0,High,93.5,0,0
CUST-00582,Anthony Jackson,33,Female,30223,765,Standard Checking,13944.21,0,1,1,Low,21.1,0,0
CUST-00583,Charles Brown,76,Male,27260,730,Premium Checking,66655.99,1,0,0,None,0,0,0
CUST-00584,Patricia Hernandez,28,Female,53830,676,Standard Checking,5173.07,0,0,0,Medium,36.1,0,0
CUST-00585,Anthony Jones,18,Female,58820,787,Money Market,22839.97,1,0,0,High,84.3,0,0
CUST-00586,Karen Hernandez,30,Female,32209,706,Standard Checking,10383.47,0,0,0,Medium,63.6,0,0
CUST-00587,Sandra Martinez,47,Male,26790,518,Savings,4630.38,0,0,0,High,85.7,0,1
CUST-00588,Linda Garcia,35,Female,69538,637,Standard Checking,12839,0,0,0,Medium,54.8,0,0
CUST-00589,Jennifer Davis,30,Female,71100,669,Standard Checking,1307.61,0,1,1,High,79,1,0
CUST-00590,Daniel Anderson,49,Female,32421,771,Standard Checking,13192.76,0,0,0,Medium,66.2,1,0
CUST-00591,Betty Wilson,67,Male,44697,649,Standard Checking,1557.51,0,0,1,Medium,65.3,0,0
CUST-00592,David Lopez,48,Male,63476,631,Savings,589.51,0,0,0,Low,7.1,0,1
CUST-00593,Betty Gonzalez,68,Female,28252,536,Savings,12979.02,1,0,0,High,98.5,0,0
CUST-00594,Linda Moore,44,Male,31622,770,Premium Checking,63194.28,0,0,0,None,0,0,0
CUST-00595,Matthew Smith,77,Female,73796,780,Standard Checking,14872.82,1,1,0,Low,11.1,0,0
CUST-00596,Joseph Davis,50,Female,31397,600,Standard Checking,1282.72,1,1,0,High,87.3,0,1
CUST-00597,Margaret Hernandez,70,Non-Binary,50739,580,Savings,12438.53,0,1,0,High,94,0,0
CUST-00598,Barbara Lopez,50,Male,51489,752,Savings,14462.52,1,0,0,Low,10.2,0,0
CUST-00599,Patricia Thomas,58,Female,26938,770,Savings,8613.63,0,0,0,High,87.1,0,0
CUST-00600,Patricia Jones,36,Male,80105,629,Premium Checking,30846.74,1,0,0,High,93.1,0,0
CUST-00601,Lisa Jones,58,Male,22487,663,Money Market,111268.07,1,0,0,Low,6.2,0,0
CUST-00602,Linda Martinez,59,Male,56338,718,Standard Checking,11415.88,1,1,0,Medium,59.8,0,0
CUST-00603,Thomas Rodriguez,40,Female,38960,608,Money Market,48661.68,0,0,1,Medium,63,0,0
CUST-00604,Nancy Jackson,50,Female,51618,616,Standard Checking,10304.31,1,0,0,Medium,39.5,0,0
CUST-00605,Mark Wilson,37,Male,43593,656,Standard Checking,4358.38,1,1,1,High,81.4,0,0
CUST-00606,Linda Rodriguez,42,Male,27837,610,Savings,13903.36,1,0,0,None,0,0,1
CUST-00607,Nancy Hernandez,69,Female,42206,850,Standard Checking,8330.79,0,0,0,Low,5.1,0,0
CUST-00608,Daniel Smith,29,Female,62243,767,Savings,3374.22,1,0,0,High,85.3,0,0
CUST-00609,Susan Jones,49,Female,43419,658,Standard Checking,12707.15,1,0,1,Medium,54.2,0,0
CUST-00610,Christopher Wilson,50,Non-Binary,38629,689,Money Market,134698.93,1,0,0,High,80,0,0
CUST-00611,Patricia Smith,85,Female,18183,567,Standard Checking,11178.37,0,1,1,High,83.8,0,0
CUST-00612,Nancy Jackson,32,Male,31432,708,Money Market,61091.78,0,1,0,High,82.5,0,0
CUST-00613,Linda Anderson,68,Male,33837,731,Savings,12861.59,1,0,0,Medium,60.4,0,0
CUST-00614,Christopher Anderson,23,Female,74541,633,Standard Checking,352.28,1,1,0,Medium,42.2,0,1
CUST-00615,William Rodriguez,52,Female,40377,648,Standard Checking,13339.47,1,0,0,High,99.3,0,0
CUST-00616,Elizabeth Martin,51,Male,63168,616,Standard Checking,3784.17,1,0,0,Medium,56,0,0
CUST-00617,Matthew Rodriguez,80,Female,33238,776,Premium Checking,21601.01,0,0,0,Medium,47.8,0,0
CUST-00618,John Martin,85,Male,17462,773,Money Market,15008.56,1,0,0,Medium,46.9,0,0
CUST-00619,Matthew Hernandez,35,Female,80151,707,Standard Checking,6529.97,1,0,0,Low,7,0,0
CUST-00620,Jennifer Johnson,43,Female,33343,689,Standard Checking,6783.02,1,0,1,Medium,34.9,0,0
CUST-00621,Michael Moore,78,Male,78160,592,Savings,10272.49,1,0,0,None,0,0,1
CUST-00622,Anthony Johnson,65,Male,43957,629,Premium Checking,49838.77,0,0,0,None,0,1,0
CUST-00623,Anthony Taylor,48,Male,97734,659,Standard Checking,5669.54,1,0,1,None,0,0,1
CUST-00624,David Lopez,51,Female,240781,633,Savings,14893.14,1,0,0,None,0,0,1
CUST-00625,Anthony Jackson,24,Female,61186,719,Standard Checking,14496.4,1,0,0,Medium,69.8,0,0
CUST-00626,Nancy Miller,24,Female,24771,565,Standard Checking,2400.47,0,0,0,Medium,68.1,0,1
CUST-00627,Karen Garcia,64,Male,64530,589,Savings,10333.15,1,0,1,Medium,68.8,0,0
CUST-00628,Christopher Smith,25,Male,59148,635,Standard Checking,7701.4,1,0,0,Medium,48.1,0,0
CUST-00629,Thomas Hernandez,18,Male,26444,569,Savings,4099.73,1,0,1,Medium,48.9,0,1
CUST-00630,Nancy Moore,20,Male,35247,750,Standard Checking,12133.91,0,0,0,Medium,59.2,0,0
CUST-00631,Christopher Taylor,70,Male,39330,759,Standard Checking,3406.83,0,0,0,High,71.9,0,0
CUST-00632,Michael Taylor,55,Male,58504,561,Premium Checking,14134.61,0,0,1,Medium,31.6,0,0
CUST-00633,Karen Rodriguez,68,Male,31012,700,Standard Checking,11052.56,1,0,0,High,91.8,0,0
CUST-00634,Thomas Martin,32,Female,29163,651,Premium Checking,12054.29,0,0,1,High,84.5,0,0
CUST-00635,Nancy Davis,84,Female,27272,679,Savings,615.46,0,0,1,Medium,50.4,0,0
CUST-00636,Thomas Miller,81,Male,19222,717,Standard Checking,4833.71,1,0,0,Medium,44.4,0,0
CUST-00637,James Gonzalez,85,Female,67113,535,Premium Checking,14026.79,1,0,0,Medium,67.8,0,0
CUST-00638,Sandra Jackson,22,Male,51090,754,Standard Checking,10110.77,1,0,0,Medium,68.7,0,0
CUST-00639,Anthony Jackson,27,Female,72743,716,Premium Checking,42004.75,1,0,0,Medium,37.8,0,0
CUST-00640,Sandra Taylor,25,Female,34295,756,Standard Checking,10691.27,0,0,1,Medium,67.6,0,0
CUST-00641,Richard Thomas,29,Male,33764,550,Savings,3279.01,1,0,1,High,81,0,1
CUST-00642,Linda Jackson,81,Male,58179,677,Savings,13892.06,1,0,0,Medium,68.1,0,0
CUST-00643,Sarah Smith,76,Male,76474,717,Premium Checking,59250.63,0,0,0,Medium,66.4,1,0
CUST-00644,Susan Jackson,84,Female,80209,710,Standard Checking,533.56,0,0,1,High,88.8,0,0
CUST-00645,Joseph Moore,67,Female,28061,739,Savings,10061.41,1,0,0,High,90.5,0,0
CUST-00646,Mary Taylor,40,Male,78680,711,Standard Checking,4197.3,0,0,1,Medium,45.8,0,0
CUST-00647,Sarah Garcia,57,Male,103986,543,Premium Checking,45261.18,0,0,0,High,97.8,0,0
CUST-00648,Charles Brown,35,Female,60531,760,Premium Checking,39956.58,0,0,0,High,76.6,0,0
CUST-00649,James Davis,38,Male,87452,646,Standard Checking,11022.22,0,0,0,None,0,0,1
CUST-00650,Mark Miller,18,Male,63686,694,Money Market,20199.18,0,0,0,High,95.2,0,0
CUST-00651,John Martinez,55,Female,27981,788,Savings,8325.67,0,0,1,High,73.9,0,0
CUST-00652,Elizabeth Jackson,58,Male,78203,679,Premium Checking,34208.72,1,0,1,High,81,0,0
CUST-00653,Susan Johnson,59,Female,59518,655,Premium Checking,28658.74,1,0,0,High,86.7,0,0
CUST-00654,Margaret Smith,26,Female,29433,598,Standard Checking,2940.36,1,0,1,Low,18.9,0,1
CUST-00655,Daniel Moore,40,Male,36901,586,Savings,6534.15,1,1,1,High,96.9,0,0
CUST-00656,Michael Davis,28,Female,60249,595,Standard Checking,7246.14,1,0,0,High,99.1,0,0
CUST-00657,James Williams,48,Female,162536,677,Standard Checking,9903.57,1,0,0,Medium,40.1,0,0
CUST-00658,Lisa Davis,43,Female,120555,833,Standard Checking,6772.81,1,0,0,High,90.8,0,0
CUST-00659,Nancy Anderson,47,Male,18036,658,Standard Checking,10883.99,1,0,1,Medium,65.3,0,0
CUST-00660,Robert Williams,51,Female,49040,677,Savings,12111,0,1,0,High,82.4,0,0
CUST-00661,Charles Smith,63,Female,103189,728,Money Market,122381.53,0,1,0,None,0,0,0
CUST-00662,Margaret Anderson,22,Female,40061,630,Savings,1898.9,0,0,0,High,92.3,0,0
CUST-00663,Linda Johnson,78,Female,38077,776,Savings,6164.56,0,0,0,Medium,64.7,0,0
CUST-00664,John Wilson,55,Female,37446,645,Savings,3850.13,0,0,0,Medium,39.4,0,0
CUST-00665,Lisa Wilson,45,Female,74788,765,Savings,10884.91,0,0,0,Medium,57.6,0,0
CUST-00666,David Thomas,43,Male,59411,722,Savings,7759.8,1,0,0,Medium,48.7,0,0
CUST-00667,Patricia Martin,78,Female,63991,686,Standard Checking,1714.49,1,0,0,Low,24.7,0,0
CUST-00668,Robert Wilson,40,Female,44431,637,Standard Checking,988.76,1,0,0,Medium,55.9,0,0
CUST-00669,Daniel Thomas,63,Male,117546,746,Standard Checking,7537.24,1,0,0,High,93,0,0
CUST-00670,Sarah Miller,47,Male,41911,672,Premium Checking,43615.89,1,0,0,Medium,40.9,0,0
CUST-00671,Elizabeth Miller,84,Female,76111,644,Money Market,60544.74,0,0,0,Medium,60,0,0
CUST-00672,James Jackson,50,Male,17362,791,Savings,3768.51,1,0,0,High,75.8,0,0
CUST-00673,Jessica Jackson,20,Male,48097,532,Savings,5845.2,1,1,1,Medium,43.6,0,1
CUST-00674,Patricia Moore,59,Male,38755,785,Premium Checking,69117.71,0,0,1,High,81.9,0,0
CUST-00675,Mary Smith,79,Non-Binary,51618,822,Savings,3655.17,0,0,0,High,91.5,0,0
CUST-00676,Joseph Jones,75,Male,21765,617,Standard Checking,399.95,0,0,1,Low,12.7,0,1
CUST-00677,Karen Hernandez,74,Female,111033,634,Premium Checking,45184.65,0,0,0,High,87.1,0,0
CUST-00678,Elizabeth Johnson,18,Male,53286,601,Savings,12062.09,1,0,0,High,72.5,0,0
CUST-00679,John Lopez,77,Female,150947,741,Standard Checking,6844.49,0,0,1,Medium,45.3,0,0
CUST-00680,Karen Jones,76,Female,72557,635,Savings,8010.43,0,0,0,Low,10.6,0,0
CUST-00681,Robert Garcia,63,Female,55963,671,Savings,5063.86,1,0,0,High,89.5,0,0
CUST-00682,Sandra Rodriguez,51,Female,49414,724,Premium Checking,20323.89,1,0,0,Low,21.1,0,0
CUST-00683,Mary Lopez,42,Female,68342,567,Standard Checking,4056.93,0,0,0,Low,17.4,0,1
CUST-00684,John Martin,59,Female,71614,572,Savings,5400.61,1,0,0,Low,17,0,1
CUST-00685,Betty Lopez,46,Male,63087,703,Premium Checking,65093.62,1,0,0,Low,17.6,0,0
CUST-00686,Lisa Taylor,42,Female,151992,653,Savings,4270.78,0,0,0,Medium,53.1,0,0
CUST-00687,Elizabeth Wilson,71,Female,87440,610,Standard Checking,4879.14,0,0,0,High,80.4,0,0
CUST-00688,Daniel Taylor,84,Male,35725,680,Premium Checking,61615.63,0,0,0,Medium,42.2,0,0
CUST-00689,Sarah Jackson,32,Female,32962,671,Premium Checking,40024.94,1,0,0,High,94.1,0,0
CUST-00690,Thomas Wilson,21,Female,61172,616,Premium Checking,34183.18,0,1,1,Medium,50.8,0,0
CUST-00691,William Davis,55,Male,53815,691,Premium Checking,29257.25,0,0,0,Medium,59.3,0,0
CUST-00692,Mary Gonzalez,37,Female,56342,610,Standard Checking,12128.84,1,0,0,None,0,0,1
CUST-00693,Matthew Miller,40,Female,21783,730,Money Market,10216.36,1,0,0,Medium,43.1,0,0
CUST-00694,William Hernandez,54,Male,76549,666,Savings,2072.12,0,0,0,Medium,30.6,0,0
CUST-00695,Susan Brown,79,Male,40670,808,Standard Checking,11739.01,1,1,0,Low,25.8,0,0
CUST-00696,Betty Gonzalez,25,Female,149210,588,Standard Checking,3756.02,1,0,1,High,80.5,0,1
CUST-00697,Mary Jones,54,Female,55133,638,Standard Checking,13371.71,1,0,0,High,81.7,0,0
CUST-00698,David Garcia,62,Male,46390,745,Standard Checking,10841.83,0,0,0,High,95.5,0,0
CUST-00699,Sarah Martinez,50,Female,62697,606,Premium Checking,7052.75,0,0,0,High,90.6,0,0
CUST-00700,Patricia Rodriguez,24,Female,35300,682,Premium Checking,30386.43,1,0,1,Medium,62.7,0,0
CUST-00701,Jennifer Johnson,39,Female,113324,541,Standard Checking,5923.27,1,0,0,Medium,63,1,1
CUST-00702,Thomas Jones,22,Female,160720,605,Money Market,35503.35,1,1,0,None,0,0,0
CUST-00703,Matthew Garcia,32,Female,70677,614,Savings,5483.92,0,0,0,High,77.3,0,0
CUST-00704,Betty Lopez,38,Female,68433,668,Savings,6820.9,0,0,1,High,91.9,0,0
CUST-00705,Daniel Martinez,34,Female,36539,749,Standard Checking,8405.95,1,1,1,None,0,0,0
CUST-00706,Nancy Garcia,73,Non-Binary,48807,660,Money Market,39438.74,1,0,0,Medium,51.9,0,0
CUST-00707,Anthony Davis,67,Female,64351,657,Standard Checking,11461.3,1,0,0,High,81.3,0,0
CUST-00708,Mary Lopez,24,Female,27606,623,Standard Checking,4155.33,1,1,0,Low,5.9,0,0
CUST-00709,Richard Miller,67,Female,107898,599,Standard Checking,840.84,1,0,1,Medium,34.3,0,1
CUST-00710,Elizabeth Gonzalez,77,Male,22759,751,Standard Checking,11812.4,0,0,0,Medium,31.2,1,0
CUST-00711,Thomas Wilson,24,Female,17421,692,Standard Checking,5600.46,1,0,0,Low,17.4,0,0
CUST-00712,Mary Hernandez,57,Male,117195,657,Premium Checking,36649.3,0,0,0,High,91.5,0,0
CUST-00713,James Jackson,62,Male,72354,792,Savings,9374.12,0,1,0,Medium,51.6,0,0
CUST-00714,Christopher Brown,76,Female,30586,485,Money Market,49101.59,0,0,0,High,93.7,0,0
CUST-00715,Charles Hernandez,72,Female,52991,751,Savings,5753.33,1,0,0,Medium,68,0,0
CUST-00716,Linda Hernandez,81,Female,55161,569,Premium Checking,27855.06,1,0,0,High,74.3,0,0
CUST-00717,Patricia Taylor,82,Female,51616,689,Standard Checking,239.31,0,1,0,Low,6.3,0,0
CUST-00718,Anthony Miller,71,Male,29242,747,Standard Checking,3892.98,1,0,1,Medium,40.5,0,0
CUST-00719,Linda Williams,57,Non-Binary,57408,554,Premium Checking,9420.55,1,0,1,High,89.2,0,0
CUST-00720,Nancy Johnson,70,Male,87743,766,Premium Checking,61514.78,1,0,0,High,89.1,0,0
CUST-00721,Daniel Anderson,61,Female,20674,670,Premium Checking,14159.8,0,0,0,High,92.3,0,0
CUST-00722,Lisa Jones,80,Male,38478,623,Standard Checking,4234.43,0,0,0,Medium,52.3,0,0
CUST-00723,Lisa Smith,19,Female,27438,695,Premium Checking,45360.73,1,0,0,High,90.1,0,0
CUST-00724,Betty Brown,38,Male,33465,716,Savings,8923.29,1,1,0,High,78.1,0,0
CUST-00725,Joseph Martin,67,Female,59234,846,Savings,13624,1,0,1,Medium,56.6,0,0
CUST-00726,Charles Williams,69,Male,25641,666,Savings,3691.56,1,0,0,Medium,60,0,0
CUST-00727,Karen Hernandez,26,Male,116795,739,Standard Checking,10924.2,0,0,0,Medium,63.2,0,0
CUST-00728,Thomas Gonzalez,37,Male,50751,688,Standard Checking,356.35,1,0,1,High,90.2,0,0
CUST-00729,David Johnson,35,Female,40401,704,Standard Checking,8986.98,1,0,0,Medium,58.6,0,0
CUST-00730,William Johnson,47,Female,18993,662,Standard Checking,4556.76,1,0,0,Low,21,0,0
CUST-00731,Christopher Rodriguez,82,Male,52624,626,Standard Checking,1891.76,0,0,0,Medium,62.5,0,0
CUST-00732,William Davis,41,Female,50393,706,Standard Checking,9419.86,1,0,0,High,81,0,0
CUST-00733,Thomas Smith,64,Female,25277,610,Premium Checking,41462.61,1,0,0,Medium,54.5,0,0
CUST-00734,Matthew Hernandez,61,Male,29850,539,Money Market,77293.03,1,0,0,Medium,64.9,0,0
CUST-00735,Linda Martinez,46,Male,115905,687,Premium Checking,22475.24,0,0,0,Medium,69.7,0,0
CUST-00736,Matthew Miller,85,Male,40339,622,Savings,6729.95,1,0,0,Medium,36.5,0,0
CUST-00737,John Williams,34,Male,50105,659,Standard Checking,13628.56,1,0,0,Low,25.4,0,0
CUST-00738,Sarah Jones,22,Male,64629,563,Standard Checking,5059.31,0,0,0,Low,12.9,0,1
CUST-00739,Barbara Lopez,67,Male,45383,746,Standard Checking,814.66,1,1,0,Medium,62.8,1,0
CUST-00740,Charles Garcia,57,Male,96433,491,Standard Checking,14436.08,0,0,1,Medium,62.9,0,1
CUST-00741,Mary Lopez,63,Female,33999,709,Money Market,42662.32,1,0,0,Medium,61.7,0,0
CUST-00742,Charles Jones,68,Female,39625,716,Premium Checking,69518.08,0,0,0,Medium,67.3,0,0
CUST-00743,Barbara Taylor,28,Female,39902,693,Standard Checking,7755.6,0,0,1,Low,23.8,0,0
CUST-00744,Mark Taylor,29,Female,32961,752,Savings,2372.76,0,0,1,Low,14.6,0,0
CUST-00745,Elizabeth Taylor,30,Male,31603,597,Premium Checking,47783.6,1,0,0,High,74.8,0,0
CUST-00746,Joseph Lopez,81,Male,49748,817,Savings,7767.6,1,0,1,Medium,43.2,0,0
CUST-00747,Sandra Thomas,25,Male,96265,617,Standard Checking,7101.75,0,0,0,Low,14.9,0,0
CUST-00748,Lisa Jackson,82,Female,27200,726,Premium Checking,62379.77,0,0,0,Medium,67.3,0,0
CUST-00749,Linda Taylor,26,Female,44617,807,Savings,1978.36,0,0,1,High,80,0,0
CUST-00750,Daniel Jones,19,Male,71806,665,Savings,4001.85,0,0,0,Medium,32.9,0,0
CUST-00751,Nancy Thomas,30,Male,131881,629,Standard Checking,11003.19,1,0,0,High,76.9,0,0
CUST-00752,Jennifer Davis,19,Female,78402,735,Savings,9228.75,1,1,0,Low,29,0,0
CUST-00753,Matthew Moore,85,Female,44220,639,Money Market,68702.08,1,0,0,Medium,52.3,0,0
CUST-00754,Matthew Lopez,65,Male,37036,619,Savings,3199.55,1,0,0,High,97.2,0,0
CUST-00755,Joseph Rodriguez,20,Male,86217,728,Savings,13203.73,0,0,1,Medium,47.1,0,0
CUST-00756,Richard Anderson,85,Female,76226,732,Premium Checking,39258.87,1,0,0,Medium,57.8,0,0
CUST-00757,Elizabeth Thomas,23,Male,49415,677,Savings,272.5,1,0,0,High,99.9,0,0
CUST-00758,Michael Taylor,22,Female,44185,684,Money Market,121805.69,0,0,0,Medium,60.6,0,0
CUST-00759,Daniel Miller,20,Female,134396,691,Savings,8746.02,1,0,1,High,98.8,0,0
CUST-00760,Susan Anderson,27,Female,124482,666,Standard Checking,7094.97,0,0,1,High,75.4,0,0
CUST-00761,Christopher Miller,60,Male,59633,660,Standard Checking,5366.07,1,0,0,Medium,52.9,0,0
CUST-00762,William Jackson,36,Male,54347,585,Savings,5668.28,1,0,0,High,89.9,0,0
CUST-00763,Jessica Davis,31,Male,27599,628,Standard Checking,7444.11,1,0,0,Medium,39.9,0,0
CUST-00764,Sarah Moore,38,Female,50131,679,Savings,3198.05,1,0,0,Medium,36.5,0,0
CUST-00765,Sandra Martin,60,Female,89687,827,Standard Checking,2015.6,0,0,1,High,81.8,1,0
CUST-00766,Michael Williams,45,Non-Binary,18663,599,Money Market,95165.05,1,0,0,High,85.4,0,0
CUST-00767,Sarah Martinez,38,Female,66244,645,Savings,6824.77,0,0,1,None,0,0,1
CUST-00768,Michael Taylor,53,Female,69154,589,Savings,10170.88,1,0,0,Medium,65.7,0,0
CUST-00769,Susan Williams,41,Male,69250,534,Standard Checking,7415.51,0,0,0,Low,12.8,0,1
CUST-00770,Barbara Gonzalez,71,Male,35360,776,Savings,5916.69,1,0,1,None,0,0,0
CUST-00771,Mary Williams,55,Male,41728,717,Premium Checking,25589.78,1,0,1,Low,17.8,0,0
CUST-00772,Robert Hernandez,34,Male,35945,774,Standard Checking,8681.74,1,0,0,None,0,0,0
CUST-00773,Linda Lopez,39,Female,132527,548,Money Market,47302.41,0,0,0,Low,29.9,0,0
CUST-00774,Michael Anderson,62,Female,106819,724,Standard Checking,12274.64,1,0,0,Medium,57,0,0
CUST-00775,Lisa Taylor,78,Male,59062,829,Standard Checking,11914.38,1,1,0,Medium,51.2,0,0
CUST-00776,Patricia Gonzalez,28,Male,49844,747,Savings,9676.54,1,0,1,Low,26.3,0,0
CUST-00777,Sarah Smith,78,Male,48825,719,Premium Checking,17495.71,0,1,0,Low,19.2,0,0
CUST-00778,Jessica Gonzalez,55,Male,41912,626,Money Market,136349.96,1,0,1,None,0,0,0
CUST-00779,Elizabeth Lopez,83,Female,19156,782,Standard Checking,9346.76,1,0,0,High,82.1,0,0
CUST-00780,Sandra Johnson,50,Female,50015,634,Standard Checking,10177.9,0,0,0,Medium,58.5,0,0
CUST-00781,Daniel Williams,60,Male,135106,715,Money Market,132873.52,1,0,0,None,0,0,0
CUST-00782,Elizabeth Johnson,48,Female,56765,607,Standard Checking,6295.29,0,0,0,Medium,69.4,0,0
CUST-00783,Sandra Gonzalez,52,Male,35987,673,Standard Checking,13665.36,1,0,0,Low,17.3,0,0
CUST-00784,Richard Moore,54,Male,55801,748,Money Market,69475.38,1,0,0,Medium,54.2,0,0
CUST-00785,John Miller,64,Female,43902,743,Premium Checking,24505.95,1,0,1,Medium,37.5,0,0
CUST-00786,Susan Martin,40,Male,29795,681,Standard Checking,14859.68,1,0,0,Medium,56.6,0,0
CUST-00787,Mark Taylor,53,Male,28006,830,Savings,9369.08,0,0,0,High,99.6,0,0
CUST-00788,Mark Lopez,57,Male,49911,665,Money Market,113265.89,1,0,0,Low,20.9,0,0
CUST-00789,Matthew Thomas,32,Male,23608,760,Savings,1844.14,0,0,0,Medium,55.9,0,0
CUST-00790,Lisa Lopez,54,Male,49436,640,Standard Checking,9676.79,1,1,0,Low,15.6,0,0
CUST-00791,Joseph Martinez,21,Male,46975,592,Standard Checking,11645.31,1,0,0,Low,21.7,0,0
CUST-00792,Sandra Miller,39,Male,70268,666,Standard Checking,7991.24,1,0,0,Medium,31.4,0,0
CUST-00793,Karen Jones,39,Female,45242,562,Standard Checking,786.77,1,0,0,High,70.7,0,1
CUST-00794,James Taylor,34,Male,28969,702,Premium Checking,65297.89,1,1,1,Medium,67.9,0,0
CUST-00795,John Gonzalez,55,Male,52946,687,Savings,2332.36,1,1,1,High,94.7,0,0
CUST-00796,Susan Moore,41,Male,82635,723,Standard Checking,6515.47,1,0,0,Medium,39,0,0
CUST-00797,Patricia Moore,23,Female,37637,679,Savings,4425.12,0,1,0,Medium,50.3,0,0
CUST-00798,Sandra Jones,85,Male,109451,659,Money Market,83147.83,0,0,1,Low,25.6,0,0
CUST-00799,Matthew Thomas,23,Female,51922,685,Standard Checking,759.32,0,0,0,Medium,48.5,0,0
CUST-00800,James Wilson,43,Male,40996,759,Premium Checking,6304.17,1,0,0,High,91.8,0,0
CUST-00801,Joseph Rodriguez,58,Female,35848,751,Savings,8612.53,1,0,0,High,83.5,0,0
CUST-00802,Joseph Taylor,55,Male,54060,769,Standard Checking,2436.67,1,0,0,Low,23.2,0,0
CUST-00803,Matthew Brown,60,Male,46789,521,Savings,13771.37,1,0,0,Medium,53.9,0,0
CUST-00804,Barbara Jones,70,Female,25771,754,Standard Checking,13123.34,1,1,1,Medium,62.9,0,0
CUST-00805,Mark Jones,32,Female,108644,728,Standard Checking,4072.56,1,0,0,High,88.8,0,0
CUST-00806,David Garcia,73,Female,41429,823,Savings,7587.37,0,0,0,Medium,68.2,0,0
CUST-00807,Michael Wilson,73,Male,108189,643,Standard Checking,7623.37,1,0,1,Medium,37.5,0,0
CUST-00808,Lisa Hernandez,48,Male,28401,658,Savings,2744.3,0,0,0,High,91,0,0
CUST-00809,Sandra Gonzalez,74,Female,79285,698,Savings,5965.72,0,0,0,Low,6.9,0,0
CUST-00810,Mary Miller,68,Female,96551,510,Standard Checking,9584.17,0,0,0,Low,5.9,0,1
CUST-00811,Karen Brown,41,Female,92623,488,Savings,7532.96,1,0,1,Medium,35,0,1
CUST-00812,Anthony Davis,75,Female,59879,701,Savings,5750.97,0,0,0,None,0,0,1
CUST-00813,Karen Jackson,21,Male,80677,598,Savings,6610.05,0,1,1,Medium,38.8,1,0
CUST-00814,Richard Wilson,27,Male,61958,586,Standard Checking,9665.59,0,0,0,High,81.6,0,0
CUST-00815,Elizabeth Hernandez,80,Female,29281,717,Standard Checking,13816.83,1,0,0,High,80.8,0,0
CUST-00816,Mary Rodriguez,32,Female,60266,568,Standard Checking,13770.83,0,0,0,Medium,56,0,0
CUST-00817,Thomas Williams,80,Female,28412,728,Standard Checking,12674.71,0,0,0,Medium,40.3,0,0
CUST-00818,Lisa Garcia,36,Female,26564,619,Premium Checking,12589.7,0,0,0,Medium,34.2,0,0
CUST-00819,Robert Jones,80,Female,56382,616,Money Market,65254.68,1,0,0,High,94.9,0,0
CUST-00820,Nancy Anderson,73,Female,36480,705,Savings,2424.77,1,0,0,Medium,48.6,0,0
CUST-00821,Daniel Taylor,38,Female,108534,593,Standard Checking,6955.6,1,0,0,Medium,40.4,0,0
CUST-00822,William Williams,51,Female,113806,801,Money Market,111010.59,1,0,0,Medium,62.4,0,0
CUST-00823,Karen Taylor,34,Male,192745,672,Savings,14603.47,1,0,0,Low,12.9,0,0
CUST-00824,Mark Martinez,35,Female,24784,678,Premium Checking,62888.7,1,0,0,High,89.5,0,0
CUST-00825,John Moore,83,Female,27859,724,Premium Checking,68167.1,0,0,1,Medium,67.7,0,0
CUST-00826,Sarah Taylor,68,Male,75686,754,Money Market,61074.54,1,1,0,None,0,0,0
CUST-00827,Lisa Williams,82,Female,41855,643,Premium Checking,48829.57,1,0,1,Low,16.1,0,0
CUST-00828,John Garcia,60,Male,34145,728,Premium Checking,21083.56,0,0,0,Medium,68,0,0
CUST-00829,Richard Anderson,74,Female,40475,732,Savings,3460.74,1,0,0,High,75.7,0,0
CUST-00830,Matthew Rodriguez,27,Female,47276,782,Premium Checking,19319.76,1,1,0,Medium,33.5,0,0
CUST-00831,Patricia Wilson,54,Female,68264,647,Standard Checking,9886.44,0,1,0,Medium,53.3,0,0
CUST-00832,Robert Johnson,65,Female,19800,732,Money Market,88227.96,1,1,0,High,90.5,0,0
CUST-00833,David Rodriguez,73,Male,60117,719,Standard Checking,7010.76,0,0,0,High,76.1,0,0
CUST-00834,Lisa Williams,53,Male,44534,709,Savings,12223.66,1,0,0,Medium,67,0,0
CUST-00835,Anthony Rodriguez,48,Female,32980,525,Premium Checking,40694.39,1,0,0,Medium,55.2,0,0
CUST-00836,John Johnson,72,Male,98150,767,Standard Checking,3268.4,1,0,0,Medium,54.8,0,0
CUST-00837,Barbara Martinez,55,Female,39544,752,Money Market,118979.88,1,0,0,High,83.3,0,0
CUST-00838,William Anderson,32,Male,41290,726,Standard Checking,10614.02,0,0,0,High,80.7,0,0
CUST-00839,Linda Jones,33,Female,42629,637,Savings,4271.53,1,0,0,High,87.8,0,0
CUST-00840,David Johnson,70,Male,107005,795,Savings,411.81,0,0,1,Medium,51.1,0,0
CUST-00841,Lisa Anderson,73,Female,51758,675,Standard Checking,12793.41,0,0,0,High,81.9,0,0
CUST-00842,Jennifer Davis,24,Female,47348,714,Standard Checking,329.3,1,0,1,High,70.2,0,0
CUST-00843,Anthony Jones,74,Male,76260,599,Standard Checking,8258.83,0,0,0,Medium,68.5,0,0
CUST-00844,Jessica Moore,72,Female,16047,658,Money Market,39259.43,0,0,1,Low,16.6,0,0
CUST-00845,Jennifer Jones,69,Female,54257,684,Premium Checking,20529.01,1,0,0,Low,23,0,0
CUST-00846,Margaret Thomas,21,Female,54662,618,Savings,2126.33,1,0,1,Low,26,0,0
CUST-00847,Richard Jones,60,Male,74134,633,Premium Checking,63477.32,1,0,0,High,86.3,0,0
CUST-00848,Richard Taylor,57,Female,56773,717,Standard Checking,8581.06,1,0,1,Medium,50.7,0,0
CUST-00849,Sarah Davis,47,Male,27866,753,Money Market,121165.87,0,0,0,Medium,32.9,0,0
CUST-00850,Richard Jackson,27,Male,21389,578,Money Market,101652.45,1,0,0,High,87.8,0,0
CUST-00851,Betty Williams,24,Female,67433,840,Savings,487.77,1,0,0,Medium,31.3,0,0
CUST-00852,Lisa Davis,53,Male,38342,619,Money Market,103628.04,1,0,0,High,89.2,0,0
CUST-00853,Mary Davis,52,Female,41594,607,Premium Checking,22972.33,1,0,1,High,81.9,0,0
CUST-00854,Anthony Gonzalez,56,Female,31930,787,Standard Checking,7223.99,1,0,0,High,80.8,0,0
CUST-00855,Richard Smith,53,Female,49365,728,Standard Checking,2277.44,1,0,0,Medium,46.2,1,0
CUST-00856,Jennifer Jackson,37,Male,47275,748,Money Market,147554.61,1,0,0,Medium,63.3,1,0
CUST-00857,Jessica Davis,66,Female,26615,620,Money Market,78266.49,0,1,0,Medium,54,0,0
CUST-00858,Margaret Smith,76,Female,72068,711,Premium Checking,73919.76,0,0,0,Medium,53.3,0,0
CUST-00859,Anthony Thomas,66,Female,34307,850,Savings,2699.48,1,0,0,Low,12.1,0,0
CUST-00860,William Gonzalez,43,Female,100022,620,Savings,4530.07,1,0,0,High,91.5,0,0
CUST-00861,David Gonzalez,53,Male,54489,731,Savings,2097.5,1,0,1,Low,26.9,0,0
CUST-00862,Matthew Martinez,60,Female,46926,625,Savings,2702.44,1,0,0,Low,9.9,0,0
CUST-00863,Patricia Garcia,60,Female,23053,606,Savings,14019.95,1,0,0,Medium,66.3,0,0
CUST-00864,Margaret Miller,50,Female,64225,662,Premium Checking,55197.94,0,0,0,High,82.7,0,0
CUST-00865,Robert Hernandez,62,Female,48054,677,Standard Checking,7869.48,1,1,0,None,0,0,1
CUST-00866,Richard Jackson,62,Male,53401,668,Standard Checking,6492.1,0,0,0,Medium,62.4,1,0
CUST-00867,Daniel Martinez,32,Male,94698,674,Standard Checking,4253.72,0,1,1,High,99.1,0,0
CUST-00868,Elizabeth Hernandez,34,Female,75722,834,Standard Checking,11980.18,0,0,0,Medium,34,1,0
CUST-00869,Christopher Miller,29,Female,85596,799,Standard Checking,3326.37,0,0,0,Medium,38.5,0,0
CUST-00870,Sarah Brown,39,Male,14677,692,Premium Checking,9837.06,0,0,0,Low,21.9,0,0
CUST-00871,Mary Wilson,40,Female,44154,686,Premium Checking,19807.58,1,1,0,Low,5,0,0
CUST-00872,Richard Lopez,29,Female,22114,781,Standard Checking,9975.54,0,0,0,Low,17.3,0,0
CUST-00873,Michael Johnson,85,Male,62071,731,Standard Checking,14441.41,0,0,1,Low,17.9,0,0
CUST-00874,Richard Wilson,68,Female,19128,698,Premium Checking,8862.5,1,0,0,Medium,51.5,0,0
CUST-00875,Anthony Taylor,30,Male,83011,837,Premium Checking,10760.87,0,0,0,Low,12.2,0,0
CUST-00876,William Taylor,74,Female,107466,619,Standard Checking,8678.38,0,0,0,Medium,43.2,0,0
CUST-00877,Linda Johnson,72,Female,44713,679,Savings,11648.85,0,0,0,High,99.8,0,0
CUST-00878,Margaret Gonzalez,45,Male,58170,670,Standard Checking,3121.96,1,1,0,High,71.5,0,0
CUST-00879,John Thomas,61,Female,106511,712,Premium Checking,21656.44,0,1,0,Low,13.8,0,0
CUST-00880,Jennifer Jackson,36,Male,139280,606,Standard Checking,4124.32,1,0,0,Medium,51.4,0,0
CUST-00881,Sandra Miller,63,Male,113908,713,Standard Checking,1091.37,1,0,0,High,88.9,0,0
CUST-00882,Elizabeth Rodriguez,20,Female,64177,660,Standard Checking,14736.63,1,1,0,Medium,52.1,1,0
CUST-00883,Mary Anderson,37,Female,109861,752,Premium Checking,51054.12,1,0,0,High,79,0,0
CUST-00884,Sandra Jones,42,Female,30248,658,Savings,10588.41,0,1,0,Medium,47.9,0,0
CUST-00885,Mark Brown,73,Male,34817,639,Standard Checking,6627.75,1,0,0,High,99.7,0,0
CUST-00886,Karen Brown,78,Male,78265,728,Savings,3001,0,0,1,None,0,0,1
CUST-00887,Sarah Brown,72,Male,49695,687,Savings,13280.68,1,0,0,Medium,49.6,0,0
CUST-00888,Anthony Taylor,52,Female,68694,661,Standard Checking,9480.26,1,1,0,Medium,51.4,0,0
CUST-00889,Barbara Taylor,76,Female,77482,666,Premium Checking,12296.16,1,0,0,Low,27.5,0,0
CUST-00890,Elizabeth Smith,56,Female,78079,646,Premium Checking,25561.45,0,0,1,Low,9.7,0,0
CUST-00891,Nancy Moore,74,Female,19422,824,Standard Checking,11142.29,1,0,0,Medium,47.5,0,0
CUST-00892,Sarah Wilson,84,Female,68916,718,Standard Checking,2697.81,1,0,0,Medium,37.4,0,0
CUST-00893,Joseph Lopez,51,Non-Binary,35744,733,Standard Checking,3302.76,1,0,0,High,97.5,0,0
CUST-00894,Patricia Williams,58,Male,55701,716,Savings,1569.89,0,0,0,Medium,60.3,1,0
CUST-00895,Karen Lopez,39,Male,39244,699,Savings,11291.32,0,0,0,High,77.1,0,0
CUST-00896,Michael Hernandez,44,Male,39682,650,Savings,9489.11,1,0,0,Low,5.4,0,0
CUST-00897,James Garcia,38,Male,35951,631,Standard Checking,6391.14,1,0,0,Medium,61.8,0,0
CUST-00898,Joseph Anderson,58,Female,71659,650,Premium Checking,9037,1,0,0,High,75.4,0,0
CUST-00899,Charles Hernandez,48,Male,45071,726,Savings,8344.62,0,0,0,Medium,33,0,0
CUST-00900,Betty Johnson,44,Male,43281,649,Savings,9710.1,1,0,0,High,83.7,0,0
CUST-00901,Susan Johnson,54,Male,41517,770,Standard Checking,3747.73,0,0,1,None,0,0,0
CUST-00902,Mark Brown,83,Male,65754,798,Savings,4818.23,1,0,0,Low,19.8,0,0
CUST-00903,Thomas Williams,71,Male,31974,558,Savings,3247.02,1,0,0,Medium,35.7,0,1
CUST-00904,Richard Rodriguez,26,Male,108537,792,Premium Checking,50689.98,1,0,0,High,91.1,0,0
CUST-00905,Michael Anderson,59,Male,35329,602,Savings,3711.27,0,0,0,Low,16.6,0,0
CUST-00906,Daniel Hernandez,53,Male,39383,661,Savings,7321.1,0,0,0,Medium,43.8,0,0
CUST-00907,Karen Johnson,27,Female,49542,690,Premium Checking,34229.5,1,0,0,Medium,33.2,0,0
CUST-00908,Joseph Wilson,76,Male,62123,534,Money Market,103382.81,1,0,0,Medium,32,1,0
CUST-00909,Karen Hernandez,57,Female,44719,631,Money Market,12629.3,1,0,1,Medium,53,0,0
CUST-00910,Anthony Williams,71,Female,43587,691,Money Market,123772.89,0,0,0,Medium,39.6,1,0
CUST-00911,Thomas Lopez,56,Male,84219,594,Standard Checking,3014.42,1,0,0,Medium,32,0,1
CUST-00912,Lisa Anderson,24,Female,15743,591,Standard Checking,14600.42,0,0,0,Medium,41.8,0,0
CUST-00913,Jessica Jones,21,Male,36747,809,Savings,7800.42,0,0,0,Medium,69,0,0
CUST-00914,Anthony Martin,32,Male,32450,689,Savings,9051.72,1,0,0,Medium,30.7,0,0
CUST-00915,Jennifer Jackson,65,Female,40031,750,Standard Checking,2756.36,0,0,1,Medium,64.4,0,0
CUST-00916,Matthew Jones,23,Female,98365,815,Premium Checking,71876.89,1,0,0,High,89.4,0,0
CUST-00917,John Smith,52,Female,34847,736,Savings,13123.76,0,0,0,Medium,42.8,0,0
CUST-00918,Betty Garcia,85,Female,46766,644,Premium Checking,12077.92,1,0,0,Medium,52.6,0,0
CUST-00919,Joseph Johnson,75,Male,64464,638,Premium Checking,40834.75,1,0,0,None,0,0,0
CUST-00920,Mark Williams,36,Male,33126,717,Standard Checking,3881.49,1,0,1,Low,21.7,0,0
CUST-00921,Thomas Lopez,79,Female,15619,728,Money Market,102089.98,1,0,0,Medium,68.3,0,0
CUST-00922,Sarah Anderson,27,Female,13639,698,Standard Checking,6328.66,1,0,0,Low,18.4,0,0
CUST-00923,Barbara Thomas,42,Male,95420,733,Standard Checking,8780.94,1,1,1,Low,18,0,0
CUST-00924,Anthony Davis,61,Female,61496,671,Premium Checking,37906.28,1,1,1,Medium,42.2,0,0
CUST-00925,Margaret Wilson,75,Male,41612,681,Standard Checking,7876.46,0,0,0,None,0,0,1
CUST-00926,Matthew Taylor,42,Female,41312,650,Standard Checking,13371.45,1,0,1,Medium,47.5,0,0
CUST-00927,Mark Davis,57,Female,32044,619,Premium Checking,20489.71,1,0,1,None,0,0,0
CUST-00928,Joseph Wilson,27,Female,53138,617,Standard Checking,8794.78,1,0,0,Medium,62.2,1,0
CUST-00929,Sarah Martin,83,Female,70369,654,Savings,2333.08,1,0,0,Low,20.6,0,0
CUST-00930,Michael Williams,42,Male,31330,731,Premium Checking,53188.07,1,0,0,High,92.6,1,0
CUST-00931,Mark Lopez,28,Male,55781,682,Standard Checking,1405.38,1,0,0,Medium,39.9,0,0
CUST-00932,Christopher Williams,53,Male,31832,650,Savings,2200.38,1,0,1,Medium,69.5,0,0
CUST-00933,Karen Wilson,66,Female,46830,661,Premium Checking,19583.8,1,0,1,None,0,0,0
CUST-00934,Joseph Wilson,65,Female,37027,552,Money Market,56437.92,1,0,1,High,88.2,0,0
CUST-00935,Michael Taylor,24,Female,77234,642,Standard Checking,10277.93,1,0,0,Medium,69.4,0,0
CUST-00936,Sandra Lopez,68,Male,49207,733,Premium Checking,53979.88,1,0,0,Medium,35.7,0,0
CUST-00937,Karen Brown,34,Male,27567,599,Savings,12420.02,0,0,0,High,75.7,0,0
CUST-00938,William Garcia,49,Female,47032,570,Premium Checking,27268.77,1,0,0,High,89,0,0
CUST-00939,Jessica Johnson,43,Female,80303,594,Savings,3295.42,1,0,0,Low,20.7,0,1
CUST-00940,Lisa Davis,39,Male,26797,645,Standard Checking,1386.18,1,0,0,Medium,48.6,0,0
CUST-00941,David Gonzalez,30,Female,42722,675,Standard Checking,8756.48,1,0,0,High,81.7,0,0
CUST-00942,Thomas Davis,29,Male,40180,696,Premium Checking,55926.03,0,0,0,High,95.3,0,0
CUST-00943,Christopher Moore,18,Female,54445,729,Savings,5296.27,0,0,1,High,92.7,0,0
CUST-00944,Sandra Moore,50,Female,44081,662,Savings,14479.7,0,0,0,High,96.2,0,0
CUST-00945,Susan Anderson,31,Male,58870,731,Savings,14617.2,1,0,0,Medium,52.9,0,0
CUST-00946,Jennifer Hernandez,81,Male,34263,596,Money Market,149658.41,0,1,0,Medium,41,0,0
CUST-00947,Richard Smith,60,Male,44957,764,Standard Checking,9850.08,1,0,0,Low,26.4,0,0
CUST-00948,Margaret Garcia,75,Male,44231,705,Savings,5297.84,0,0,0,Medium,52.8,0,0
CUST-00949,William Davis,58,Female,119996,539,Premium Checking,7244.04,0,0,1,Medium,47.1,0,1
CUST-00950,David Jackson,85,Male,57320,687,Standard Checking,11123.96,1,0,0,None,0,0,0
CUST-00951,Lisa Rodriguez,56,Male,74779,842,Premium Checking,39680.34,1,0,0,High,87.7,0,0
CUST-00952,Thomas Lopez,18,Female,123087,823,Savings,812.54,1,0,0,High,95.8,0,0
CUST-00953,Matthew Wilson,58,Female,55596,678,Standard Checking,2131.95,0,0,0,Low,23.2,0,0
CUST-00954,Joseph Thomas,62,Male,43710,721,Savings,1194.41,1,0,0,High,93.3,0,0
CUST-00955,Nancy Martin,30,Female,29923,602,Premium Checking,64111.24,1,0,0,Medium,55.2,0,0
CUST-00956,James Martinez,26,Female,26462,590,Savings,4331.56,1,0,0,Medium,51.8,0,1
CUST-00957,Linda Moore,80,Male,16662,666,Savings,8449.68,1,0,0,Low,20.8,0,0
CUST-00958,Margaret Smith,40,Female,76293,645,Premium Checking,73863.76,1,1,0,None,0,0,0
CUST-00959,Mary Smith,71,Female,61621,690,Standard Checking,5272.14,0,0,0,Medium,47.5,0,0
CUST-00960,James Rodriguez,64,Male,43632,724,Standard Checking,5260.16,0,0,0,Medium,56.9,0,0
CUST-00961,Richard Smith,56,Female,43082,721,Standard Checking,11239.26,1,0,0,Medium,44.9,0,0
CUST-00962,Richard Martin,43,Female,29726,751,Standard Checking,5335.54,1,0,0,High,89.7,0,0
CUST-00963,Betty Miller,18,Female,62805,715,Savings,5282.88,1,0,0,None,0,0,1
CUST-00964,Mary Garcia,31,Female,36280,758,Standard Checking,9051.84,1,0,0,High,72.3,0,0
CUST-00965,Michael Wilson,82,Female,42979,752,Premium Checking,10431.43,1,0,0,Medium,54.2,0,0
CUST-00966,Betty Moore,84,Female,28139,666,Standard Checking,5161.65,1,0,0,Medium,54,0,0
CUST-00967,Joseph Johnson,66,Female,30706,536,Standard Checking,2009.3,1,1,0,High,93.7,0,1
CUST-00968,Elizabeth Lopez,67,Male,78096,594,Standard Checking,13218.92,1,1,0,Low,20.6,0,0
CUST-00969,Thomas Davis,75,Male,85500,721,Savings,4983.53,1,0,0,Medium,40.9,0,0
CUST-00970,David Williams,70,Male,26406,691,Money Market,35166.1,1,0,0,High,84.8,0,0
CUST-00971,Anthony Garcia,74,Male,65984,823,Savings,1353.48,1,0,0,Medium,46.5,0,0
CUST-00972,William Garcia,35,Male,33862,569,Standard Checking,7445.47,1,0,1,Low,14.6,0,0
CUST-00973,William Miller,33,Male,38204,742,Savings,9887.6,1,0,0,Medium,38.3,0,0
CUST-00974,William Moore,19,Female,89362,678,Savings,716.8,1,0,0,High,88.8,0,0
CUST-00975,Barbara Davis,30,Female,42485,623,Savings,5018.27,0,0,0,High,73.2,0,0
CUST-00976,Linda Moore,62,Female,42310,803,Savings,8372.55,1,0,0,Medium,51,0,0
CUST-00977,Margaret Martin,60,Non-Binary,21573,603,Premium Checking,46478.99,1,0,0,Low,17.8,0,0
CUST-00978,Sandra Anderson,71,Non-Binary,41399,703,Standard Checking,11504.9,1,0,1,High,80,0,0
CUST-00979,Anthony Miller,48,Female,35854,767,Standard Checking,8525.03,1,0,0,High,71.2,0,0
CUST-00980,David Martin,26,Male,61669,621,Standard Checking,3172.06,1,1,1,High,80.6,0,0
CUST-00981,Jessica Brown,65,Male,37380,551,Standard Checking,14533.6,1,0,0,High,86,0,0
CUST-00982,Jennifer Williams,35,Female,90387,723,Money Market,34409.22,1,0,1,Low,8.3,0,0
CUST-00983,William Martinez,28,Male,59759,759,Savings,2363.21,1,0,0,Medium,66.9,0,0
CUST-00984,Susan Hernandez,79,Female,54097,644,Premium Checking,30109.09,1,1,0,Low,20.3,0,0
CUST-00985,Sarah Lopez,36,Male,69655,569,Standard Checking,11114.19,0,0,0,Medium,55.1,0,0
CUST-00986,Daniel Lopez,41,Male,54194,697,Savings,1417.31,1,0,0,Low,20.4,0,0
CUST-00987,Richard Gonzalez,30,Male,70520,659,Standard Checking,2807.03,1,0,0,High,86.3,0,0
CUST-00988,Charles Jackson,63,Female,45541,549,Savings,9389.81,1,1,0,High,91.9,0,0
CUST-00989,Daniel Wilson,70,Female,46905,720,Standard Checking,410.72,0,0,0,Medium,66.6,0,0
CUST-00990,Patricia Gonzalez,46,Female,32779,629,Savings,9919.38,1,0,0,Medium,45.4,0,0
CUST-00991,Linda Jackson,53,Male,34305,722,Savings,1012.94,0,1,1,High,75.4,0,0
CUST-00992,Barbara Moore,34,Female,93920,841,Standard Checking,5565.63,1,0,0,High,71.7,0,0
CUST-00993,Jennifer Moore,65,Female,61900,677,Money Market,65449.77,1,0,0,Medium,44.4,0,0
CUST-00994,Charles Jones,41,Female,22706,685,Premium Checking,46764.17,1,0,0,High,97.2,0,0
CUST-00995,Lisa Rodriguez,71,Male,83181,688,Standard Checking,4987.39,1,0,0,Medium,66.3,0,0
CUST-00996,Anthony Williams,18,Male,52192,672,Savings,1459.75,1,0,0,High,90.3,0,0
CUST-00997,Margaret Martinez,84,Male,32979,598,Savings,2137.39,0,1,0,High,71.7,0,1
CUST-00998,Charles Williams,23,Female,119705,701,Money Market,69888.26,0,0,0,Low,11.7,0,0
CUST-00999,Mark Anderson,72,Male,91980,640,Standard Checking,8611.22,1,0,0,Medium,30.3,0,0
CUST-01000,James Miller,55,Male,71519,648,Premium Checking,15116.97,0,1,0,High,71,0,0
CUST-01001,Barbara Taylor,50,Male,53074,628,Premium Checking,47002.85,1,0,0,High,94,0,0
CUST-01002,Sandra Martin,25,Female,58111,711,Standard Checking,10525.07,1,1,0,Medium,33.6,0,0
CUST-01003,Robert Brown,37,Female,16589,625,Savings,2890.12,0,0,1,High,92.4,0,0
CUST-01004,Margaret Lopez,72,Female,71269,706,Standard Checking,14866.24,1,0,1,Medium,46.3,1,0
CUST-01005,Sandra Martin,65,Female,53664,714,Standard Checking,2231.88,1,0,0,Medium,56.5,0,0
CUST-01006,Margaret Moore,73,Male,55332,684,Savings,8467.04,1,1,0,High,88.6,0,0
CUST-01007,Thomas Jackson,27,Male,54752,581,Premium Checking,67426.29,1,0,0,None,0,1,0
CUST-01008,William Brown,69,Male,38781,637,Standard Checking,7029.26,1,0,0,None,0,0,1
CUST-01009,Betty Johnson,67,Male,30493,673,Savings,13550.74,1,0,0,High,70.8,0,0
CUST-01010,Patricia Johnson,51,Female,51349,587,Savings,8830.73,1,0,1,Medium,55.6,0,0
CUST-01011,Joseph Johnson,53,Female,25167,701,Premium Checking,49201.89,1,0,0,Medium,52.3,0,0
CUST-01012,Patricia Garcia,78,Female,56435,780,Savings,10713.91,0,0,0,High,77.9,0,0
CUST-01013,Michael Martinez,33,Male,29315,715,Savings,8840.93,0,0,0,High,86.8,0,0
CUST-01014,Charles Jackson,35,Male,79462,593,Premium Checking,66627.49,0,0,0,High,89.5,0,0
CUST-01015,Betty Lopez,64,Male,24023,849,Savings,4401.89,0,0,0,Medium,62.1,0,0
CUST-01016,John Gonzalez,49,Female,47961,643,Savings,1859.19,1,0,0,High,72.1,0,0
CUST-01017,Sarah Davis,60,Male,50890,697,Standard Checking,8243.25,0,1,1,Medium,63.5,0,0
CUST-01018,Christopher Anderson,57,Male,90192,632,Standard Checking,6597.97,1,0,1,Low,18.6,0,0
CUST-01019,James Williams,82,Female,55703,694,Standard Checking,6482.8,1,0,1,Medium,58,0,0
CUST-01020,Betty Davis,52,Female,32638,776,Standard Checking,4278.35,1,0,0,High,89.4,0,0
CUST-01021,Patricia Thomas,67,Male,31385,605,Standard Checking,12270.44,1,0,1,High,80.1,0,0
CUST-01022,Sandra Martinez,29,Male,101058,647,Standard Checking,6404.28,0,0,0,Medium,42,0,0
CUST-01023,Barbara Wilson,75,Male,48118,691,Premium Checking,19649.64,1,1,0,Medium,36.6,0,0
CUST-01024,Susan Johnson,80,Female,44485,559,Savings,3998.03,1,0,0,Medium,67.2,0,1
CUST-01025,Daniel Jones,66,Male,34633,737,Money Market,76188.79,1,0,0,High,95,0,0
CUST-01026,Robert Garcia,53,Female,26732,629,Savings,12443.42,1,1,0,Medium,30.8,0,0
CUST-01027,Richard Rodriguez,71,Female,126792,683,Standard Checking,5530.49,1,0,0,High,98.2,0,0
CUST-01028,Sandra Anderson,64,Male,50600,602,Premium Checking,21982.86,1,0,0,Medium,53.4,0,0
CUST-01029,Susan Miller,49,Male,28270,600,Savings,13343.96,0,1,0,Medium,68.7,0,0
CUST-01030,Matthew Martin,70,Male,71052,679,Standard Checking,13434.93,0,0,0,High,74.8,0,0
CUST-01031,Mary Miller,49,Male,66084,789,Standard Checking,10234.01,1,0,0,Low,5.5,0,0
CUST-01032,Jennifer Taylor,79,Male,26248,613,Savings,12398.46,1,0,0,High,81.8,0,0
CUST-01033,Anthony Johnson,54,Female,36596,744,Standard Checking,12482.61,1,1,0,None,0,0,0
CUST-01034,John Jones,55,Female,61653,771,Premium Checking,62561.86,1,1,1,Medium,39.3,0,0
CUST-01035,Robert Smith,47,Male,70454,748,Savings,7005.77,1,0,1,Low,22.1,0,0
CUST-01036,Linda Lopez,75,Female,33488,668,Savings,14185.48,0,0,0,Low,8.8,0,0
CUST-01037,Lisa Brown,49,Male,19290,696,Standard Checking,4959.05,1,0,0,Medium,46.8,0,0
CUST-01038,Richard Anderson,83,Female,55438,787,Savings,11884.84,1,0,0,Medium,47.2,0,0
CUST-01039,David Martinez,68,Female,75229,746,Standard Checking,3448.99,1,0,0,Medium,59.9,0,0
CUST-01040,John Wilson,28,Female,47613,681,Money Market,108701.63,0,0,0,Medium,56.9,0,0
CUST-01041,Jessica Martinez,76,Male,42065,597,Standard Checking,12457.37,1,0,1,High,93.9,0,0
CUST-01042,Mark Martinez,37,Female,108368,808,Standard Checking,10865.67,0,0,0,High,92.5,0,0
CUST-01043,Barbara Rodriguez,54,Female,17926,688,Standard Checking,10634.39,0,0,1,High,100,0,0
CUST-01044,James Jones,66,Male,70390,641,Standard Checking,7012.71,0,0,0,Medium,42.4,0,0
CUST-01045,Karen Davis,36,Female,72524,716,Standard Checking,13504.95,1,0,0,Medium,37.9,0,0
CUST-01046,David Lopez,72,Female,33328,532,Premium Checking,15331.23,1,0,0,High,95.5,0,0
CUST-01047,James Martin,57,Male,15420,728,Savings,13600.16,1,0,0,High,91.7,0,0
CUST-01048,Margaret Hernandez,24,Male,71606,722,Premium Checking,70051.6,1,1,0,Medium,37.5,0,0
CUST-01049,Robert Anderson,22,Female,57577,704,Money Market,49966.22,0,0,0,High,80.3,0,0
CUST-01050,Robert Lopez,59,Male,99772,745,Standard Checking,9358.64,0,1,0,Medium,62.5,0,0
CUST-01051,Robert Taylor,65,Male,36960,699,Standard Checking,3977.94,1,1,0,Medium,66.2,0,0
CUST-01052,Thomas Lopez,24,Male,53491,721,Savings,11325.7,1,0,1,High,86,0,0
CUST-01053,Lisa Anderson,28,Male,21183,727,Standard Checking,2921.27,0,0,0,Medium,41,1,0
CUST-01054,Joseph Garcia,66,Male,70372,753,Standard Checking,6226.18,1,0,0,High,77.4,0,0
CUST-01055,Barbara Martin,47,Male,22793,657,Savings,13494.54,0,0,1,High,74.6,0,0
CUST-01056,Sarah Wilson,58,Male,48123,710,Standard Checking,5944,1,0,0,Medium,35.4,0,0
CUST-01057,Mary Rodriguez,20,Female,29132,647,Savings,12403.49,0,0,0,High,96.9,0,0
CUST-01058,Robert Martin,57,Male,58045,701,Standard Checking,1527.99,1,0,0,High,90.3,0,0
CUST-01059,Betty Smith,68,Male,44611,678,Money Market,70311.39,1,1,0,Low,16.3,0,0
CUST-01060,Daniel Williams,49,Male,43736,616,Standard Checking,2712.15,0,0,1,High,97.1,0,0
CUST-01061,Jennifer Jones,65,Male,47524,719,Savings,2516.42,0,0,0,Medium,31,0,0
CUST-01062,Christopher Jones,37,Male,49813,555,Savings,14678.48,1,0,1,Low,28,0,0
CUST-01063,James Taylor,52,Male,98996,603,Standard Checking,1719.59,0,0,0,High,92.7,0,1
CUST-01064,Charles Wilson,41,Female,62069,729,Standard Checking,2284.87,0,1,0,Low,10.8,0,0
CUST-01065,Barbara Martinez,57,Male,34822,633,Premium Checking,54183.64,1,0,0,High,84.4,0,0
CUST-01066,Karen Moore,69,Male,36225,717,Savings,8997.19,1,0,0,Medium,51.1,0,0
CUST-01067,Lisa Hernandez,56,Female,81382,840,Savings,7413.81,1,0,1,Medium,66,0,0
CUST-01068,Sandra Johnson,85,Male,28699,533,Premium Checking,67188.33,0,0,0,None,0,0,0
CUST-01069,Matthew Moore,78,Female,49320,700,Money Market,96817.41,1,0,0,None,0,0,0
CUST-01070,Mark Miller,82,Female,21075,809,Savings,660.3,0,0,0,Low,10.5,0,0
CUST-01071,Lisa Anderson,79,Male,46232,697,Standard Checking,5224.06,1,0,1,Medium,58.4,0,0
CUST-01072,David Moore,19,Non-Binary,28238,680,Savings,11620.83,1,1,1,High,88.8,0,0
CUST-01073,Daniel Lopez,23,Female,35431,651,Standard Checking,12226.43,1,0,0,Low,16.3,0,0
CUST-01074,Jennifer Martin,60,Male,53882,624,Savings,10718.2,0,0,0,High,90.6,0,0
CUST-01075,Daniel Gonzalez,57,Female,66344,535,Standard Checking,6089.28,1,0,0,High,87.6,0,1
CUST-01076,Karen Thomas,56,Female,34287,646,Savings,9174.55,1,0,1,High,82.5,0,0
CUST-01077,Sarah Martinez,45,Female,85918,684,Premium Checking,69442.84,1,0,0,Medium,65.9,0,0
CUST-01078,Margaret Davis,80,Female,27111,690,Savings,3814.29,1,0,0,Medium,61.2,0,0
CUST-01079,Sarah Smith,81,Female,72501,745,Premium Checking,66994.12,0,0,0,None,0,0,0
CUST-01080,Daniel Davis,29,Male,39782,741,Savings,1177.68,1,0,0,High,70.7,0,0
CUST-01081,Mark Garcia,58,Male,79047,695,Money Market,142816.13,1,0,0,Medium,45,0,0
CUST-01082,Robert Anderson,46,Male,39758,702,Savings,6501.92,1,0,1,High,70.3,0,0
CUST-01083,Nancy Anderson,40,Male,34625,675,Savings,13116.52,1,0,1,Medium,60.2,0,0
CUST-01084,Mary Smith,68,Female,66482,627,Standard Checking,3365.85,1,0,0,Medium,32.8,0,0
CUST-01085,Daniel Hernandez,62,Male,61124,745,Standard Checking,11529.52,0,0,0,Low,14.5,0,0
CUST-01086,Elizabeth Moore,39,Female,37396,668,Standard Checking,12071.16,1,0,0,Medium,60.9,0,0
CUST-01087,Sarah Taylor,27,Male,64274,698,Premium Checking,42265.4,0,0,0,Medium,54.2,0,0
CUST-01088,Betty Davis,24,Male,45883,850,Premium Checking,40989.9,1,1,1,Low,6.4,0,0
CUST-01089,Joseph Davis,32,Female,52766,743,Standard Checking,13819.56,0,0,1,High,71.7,0,0
CUST-01090,Thomas Lopez,63,Male,58022,665,Standard Checking,8553.82,0,0,1,None,0,0,1
CUST-01091,Anthony Davis,78,Female,24270,573,Money Market,78577.32,0,0,0,High,80.4,0,0
CUST-01092,Matthew Wilson,78,Male,49086,757,Savings,2831.27,0,0,0,High,89.9,0,0
CUST-01093,Patricia Smith,68,Male,23593,475,Standard Checking,12277.09,1,0,0,Low,25.9,0,1
CUST-01094,James Jackson,55,Male,29014,650,Standard Checking,2944.2,1,0,0,Medium,60.8,0,0
CUST-01095,Jessica Wilson,29,Male,46417,548,Standard Checking,12663.99,0,0,0,High,85.3,0,0
CUST-01096,Christopher Thomas,83,Male,79919,645,Savings,9353.38,0,0,0,High,94.9,0,0
CUST-01097,Robert Rodriguez,71,Female,43618,644,Standard Checking,9920.02,0,0,0,High,76.1,0,0
CUST-01098,Betty Johnson,56,Female,41059,690,Savings,6590.19,1,0,0,Medium,37,0,0
CUST-01099,Sarah Garcia,56,Male,39110,665,Standard Checking,589.45,1,0,1,High,97.7,0,0
CUST-01100,William Smith,47,Male,59638,746,Savings,8343.23,1,0,0,High,87.1,0,0
CUST-01101,William Thomas,65,Female,28011,724,Savings,10721.05,1,0,0,Low,24.1,0,0
CUST-01102,Richard Rodriguez,48,Male,24278,738,Savings,95.71,1,0,0,Medium,32.1,0,0
CUST-01103,Christopher Gonzalez,42,Male,96392,581,Savings,438.86,0,0,0,High,82.6,0,1
CUST-01104,William Hernandez,85,Female,60301,670,Savings,13610.6,1,0,1,High,87.2,0,0
CUST-01105,Patricia Johnson,68,Female,34513,723,Standard Checking,10221.21,1,0,0,Medium,31.6,0,0
CUST-01106,Mark Garcia,30,Female,35559,686,Money Market,12129.31,0,0,0,Low,7.9,1,0
CUST-01107,Susan Brown,80,Female,37127,638,Standard Checking,446.35,0,0,0,Medium,56.7,0,0
CUST-01108,Jennifer Jackson,59,Male,25519,627,Premium Checking,70968.97,1,0,0,Low,22.5,0,0
CUST-01109,Jennifer Johnson,71,Male,41913,809,Standard Checking,11219.54,1,1,0,Low,16,0,0
CUST-01110,Sarah Gonzalez,84,Male,49577,712,Standard Checking,1418.04,1,0,1,Medium,66.4,1,0
CUST-01111,William Jackson,73,Female,96540,532,Savings,2866.2,0,0,0,None,0,0,1
CUST-01112,Richard Hernandez,36,Male,51683,592,Standard Checking,7657.42,0,0,0,High,84.6,0,0
CUST-01113,James Miller,63,Female,71043,533,Premium Checking,52906.03,0,0,0,Medium,38.2,0,0
CUST-01114,Matthew Anderson,32,Female,42375,582,Standard Checking,4966.21,1,0,0,Medium,68.9,0,1
CUST-01115,James Lopez,49,Male,38974,597,Savings,12425.83,1,0,0,High,96.4,0,0
CUST-01116,Betty Miller,66,Male,48870,765,Standard Checking,187.46,1,0,0,None,0,0,1
CUST-01117,Joseph Jackson,38,Male,75211,717,Standard Checking,2771.38,1,0,0,Low,18.9,0,0
CUST-01118,Margaret Smith,82,Male,36336,620,Standard Checking,4390.3,0,0,1,Medium,55.8,0,0
CUST-01119,Thomas Taylor,44,Male,54782,624,Savings,10651.31,0,0,1,Medium,63.5,0,0
CUST-01120,John Lopez,40,Male,54041,637,Standard Checking,8710.39,0,0,1,Medium,37.7,0,0
CUST-01121,Jennifer Hernandez,64,Female,48421,617,Premium Checking,8155.36,0,0,0,Medium,51.8,0,0
CUST-01122,John Davis,29,Female,75470,660,Savings,8743.38,1,0,0,High,91.6,0,0
CUST-01123,Susan Wilson,83,Female,50063,621,Standard Checking,13351.93,1,0,0,Medium,67.9,0,0
CUST-01124,Elizabeth Johnson,22,Female,45689,663,Money Market,77986.74,1,1,0,High,90.1,0,0
CUST-01125,Susan Rodriguez,26,Male,47728,587,Standard Checking,10456.29,0,0,1,None,0,1,1
CUST-01126,John Davis,37,Male,17000,675,Savings,5215.28,1,1,0,Medium,65.1,0,0
CUST-01127,Jessica Johnson,80,Male,45277,695,Savings,10703.63,1,0,0,Medium,56.9,0,0
CUST-01128,Jennifer Lopez,47,Male,28779,607,Standard Checking,13012.06,1,0,0,None,0,0,1
CUST-01129,Robert Johnson,33,Female,44206,630,Premium Checking,63885,1,0,0,None,0,0,0
CUST-01130,Jessica Jones,22,Female,48440,666,Savings,5823.13,1,0,0,Medium,37.3,0,0
CUST-01131,Joseph Lopez,46,Male,61654,740,Premium Checking,27544.42,0,0,0,Medium,50.9,0,0
CUST-01132,Patricia Anderson,64,Male,134184,759,Standard Checking,14343.97,0,0,0,Low,13.2,0,0
CUST-01133,David Thomas,39,Male,96036,672,Savings,1068.96,0,0,0,None,0,0,1
CUST-01134,Daniel Garcia,74,Male,48761,699,Standard Checking,7770.23,1,0,0,Low,22.5,0,0
CUST-01135,Susan Moore,52,Female,64816,669,Savings,2771,1,0,0,High,90.7,0,0
CUST-01136,Barbara Hernandez,77,Female,40125,765,Standard Checking,4146.61,1,0,0,Medium,41.6,0,0
CUST-01137,Richard Hernandez,77,Female,53950,796,Savings,9560.35,0,0,0,None,0,0,0
CUST-01138,Daniel Thomas,75,Female,54553,736,Standard Checking,14398.91,0,0,0,High,98.1,0,0
CUST-01139,Joseph Anderson,20,Male,30024,710,Money Market,106375.89,1,0,0,Medium,45.7,0,0
CUST-01140,Matthew Brown,51,Female,38932,710,Savings,3901.17,1,0,1,None,0,0,1
CUST-01141,David Jackson,62,Female,20979,689,Premium Checking,34019.13,0,0,1,Medium,52.5,0,0
CUST-01142,Joseph Brown,67,Male,44903,626,Standard Checking,9010.02,0,0,1,High,95.6,0,0
CUST-01143,Christopher Gonzalez,19,Male,48148,642,Premium Checking,65944.53,1,0,0,Low,13.8,0,0
CUST-01144,Nancy Jackson,32,Female,47264,697,Standard Checking,6931.12,1,1,0,None,0,0,1
CUST-01145,Mary Wilson,54,Male,29710,644,Standard Checking,7154.68,0,0,0,High,79.2,0,0
CUST-01146,Mark Brown,32,Female,47102,585,Standard Checking,8896.03,1,0,0,High,84,0,0
CUST-01147,Jessica Martin,77,Male,53161,665,Money Market,48962.17,0,0,0,Medium,35.8,0,0
CUST-01148,Susan Anderson,81,Female,61746,567,Premium Checking,34060.08,1,0,0,Low,11.2,0,0
CUST-01149,Margaret Williams,69,Female,56063,813,Premium Checking,37575.65,0,1,0,Low,11.1,0,0
CUST-01150,Linda Thomas,40,Female,41922,640,Savings,1004.92,1,0,0,Medium,54.8,1,0
CUST-01151,Elizabeth Brown,54,Female,45666,678,Savings,887.95,0,0,0,None,0,0,1
CUST-01152,Sandra Moore,58,Female,55710,763,Savings,13017.65,1,0,0,Medium,45.1,0,0
CUST-01153,Mary Taylor,74,Female,39646,850,Savings,1924.44,1,0,1,Medium,36.9,0,0
CUST-01154,Richard Brown,42,Male,31999,666,Standard Checking,1080.39,1,1,1,Medium,64,0,0
CUST-01155,Betty Hernandez,54,Male,40572,624,Standard Checking,12404.3,0,0,1,Low,29.7,0,0
CUST-01156,Michael Lopez,57,Male,59482,725,Money Market,24342.07,1,1,0,Low,11.1,0,0
CUST-01157,Elizabeth Miller,63,Male,70318,677,Money Market,76365.11,1,0,0,Low,19.4,0,0
CUST-01158,Richard Miller,77,Female,78122,670,Premium Checking,33141.69,0,0,0,Medium,35,0,0
CUST-01159,Lisa Taylor,36,Female,32079,693,Standard Checking,2480.03,1,0,0,High,95.8,0,0
CUST-01160,Elizabeth Martinez,26,Male,128349,710,Premium Checking,20454.95,1,0,1,Medium,47.8,0,0
CUST-01161,Lisa Brown,22,Male,34424,821,Standard Checking,10212.09,1,1,0,Low,24.4,0,0
CUST-01162,Karen Brown,43,Male,43758,586,Standard Checking,6468.09,0,0,1,High,76.5,1,0
CUST-01163,Nancy Miller,36,Male,88869,815,Standard Checking,13236.08,1,0,0,High,83.8,0,0
CUST-01164,Nancy Smith,47,Male,21305,664,Standard Checking,1859.69,1,0,0,High,88.7,0,0
CUST-01165,Barbara Gonzalez,65,Female,52326,742,Standard Checking,7174.41,1,0,0,Medium,39.6,0,0
CUST-01166,Elizabeth Anderson,33,Female,42445,690,Premium Checking,29261.94,1,0,1,Medium,43.9,0,0
CUST-01167,Anthony Gonzalez,35,Female,24402,681,Standard Checking,11397.72,0,0,0,High,96.3,0,0
CUST-01168,Daniel Rodriguez,73,Male,24584,693,Standard Checking,2183.15,0,0,0,Medium,30.5,0,0
CUST-01169,Betty Rodriguez,38,Male,85912,624,Standard Checking,8047.22,1,0,0,Low,11.8,0,0
CUST-01170,Joseph Martinez,48,Female,63452,792,Premium Checking,41867.56,0,1,0,Low,15.8,0,0
CUST-01171,Lisa Martinez,18,Male,78760,719,Savings,6275.39,1,0,0,Low,7.8,0,0
CUST-01172,Linda Thomas,20,Male,29146,706,Savings,5422.12,1,0,0,Medium,63.5,0,0
CUST-01173,Thomas Jones,42,Male,56606,658,Money Market,39460.32,1,0,0,Medium,66.6,0,0
CUST-01174,Patricia Moore,25,Female,151563,583,Money Market,31427.8,1,0,1,High,85.1,0,0
CUST-01175,Lisa Jackson,82,Female,43541,727,Premium Checking,40856.48,0,0,0,High,94.5,0,0
CUST-01176,Patricia Miller,79,Female,50271,731,Savings,5684.79,1,0,0,None,0,0,1
CUST-01177,Elizabeth Moore,24,Male,49294,721,Standard Checking,9753.85,1,1,0,None,0,0,0
CUST-01178,Charles Brown,24,Female,46412,686,Standard Checking,14825.07,1,0,0,High,86.6,0,0
CUST-01179,Elizabeth Smith,25,Female,33199,664,Savings,7192.22,1,0,0,Low,15.4,0,0
CUST-01180,Daniel Moore,36,Male,50107,766,Standard Checking,12375.51,0,0,0,Medium,46.5,0,0
CUST-01181,Robert Anderson,34,Female,110620,713,Premium Checking,37999.72,1,0,0,High,74.4,0,0
CUST-01182,Thomas Williams,28,Female,47800,699,Standard Checking,8341.33,1,0,0,Medium,35.7,0,0
CUST-01183,Barbara Johnson,66,Female,90266,577,Standard Checking,5763.2,0,0,0,Medium,65.5,0,1
CUST-01184,James Taylor,28,Female,204453,551,Standard Checking,10502.52,0,0,1,High,94.5,0,0
CUST-01185,Nancy Thomas,58,Male,32636,842,Savings,601.18,1,0,0,Low,14.8,0,0
CUST-01186,Robert Anderson,79,Female,64224,737,Standard Checking,6743.38,1,0,0,None,0,1,0
CUST-01187,John Miller,69,Male,27387,770,Savings,7443.72,1,0,0,Low,8,0,0
CUST-01188,David Martinez,83,Female,45691,566,Savings,12678.16,1,0,0,High,73.5,0,0
CUST-01189,William Wilson,85,Female,170673,749,Standard Checking,5800.88,1,1,0,High,94.3,0,0
CUST-01190,Richard Johnson,84,Female,67743,660,Premium Checking,46953.9,0,0,0,Medium,67.1,0,0
CUST-01191,John Miller,57,Male,57136,687,Premium Checking,5766.19,1,0,0,Low,20.9,0,0
CUST-01192,Christopher Moore,22,Female,27136,717,Savings,6595.23,1,0,0,High,81.9,0,0
CUST-01193,John Martinez,39,Male,36224,692,Premium Checking,61920.13,0,0,0,Medium,36.7,0,0
CUST-01194,Nancy Miller,54,Male,32281,692,Savings,726.59,1,0,0,High,87,0,0
CUST-01195,William Taylor,28,Female,29293,618,Savings,14855.02,1,0,0,Medium,63.5,0,0
CUST-01196,David Miller,61,Male,74191,722,Money Market,50623.78,1,0,1,None,0,0,0
CUST-01197,Lisa Wilson,70,Male,69209,617,Standard Checking,14782.46,1,0,0,Medium,47,0,0
CUST-01198,Charles Brown,78,Male,45142,622,Premium Checking,10178.2,0,0,0,Medium,52.8,0,0
CUST-01199,Betty Garcia,84,Male,37301,687,Standard Checking,13250.03,0,1,0,High,77.5,0,0
CUST-01200,Elizabeth Miller,30,Male,70482,591,Standard Checking,6782.13,0,0,1,High,86.5,0,0
CUST-01201,Richard Wilson,28,Female,113807,762,Money Market,63021.7,0,0,1,Low,27.2,0,0
CUST-01202,Patricia Davis,28,Female,80472,762,Standard Checking,14907.09,0,0,0,None,0,0,0
CUST-01203,Robert Smith,24,Male,51775,650,Standard Checking,2584.17,1,0,0,High,92.6,0,0
CUST-01204,Patricia Williams,34,Male,77734,662,Premium Checking,6901.53,1,0,1,Medium,43.6,1,0
CUST-01205,William Davis,65,Male,79544,682,Savings,10039.15,0,0,1,High,89.3,0,0
CUST-01206,James Garcia,31,Female,52911,542,Savings,3866.76,1,0,1,Medium,56.8,0,1
CUST-01207,William Miller,80,Male,52886,576,Savings,6491.15,1,1,0,Low,19.7,0,0
CUST-01208,Patricia Gonzalez,81,Male,37649,730,Savings,13986.41,1,0,0,Medium,42.5,0,0
CUST-01209,Thomas Johnson,82,Male,74184,707,Savings,4023.46,1,0,0,High,96.7,0,0
CUST-01210,Margaret Jones,51,Male,45058,654,Premium Checking,16981.06,0,0,0,Medium,56,0,0
CUST-01211,Barbara Davis,26,Female,30043,649,Premium Checking,40427.07,0,0,0,High,89.4,0,0
CUST-01212,Jennifer Davis,54,Male,30567,729,Savings,1123.89,1,0,0,Low,20.7,0,0
CUST-01213,Sarah Williams,47,Male,48041,548,Savings,1127.9,1,0,0,Low,28.7,0,1
CUST-01214,Nancy Lopez,58,Male,30557,811,Standard Checking,11201.33,0,0,0,Medium,67.8,0,0
CUST-01215,Mark Williams,62,Female,190967,744,Standard Checking,13804.87,1,0,0,Medium,47.3,0,0
CUST-01216,Nancy Garcia,64,Female,62552,652,Standard Checking,8897.83,0,0,0,Low,7.5,0,0
CUST-01217,Mary Lopez,24,Male,38297,706,Premium Checking,29159.2,0,0,0,Medium,39.2,0,0
CUST-01218,Mary Garcia,31,Male,53746,776,Premium Checking,9974.64,1,0,0,Medium,42.1,0,0
CUST-01219,Thomas Williams,65,Female,70820,606,Standard Checking,10820.87,1,0,0,Medium,65,0,0
CUST-01220,Mary Martin,23,Male,54660,769,Money Market,91904.47,1,0,0,High,72.7,0,0
CUST-01221,Linda Lopez,51,Non-Binary,30328,678,Premium Checking,74400.74,1,0,0,Medium,39.3,0,0
CUST-01222,Betty Brown,63,Male,46399,727,Standard Checking,844.23,1,0,1,Medium,48.9,0,0
CUST-01223,Robert Gonzalez,76,Male,43485,741,Standard Checking,13345.13,0,0,1,Medium,36.3,0,0
CUST-01224,Mark Anderson,25,Female,39053,691,Standard Checking,3426.92,1,0,1,Medium,64.2,0,0
CUST-01225,Matthew Thomas,41,Female,32392,756,Standard Checking,14936.84,0,1,0,None,0,0,0
CUST-01226,Elizabeth Thomas,84,Non-Binary,75944,650,Standard Checking,1775.53,1,0,1,Low,12.1,0,0
CUST-01227,Barbara Taylor,21,Female,62039,678,Standard Checking,1759.57,1,0,1,None,0,0,1
CUST-01228,Jessica Lopez,18,Male,61796,626,Savings,10038.54,1,1,0,Low,13.7,0,0
CUST-01229,Linda Martin,51,Female,19415,631,Savings,4088.51,0,0,0,High,81,0,0
CUST-01230,John Thomas,26,Female,40158,693,Premium Checking,64349,0,0,0,High,82.7,0,0
CUST-01231,Sandra Gonzalez,80,Female,91576,739,Premium Checking,17397.28,1,0,1,High,72.1,0,0
CUST-01232,Daniel Jackson,27,Male,59667,589,Standard Checking,9372.99,1,0,0,None,0,0,1
CUST-01233,Linda Jones,27,Male,27396,707,Standard Checking,6125.95,1,0,0,Medium,36.3,0,0
CUST-01234,Karen Davis,67,Male,112810,762,Money Market,98765.85,1,0,0,Low,9.6,0,0
CUST-01235,Lisa Lopez,61,Female,14585,772,Standard Checking,10634.5,1,0,0,Low,15.8,0,0
CUST-01236,James Martin,65,Male,52248,671,Savings,11866.87,1,0,0,None,0,0,0
CUST-01237,Jennifer Moore,23,Male,115596,606,Savings,12407.18,0,1,0,High,85.1,0,0
CUST-01238,Linda Miller,41,Female,22380,726,Standard Checking,7375.31,0,0,0,High,73.5,0,0
CUST-01239,James Thomas,75,Male,38630,711,Standard Checking,14639.73,1,0,0,Low,26.3,0,0
CUST-01240,Barbara Garcia,81,Female,24270,679,Premium Checking,63794.6,0,0,1,High,75.4,0,0
CUST-01241,Karen Johnson,73,Female,99289,659,Standard Checking,6629.82,1,1,0,Low,18.1,0,0
CUST-01242,Mark Wilson,29,Male,32546,703,Premium Checking,53768.54,0,0,1,Medium,35.8,0,0
CUST-01243,Patricia Smith,52,Male,80587,709,Standard Checking,3853.01,1,0,0,High,74.7,0,0
CUST-01244,Daniel Moore,23,Female,98168,651,Savings,11593.5,0,0,1,Low,22.4,0,0
CUST-01245,Richard Johnson,82,Female,25782,664,Standard Checking,13200.9,0,0,1,Medium,66.3,0,0
CUST-01246,William Johnson,77,Female,23206,582,Standard Checking,9953.38,1,0,0,High,81.3,0,0
CUST-01247,Anthony Rodriguez,85,Male,62291,701,Standard Checking,5849.43,1,0,0,Medium,56.1,0,0
CUST-01248,James Hernandez,46,Male,72244,709,Savings,5371.97,1,0,0,High,88.3,0,0
CUST-01249,John Martin,55,Female,47322,593,Savings,5413.89,1,0,0,Medium,38.7,0,0
CUST-01250,Sandra Brown,39,Male,49651,672,Savings,7397.46,1,1,0,Medium,37,0,0
CUST-01251,Sarah Garcia,25,Female,102736,643,Standard Checking,10900.93,1,1,0,Medium,53.8,0,0
CUST-01252,John Hernandez,80,Female,43478,759,Savings,2488.95,0,0,0,Low,26.3,0,0
CUST-01253,Joseph Jones,30,Female,97558,591,Premium Checking,32150.35,1,0,0,High,80.8,0,0
CUST-01254,Karen Martinez,44,Female,36748,758,Standard Checking,1192.98,1,0,0,Medium,51.2,0,0
CUST-01255,Barbara Anderson,35,Male,162556,769,Premium Checking,59196.35,1,0,0,High,82,0,0
CUST-01256,Thomas Martinez,35,Male,31494,510,Premium Checking,44326.8,1,1,0,None,0,0,0
CUST-01257,Jennifer Moore,79,Female,88615,724,Standard Checking,6128.27,1,0,1,High,74.7,0,0
CUST-01258,Richard Williams,31,Male,30235,715,Savings,5098.08,1,1,0,High,71,0,0
CUST-01259,Sandra Martinez,28,Female,72641,573,Savings,348.84,1,0,0,Medium,47.4,0,1
CUST-01260,Sandra Wilson,34,Non-Binary,48832,657,Standard Checking,960.27,1,0,0,High,91,0,0
CUST-01261,Jennifer Williams,68,Female,56328,649,Savings,11333.46,1,0,0,Low,7.3,0,0
CUST-01262,Jessica Miller,31,Female,68382,613,Premium Checking,35000.75,1,0,0,High,99.1,0,0
CUST-01263,Karen Wilson,74,Female,55436,635,Standard Checking,12434.19,1,0,0,Medium,42.3,0,0
CUST-01264,William Anderson,23,Male,53045,739,Standard Checking,11727.23,1,0,0,Low,20.3,0,0
CUST-01265,Christopher Williams,74,Male,19360,685,Money Market,11147.62,1,0,0,Medium,45.6,0,0
CUST-01266,Mary Johnson,21,Male,97664,638,Standard Checking,10304.69,0,0,0,High,78.4,0,0
CUST-01267,John Moore,28,Male,105292,599,Standard Checking,364.51,1,0,0,High,83.2,0,1
CUST-01268,Susan Martin,28,Male,46477,738,Standard Checking,6679.24,0,0,0,Medium,45.3,0,0
CUST-01269,Sarah Martinez,25,Female,64763,798,Savings,2399.82,1,0,0,Medium,60.9,0,0
CUST-01270,Matthew Johnson,76,Female,97046,664,Savings,5104.62,1,0,1,Medium,59.5,0,0
CUST-01271,Matthew Smith,38,Female,66213,673,Standard Checking,8383.17,1,0,0,Medium,59.1,0,0
CUST-01272,Patricia Wilson,82,Male,37579,850,Savings,10992.48,1,0,0,Medium,66.9,0,0
CUST-01273,James Wilson,41,Male,26888,738,Savings,3521.03,0,1,0,High,81.4,0,0
CUST-01274,Jessica Wilson,47,Female,67321,757,Money Market,75681.18,1,0,0,None,0,0,0
CUST-01275,Mark Martin,74,Female,52552,639,Premium Checking,73149.94,0,0,1,Medium,49,0,0
CUST-01276,John Williams,34,Female,48888,620,Premium Checking,16725.83,1,0,0,High,99.3,0,0
CUST-01277,William Garcia,76,Female,33494,770,Standard Checking,13941.21,1,0,0,Medium,35.7,0,0
CUST-01278,Matthew Gonzalez,48,Female,41337,712,Standard Checking,9823.05,1,0,0,High,93.4,0,0
CUST-01279,Christopher Johnson,81,Female,58009,693,Savings,12381.24,1,0,0,Low,14.1,0,0
CUST-01280,Linda Johnson,65,Male,42311,709,Standard Checking,10797.11,1,0,0,Medium,42.1,0,0
CUST-01281,Patricia Anderson,40,Male,49830,800,Savings,12736.53,0,0,0,Low,6,0,0
CUST-01282,Patricia Gonzalez,47,Female,48265,628,Savings,14042.96,0,0,0,Medium,37.2,0,0
CUST-01283,Margaret Lopez,72,Male,68095,691,Money Market,24368.36,0,0,1,None,0,0,0
CUST-01284,Margaret Gonzalez,24,Female,23904,632,Premium Checking,13700.11,1,0,0,Medium,63.3,0,0
CUST-01285,Susan Martin,29,Male,41027,699,Standard Checking,14471.66,0,1,0,Medium,68.2,0,0
CUST-01286,Sarah Garcia,77,Male,28256,736,Standard Checking,6143.03,1,0,0,Medium,46.8,0,0
CUST-01287,Mark Hernandez,69,Male,52984,702,Standard Checking,2942.21,1,0,0,High,83,0,0
CUST-01288,Sandra Johnson,44,Male,32695,801,Money Market,67481.49,1,0,1,High,93.5,1,0
CUST-01289,Margaret Jackson,29,Female,78412,643,Savings,6905.29,1,0,0,Low,8,0,0
CUST-01290,Charles Jones,30,Male,39911,718,Premium Checking,21179.39,1,0,0,Medium,38.7,0,0
CUST-01291,Charles Johnson,79,Female,36750,769,Standard Checking,1950.26,0,0,0,High,90.5,0,0
CUST-01292,Elizabeth Johnson,46,Male,32317,653,Savings,5981.64,0,0,1,None,0,0,1
CUST-01293,Sandra Hernandez,52,Male,55576,647,Savings,8739.37,1,0,1,High,83.9,0,0
CUST-01294,Sarah Anderson,77,Male,25986,669,Standard Checking,14521.53,0,0,0,Medium,52.7,0,0
CUST-01295,William Jackson,46,Female,46791,578,Savings,9327.12,1,0,0,None,0,0,1
CUST-01296,William Williams,48,Male,46250,759,Standard Checking,11620.01,1,0,0,Low,15.4,0,0
CUST-01297,Christopher Rodriguez,78,Female,37758,691,Standard Checking,10248.84,1,0,0,High,72.8,0,0
CUST-01298,Margaret Wilson,19,Male,54692,561,Standard Checking,5800.84,1,0,0,High,81.1,0,1
CUST-01299,Charles Miller,50,Male,38890,650,Savings,2876.83,1,0,1,High,81.3,0,0
CUST-01300,Jessica Thomas,79,Female,56515,771,Standard Checking,4269.77,0,0,0,High,99.2,0,0
CUST-01301,Margaret Smith,76,Female,37329,657,Savings,13154.17,1,0,0,Medium,34.7,0,0
CUST-01302,Patricia Brown,57,Female,33795,789,Standard Checking,2377.66,1,1,0,Low,23.7,0,0
CUST-01303,Michael Davis,66,Male,55709,660,Premium Checking,11243.66,1,0,0,High,83.5,0,0
CUST-01304,Thomas Jones,49,Male,73390,578,Standard Checking,12805.85,0,0,0,Medium,39.5,0,0
CUST-01305,Michael Martin,55,Male,204505,531,Savings,8245.63,1,0,0,High,95.8,0,1
CUST-01306,Mark Martin,30,Female,41351,826,Premium Checking,63426.45,1,0,0,Medium,63.6,0,0
CUST-01307,Patricia Garcia,71,Male,72125,622,Savings,12396.15,1,1,1,Medium,59.2,0,0
CUST-01308,Michael Moore,30,Female,39251,638,Premium Checking,21996.82,1,0,0,High,82,0,0
CUST-01309,Robert Martin,56,Male,71551,672,Standard Checking,11264.26,1,1,0,Medium,63,0,0
CUST-01310,Sandra Williams,40,Female,94000,697,Premium Checking,42594.3,0,0,0,Medium,38.5,1,0
CUST-01311,Michael Wilson,31,Male,52279,610,Standard Checking,420.97,1,0,0,High,78.8,0,1
CUST-01312,Michael Jones,34,Male,69962,769,Savings,10819.19,1,0,0,Medium,41.6,0,0
CUST-01313,Mark Jones,41,Male,61234,701,Standard Checking,5197.1,0,1,1,Medium,50.2,0,0
CUST-01314,Sandra Johnson,75,Male,49293,765,Standard Checking,3159.14,0,0,0,Medium,57.5,0,0
CUST-01315,Sandra Garcia,80,Female,39597,541,Savings,14418.04,0,0,1,High,73.5,0,0
CUST-01316,Joseph Martinez,51,Female,41138,714,Standard Checking,11554.79,1,0,0,Medium,55.5,0,0
CUST-01317,Daniel Miller,68,Female,25302,708,Standard Checking,416.16,1,0,0,Medium,42.7,0,0
CUST-01318,Robert Smith,27,Male,82357,677,Premium Checking,72136.52,1,0,0,Medium,37.6,0,0
CUST-01319,Richard Moore,38,Female,124950,643,Standard Checking,12762.84,0,0,0,High,71.6,0,0
CUST-01320,Richard Moore,54,Male,24223,575,Standard Checking,5376.81,1,0,0,None,0,0,1
CUST-01321,Robert Gonzalez,24,Female,82374,584,Savings,4930.45,1,0,0,High,94.9,0,1
CUST-01322,Patricia Taylor,30,Male,47943,770,Standard Checking,6384.03,1,0,1,Low,14.3,0,0
CUST-01323,John Taylor,47,Male,35597,706,Savings,7020.07,1,0,0,Medium,44.7,1,0
CUST-01324,Margaret Hernandez,48,Non-Binary,52659,665,Premium Checking,69634.31,1,0,0,Medium,62.6,0,0
CUST-01325,Christopher Martin,22,Male,32808,661,Savings,7617.46,0,0,0,Low,20.1,0,0
CUST-01326,Daniel Brown,49,Female,55111,751,Savings,14589.91,1,0,0,High,89.2,0,0
CUST-01327,Mary Martin,33,Male,42326,748,Standard Checking,529.56,1,1,0,High,77.2,0,0
CUST-01328,Jessica Moore,39,Female,41281,622,Money Market,102143.43,0,0,0,High,72,0,0
CUST-01329,Linda Williams,81,Female,88285,579,Savings,12749,0,0,0,None,0,0,1
CUST-01330,William Martin,61,Female,20435,705,Premium Checking,56379.89,1,1,0,High,73.3,0,0
CUST-01331,Mark Garcia,57,Female,36906,766,Premium Checking,41854.17,1,0,1,High,70.3,0,0
CUST-01332,Elizabeth Martinez,54,Male,18217,728,Savings,1172.37,1,0,0,Low,27.8,0,0
CUST-01333,Richard Taylor,33,Male,52337,796,Premium Checking,59899.81,1,0,1,None,0,0,0
CUST-01334,William Taylor,60,Male,38273,668,Premium Checking,51488.76,1,1,0,None,0,0,0
CUST-01335,Lisa Rodriguez,80,Female,34174,699,Savings,6404.42,0,0,0,Medium,34.7,0,0
CUST-01336,William Smith,32,Female,56467,676,Standard Checking,1086.11,1,0,0,High,97.2,0,0
CUST-01337,Mary Thomas,61,Male,66557,733,Premium Checking,16730.52,0,0,0,Medium,45.6,0,0
CUST-01338,Mark Smith,26,Female,88549,630,Standard Checking,1835.07,1,0,0,Medium,55.7,0,0
CUST-01339,Elizabeth Moore,82,Female,212222,693,Standard Checking,9108.86,1,0,1,Medium,40.6,0,0
CUST-01340,Betty Davis,61,Male,36874,795,Savings,14864.02,0,0,1,None,0,0,0
CUST-01341,Christopher Hernandez,37,Female,34984,628,Standard Checking,10696.02,1,1,1,High,79,0,0
CUST-01342,Daniel Johnson,50,Female,49133,539,Premium Checking,52259.71,1,0,0,Medium,45.5,0,0
CUST-01343,Linda Davis,23,Male,51201,716,Standard Checking,12946.87,1,0,0,Medium,37.6,0,0
CUST-01344,Thomas Anderson,48,Male,116627,836,Standard Checking,9920.94,0,0,0,Medium,51.2,0,0
CUST-01345,Thomas Gonzalez,83,Male,63628,632,Premium Checking,47843.27,1,0,0,Medium,52,0,0
CUST-01346,Charles Jones,35,Female,30572,769,Savings,7550.01,1,0,0,Medium,43.6,1,0
CUST-01347,Barbara Smith,45,Male,29721,680,Savings,6074.96,0,0,0,Medium,40.1,0,0
CUST-01348,Daniel Jones,85,Female,68917,611,Money Market,95700.23,0,0,0,High,72.1,0,0
CUST-01349,Linda Gonzalez,82,Male,44185,728,Savings,14302.04,1,0,0,High,100,0,0
CUST-01350,Linda Hernandez,62,Female,99500,580,Money Market,135975.89,1,0,0,High,88.9,0,0
CUST-01351,James Gonzalez,75,Female,63433,786,Premium Checking,37916.15,1,0,0,High,82.4,0,0
CUST-01352,Charles Williams,64,Female,29077,687,Standard Checking,1282.76,0,1,0,Medium,65.5,0,0
CUST-01353,Lisa Taylor,83,Male,27229,560,Savings,5731.47,0,0,0,None,0,0,1
CUST-01354,Robert Martin,69,Male,58252,809,Money Market,74948.49,1,1,1,High,97,0,0
CUST-01355,Christopher Davis,53,Male,41326,740,Premium Checking,35170.87,1,0,0,High,85.7,0,0
CUST-01356,Betty Wilson,18,Male,86659,702,Standard Checking,8959.39,1,0,1,Medium,50.5,0,0
CUST-01357,Patricia Hernandez,56,Male,58086,742,Standard Checking,6979.48,0,0,0,Medium,66.5,0,0
CUST-01358,Karen Anderson,18,Female,57512,507,Savings,4570.57,1,0,1,Medium,53.7,0,1
CUST-01359,Charles Miller,31,Female,26512,636,Savings,57.3,1,0,0,High,76.4,0,1
CUST-01360,Charles Jackson,40,Male,38615,850,Standard Checking,3979.53,0,0,0,High,84,0,0
CUST-01361,David Jones,60,Female,47878,689,Money Market,69861.75,0,0,0,Medium,52,0,0
CUST-01362,Robert Davis,39,Male,19201,635,Premium Checking,63001.99,1,0,0,High,73.6,0,0
CUST-01363,Elizabeth Garcia,77,Male,66940,691,Savings,13445.11,1,0,0,Medium,32.9,0,0
CUST-01364,Joseph Thomas,44,Female,75116,603,Premium Checking,24798.33,0,0,0,Medium,40.2,0,0
CUST-01365,Margaret Taylor,73,Female,37620,790,Standard Checking,10644.12,1,0,0,Low,21.3,0,0
CUST-01366,Linda Davis,19,Male,92435,648,Money Market,49528.76,1,0,0,Medium,68.9,0,0
CUST-01367,Matthew Rodriguez,56,Female,90428,569,Standard Checking,1949.78,0,0,0,High,76.4,0,1
CUST-01368,Mary Anderson,68,Female,63696,691,Savings,3645.33,0,0,0,Medium,49.2,1,0
CUST-01369,Sarah Williams,36,Male,47552,749,Standard Checking,3563.83,1,0,0,Low,5.4,0,0
CUST-01370,Thomas Brown,79,Male,80650,728,Standard Checking,1337.42,1,0,0,High,78.7,0,0
CUST-01371,Sandra Brown,84,Female,23270,582,Premium Checking,57415.17,1,1,0,Medium,49.4,0,0
CUST-01372,Susan Rodriguez,80,Female,50890,613,Standard Checking,12743.42,0,1,0,High,96.2,0,0
CUST-01373,William Moore,22,Male,32140,531,Savings,5742.36,0,0,0,Medium,57.6,0,1
CUST-01374,Elizabeth Brown,78,Male,35193,729,Savings,11553.28,1,0,0,None,0,0,0
CUST-01375,Barbara Davis,24,Female,61389,712,Savings,7665.75,1,0,0,Medium,42.9,0,0
CUST-01376,Mary Gonzalez,67,Female,32788,719,Savings,10202.25,0,0,0,Medium,64.7,0,0
CUST-01377,Christopher Thomas,63,Female,22807,649,Savings,10352.73,0,0,0,Medium,46.1,0,0
CUST-01378,Margaret Johnson,31,Male,148775,546,Premium Checking,51559.73,1,0,1,Low,23.1,0,0
CUST-01379,David Martinez,82,Female,36235,624,Money Market,138089.34,1,0,1,High,85.5,0,0
CUST-01380,Joseph Taylor,82,Female,32145,757,Standard Checking,11846.9,1,0,0,High,99.6,0,0
CUST-01381,Linda Moore,74,Female,89070,706,Standard Checking,10612.64,1,0,0,Medium,45.3,0,0
CUST-01382,Daniel Rodriguez,79,Female,36278,558,Standard Checking,9348.87,1,0,1,Medium,59.3,0,0
CUST-01383,Matthew Davis,37,Female,25981,660,Standard Checking,3175.85,1,0,0,Low,27.6,0,0
CUST-01384,Anthony Wilson,43,Female,31015,719,Standard Checking,4282.89,1,0,1,Low,12.5,0,0
CUST-01385,Margaret Moore,61,Female,39514,672,Premium Checking,51485.49,0,0,0,Medium,47.1,0,0
CUST-01386,Nancy Martin,84,Female,28698,580,Savings,3903.76,1,0,0,Low,27.5,0,1
CUST-01387,Sandra Martin,79,Female,32321,645,Savings,8181.93,1,0,1,High,74.2,0,0
CUST-01388,Christopher Lopez,62,Female,39194,628,Savings,14307.54,0,1,0,High,88.6,0,0
CUST-01389,Charles Wilson,28,Female,79681,682,Savings,1945.75,1,0,0,None,0,0,1
CUST-01390,Thomas Williams,51,Male,138153,699,Money Market,123136.99,1,0,0,Low,27.2,0,0
CUST-01391,Betty Miller,63,Male,85348,634,Savings,11275.06,1,0,1,Medium,67,0,0
CUST-01392,Thomas Lopez,49,Male,43744,725,Standard Checking,11915.14,0,0,0,High,78.7,0,0
CUST-01393,William Anderson,22,Male,24214,794,Savings,2906.35,0,0,0,High,77.8,0,0
CUST-01394,Sarah Gonzalez,80,Male,69615,850,Premium Checking,42349.84,0,0,0,Medium,39.4,0,0
CUST-01395,Sandra Davis,46,Female,29389,614,Standard Checking,9180.02,0,0,0,High,82.4,0,0
CUST-01396,Susan Davis,65,Male,40753,685,Standard Checking,13715.02,1,0,0,Medium,45.6,0,0
CUST-01397,Susan Miller,33,Male,109968,553,Standard Checking,12075.16,1,0,0,High,86.1,0,0
CUST-01398,Daniel Lopez,42,Female,114943,646,Savings,5796.93,1,0,0,High,92.4,0,0
CUST-01399,David Hernandez,46,Male,53590,769,Standard Checking,9892.53,0,0,0,High,76.2,0,0
CUST-01400,Matthew Gonzalez,69,Female,90530,521,Premium Checking,14787.57,1,0,1,Medium,30.5,0,0
CUST-01401,Sarah Johnson,63,Male,88945,650,Savings,7102.53,1,0,0,Medium,58.2,0,0
CUST-01402,Mark Anderson,42,Male,68097,677,Money Market,121705.15,1,0,0,High,92,0,0
CUST-01403,Karen Moore,40,Female,42800,570,Premium Checking,40648.71,1,1,0,Medium,44.8,0,0
CUST-01404,Joseph Jackson,51,Female,37128,706,Premium Checking,49025.97,1,0,0,High,73.4,0,0
CUST-01405,Daniel Lopez,84,Female,50122,697,Standard Checking,528.6,1,0,0,Low,27.3,0,0
CUST-01406,Richard Hernandez,51,Male,25806,637,Premium Checking,56104.61,1,0,1,None,0,0,0
CUST-01407,Robert Smith,49,Male,38615,725,Savings,14345.8,0,0,0,High,73.7,0,0
CUST-01408,Lisa Williams,46,Female,66115,621,Standard Checking,10320.53,1,0,0,Medium,42.1,0,0
CUST-01409,Nancy Jackson,26,Male,35775,711,Standard Checking,4032.23,1,0,0,High,79.2,0,0
CUST-01410,Daniel Miller,83,Male,106117,680,Savings,8941.4,1,0,0,High,76.7,0,0
CUST-01411,Barbara Anderson,74,Male,55442,696,Standard Checking,4177.76,1,1,0,Medium,55.3,0,0
CUST-01412,Matthew Jones,56,Female,72500,662,Money Market,51485.14,1,0,0,High,83.7,0,0
CUST-01413,Joseph Davis,24,Female,44068,585,Standard Checking,5436.27,1,0,0,Medium,48.3,0,0
CUST-01414,Elizabeth Thomas,25,Male,67231,582,Standard Checking,8383.84,0,0,1,High,88,0,0
CUST-01415,Linda Smith,35,Male,27871,626,Premium Checking,52098.49,1,1,1,Medium,45.3,0,0
CUST-01416,Barbara Jones,66,Female,60571,641,Standard Checking,14943.06,1,0,0,Low,23.1,0,0
CUST-01417,John Smith,33,Male,63479,699,Savings,9949.13,1,0,0,Medium,62.1,0,0
CUST-01418,Patricia Davis,38,Female,93114,677,Premium Checking,71830.01,0,0,0,High,98.5,0,0
CUST-01419,John Martinez,27,Female,17971,647,Money Market,25087.18,1,0,0,High,75.5,0,0
CUST-01420,Mary Hernandez,21,Female,35039,539,Money Market,92684.12,0,0,0,Low,12.4,0,0
CUST-01421,Matthew Martinez,61,Male,20130,631,Savings,11059.77,0,1,0,High,84.7,0,0
CUST-01422,Christopher Wilson,25,Female,32216,598,Standard Checking,7065.99,0,1,0,None,0,0,1
CUST-01423,Michael Johnson,72,Male,46464,802,Standard Checking,14391.47,1,0,0,Medium,66.4,0,0
CUST-01424,William Thomas,36,Male,65842,685,Standard Checking,11626.27,1,0,0,Medium,36.4,0,0
CUST-01425,Richard Rodriguez,81,Male,150752,789,Savings,1859.55,1,0,0,Medium,46.5,0,0
CUST-01426,Karen Brown,57,Male,96300,685,Savings,14262.32,0,0,0,Medium,40.2,0,0
CUST-01427,Nancy Martinez,68,Male,38413,810,Standard Checking,8657.72,0,1,0,Medium,45.7,0,0
CUST-01428,Betty Lopez,26,Female,70289,702,Premium Checking,63580.51,1,1,1,Low,12,0,0
CUST-01429,Thomas Wilson,47,Male,90452,704,Money Market,149358.77,0,0,0,Medium,43.9,0,0
CUST-01430,Susan Johnson,73,Female,46633,816,Savings,3468.8,1,1,0,Medium,32,0,0
CUST-01431,Christopher Martin,61,Male,47490,630,Money Market,59171.09,1,0,1,High,92,0,0
CUST-01432,David Thomas,76,Male,43704,633,Savings,2536.72,1,0,0,Medium,43.5,0,0
CUST-01433,Charles Garcia,32,Male,62416,688,Savings,4470.45,1,0,0,Medium,62,0,0
CUST-01434,Lisa Jackson,85,Female,60282,850,Savings,13341.15,0,0,0,None,0,0,0
CUST-01435,Robert Brown,78,Female,52629,653,Savings,9144.58,0,0,0,Medium,53.5,0,0
CUST-01436,Joseph Brown,40,Female,116851,701,Premium Checking,24919.21,0,0,0,Low,25,0,0
CUST-01437,Karen Martinez,64,Female,80965,743,Savings,3030.05,0,0,0,High,74.1,0,0
CUST-01438,Lisa Williams,34,Male,21813,791,Standard Checking,12066.57,0,0,1,High,80.5,0,0
CUST-01439,Betty Jones,74,Male,19944,742,Premium Checking,17909.45,1,0,0,Medium,64.7,0,0
CUST-01440,Jennifer Davis,71,Female,60396,784,Money Market,23667.62,1,0,0,High,92.4,0,0
CUST-01441,Michael Martinez,69,Female,46596,733,Savings,2360.47,1,0,0,Low,7,0,0
CUST-01442,Jennifer Wilson,39,Male,20434,687,Money Market,109794.54,1,0,0,None,0,0,0
CUST-01443,Patricia Gonzalez,56,Male,18957,604,Money Market,49047.53,1,0,1,High,92.8,0,0
CUST-01444,Karen Taylor,30,Female,43277,643,Premium Checking,29874.29,0,0,0,Low,16.9,0,0
CUST-01445,Daniel Miller,83,Female,55740,654,Standard Checking,10989.34,1,1,0,Medium,43.8,0,0
CUST-01446,Patricia Wilson,69,Female,56780,700,Savings,4262.29,1,0,1,Medium,34.9,0,0
CUST-01447,John Jones,31,Male,36209,716,Standard Checking,6724.45,1,0,0,High,83,0,0
CUST-01448,Jessica Martin,80,Female,37102,814,Standard Checking,5283.1,1,0,0,Medium,47.1,0,0
CUST-01449,Patricia Johnson,45,Male,38127,534,Standard Checking,14100.84,1,0,0,Low,28.4,0,0
CUST-01450,Sandra Moore,63,Male,62726,676,Standard Checking,2660.7,0,0,0,Low,10.4,0,0
CUST-01451,Charles Jackson,45,Male,22818,813,Savings,13739.51,1,0,0,Low,22.1,0,0
CUST-01452,Thomas Wilson,19,Male,49498,583,Savings,12426.53,0,0,0,Medium,49.1,0,0
CUST-01453,Charles Gonzalez,34,Female,81604,630,Savings,1973.95,1,0,0,Medium,60.6,0,0
CUST-01454,Barbara Garcia,76,Female,41117,712,Standard Checking,4133.46,0,0,0,Medium,35,0,0
CUST-01455,Christopher Brown,69,Female,53113,740,Savings,10670.82,1,0,0,High,78.5,0,0
CUST-01456,Charles Thomas,21,Male,60345,583,Savings,10623.94,1,1,0,Low,11.4,0,0
CUST-01457,Richard Brown,20,Female,35277,788,Standard Checking,3543.63,1,0,0,Medium,45.7,0,0
CUST-01458,Sandra Taylor,54,Female,46593,720,Premium Checking,50664.92,1,0,1,Medium,31.2,0,0
CUST-01459,Daniel Smith,41,Male,25589,582,Savings,10327.73,1,0,0,High,78.6,0,0
CUST-01460,Sarah Martin,52,Female,62507,760,Premium Checking,46058.5,1,0,1,High,94.9,0,0
CUST-01461,Thomas Anderson,19,Male,53179,751,Savings,5745.24,1,0,1,Medium,35.9,0,0
CUST-01462,David Gonzalez,50,Male,87824,679,Premium Checking,6871.48,0,0,0,Low,22.2,0,0
CUST-01463,James Taylor,27,Male,76033,647,Standard Checking,13512.46,0,0,0,Low,21.6,0,0
CUST-01464,Jennifer Brown,79,Male,88498,598,Premium Checking,72617.34,1,0,0,Medium,61.5,0,0
CUST-01465,Karen Thomas,60,Male,90609,651,Premium Checking,18611.46,1,0,0,Medium,48.2,0,0
CUST-01466,Joseph Anderson,76,Female,34132,752,Money Market,74578.19,0,0,0,Low,8.2,0,0
CUST-01467,Jennifer Anderson,26,Male,62303,559,Premium Checking,35324.41,0,0,0,Medium,43.9,0,0
CUST-01468,Susan Hernandez,77,Male,68682,621,Savings,792.37,1,1,0,Low,24.7,0,1
CUST-01469,Michael Rodriguez,80,Female,35888,700,Standard Checking,12703.36,1,0,0,Medium,43.6,0,0
CUST-01470,Betty Thomas,69,Male,90816,729,Premium Checking,54936.26,0,0,0,Medium,53.7,0,0
CUST-01471,Robert Martin,40,Female,46426,726,Savings,10107.73,0,0,0,Medium,52.1,0,0
CUST-01472,Mark Martinez,47,Female,67495,625,Savings,7348.15,1,0,0,High,99.5,0,0
CUST-01473,Sarah Williams,60,Male,85111,672,Savings,2214.49,0,0,0,High,94.9,0,0
CUST-01474,Richard Hernandez,85,Female,60714,647,Standard Checking,6305.02,0,0,0,High,96.1,0,0
CUST-01475,Thomas Gonzalez,38,Male,121416,698,Standard Checking,3974.58,1,0,0,High,99.3,0,0
CUST-01476,Jennifer Taylor,60,Female,164249,720,Standard Checking,173.54,0,1,0,Medium,47.1,0,0
CUST-01477,Anthony Gonzalez,24,Male,49463,667,Savings,7882.59,0,0,0,High,77.4,0,0
CUST-01478,Charles Jackson,33,Male,79114,688,Premium Checking,5488.68,1,0,0,High,88.1,1,0
CUST-01479,Elizabeth Williams,40,Male,160213,679,Savings,4623.8,0,0,1,High,70.1,0,0
CUST-01480,Susan Jackson,75,Female,35997,569,Money Market,12351.94,1,0,0,None,0,0,1
CUST-01481,Robert Jones,48,Male,12165,770,Savings,6732.24,1,0,1,Medium,43.7,0,0
CUST-01482,Karen Taylor,23,Male,79366,752,Standard Checking,9284.78,1,0,0,High,92.1,0,0
CUST-01483,Christopher Martinez,82,Non-Binary,40412,553,Money Market,23486.51,1,0,1,None,0,0,1
CUST-01484,Robert Brown,76,Male,26868,827,Standard Checking,7192.6,1,0,0,High,88.6,0,0
CUST-01485,Jennifer Brown,45,Female,34327,708,Premium Checking,28858.82,1,0,0,High,73.7,0,0
CUST-01486,Sandra Miller,35,Male,22467,718,Standard Checking,14625.61,1,0,0,None,0,0,0
CUST-01487,Michael Moore,27,Female,114619,644,Standard Checking,9143.64,1,0,0,Medium,53.8,0,0
CUST-01488,John Smith,24,Male,101409,688,Standard Checking,8431.38,0,0,0,Medium,57.7,0,0
CUST-01489,Lisa Brown,54,Male,43699,718,Standard Checking,950.81,1,1,0,High,72.7,0,0
CUST-01490,Jennifer Rodriguez,62,Female,45603,807,Standard Checking,3386.94,1,0,0,Medium,46.3,0,0
CUST-01491,Nancy Wilson,33,Female,54054,603,Standard Checking,14972.49,1,0,0,Low,14.2,0,0
CUST-01492,Margaret Lopez,31,Female,113124,758,Savings,11204.11,1,0,0,Low,6.7,0,0
CUST-01493,Margaret Martin,28,Male,28849,650,Savings,10036.26,1,0,0,Medium,41.3,0,0
CUST-01494,Lisa Brown,51,Female,45122,779,Standard Checking,8521.55,0,0,0,High,86,0,0
CUST-01495,Christopher Lopez,77,Female,91483,578,Premium Checking,49531.65,1,0,0,High,82.4,0,0
CUST-01496,Elizabeth Miller,30,Non-Binary,41467,674,Savings,10227.29,1,0,1,None,0,0,1
CUST-01497,John Wilson,56,Female,32282,535,Standard Checking,3362.06,0,1,1,Medium,34,0,1
CUST-01498,Lisa Martinez,61,Female,53271,633,Money Market,112055.01,0,1,0,Low,6.6,0,0
CUST-01499,Jessica Thomas,45,Female,20100,646,Savings,7005.9,1,0,0,Medium,61,0,0
CUST-01500,Nancy Martinez,57,Female,59027,710,Standard Checking,10538.37,1,0,1,High,83.8,0,0
CUST-01501,Matthew Gonzalez,33,Female,43211,570,Premium Checking,31899.36,1,0,0,Low,11.8,1,0
CUST-01502,Jennifer Lopez,67,Male,67371,795,Premium Checking,60147.04,0,0,0,Medium,55.8,0,0
CUST-01503,William Gonzalez,45,Male,34640,808,Standard Checking,11040.7,0,0,0,High,84,0,0
CUST-01504,Patricia Hernandez,85,Male,61469,690,Savings,9196.03,0,0,1,Medium,61.3,1,0
CUST-01505,Karen Moore,77,Female,54469,587,Savings,9518.51,1,0,0,None,0,0,1
CUST-01506,Betty Hernandez,29,Male,27161,580,Savings,2819.19,0,0,0,Low,16.8,0,1
CUST-01507,Matthew Brown,33,Male,30571,686,Standard Checking,7613.15,1,0,0,High,78,1,0
CUST-01508,Sarah Smith,70,Male,90646,624,Savings,4151.21,1,0,0,Medium,49.7,0,0
CUST-01509,Anthony Miller,71,Female,79133,769,Money Market,47631.16,1,0,0,Medium,31.4,0,0
CUST-01510,Jennifer Anderson,66,Female,20639,656,Savings,12037.34,1,1,0,High,75,0,0
CUST-01511,Sarah Hernandez,53,Female,39430,711,Standard Checking,762.54,1,0,0,Medium,64.8,0,0
CUST-01512,Karen Anderson,79,Male,57400,675,Standard Checking,3898.95,1,1,0,High,83.3,0,0
CUST-01513,Jessica Miller,43,Female,63987,642,Premium Checking,9347.15,1,0,1,Medium,31.3,0,0
CUST-01514,Christopher Martinez,73,Male,56240,626,Premium Checking,59928.82,1,0,0,Medium,63.9,0,0
CUST-01515,Betty Lopez,39,Female,59250,599,Premium Checking,71452.64,0,0,0,Medium,34.1,0,0
CUST-01516,Lisa Wilson,66,Male,40949,653,Standard Checking,2520.68,1,0,1,Medium,63.4,0,0
CUST-01517,Matthew Jones,19,Female,53477,684,Standard Checking,11999.05,0,0,0,Medium,58,0,0
CUST-01518,Betty Moore,70,Male,30040,696,Savings,10774.39,0,0,0,High,88.1,0,0
CUST-01519,Robert Williams,24,Female,40801,682,Savings,8469.83,1,0,1,Medium,46.7,0,0
CUST-01520,Daniel Jones,37,Male,17285,666,Premium Checking,32332.95,1,0,0,Medium,63.2,0,0
CUST-01521,Lisa Taylor,47,Male,28897,548,Standard Checking,13135.44,0,1,0,Medium,63.5,0,0
CUST-01522,Charles Jackson,84,Female,31570,761,Standard Checking,4226.1,1,0,1,High,90.4,0,0
CUST-01523,Matthew Lopez,76,Male,32366,572,Savings,9730.8,0,0,0,High,92.3,1,0
CUST-01524,Matthew Rodriguez,83,Female,70581,715,Premium Checking,43167.7,1,0,0,High,73.3,0,0
CUST-01525,James Moore,20,Female,22332,766,Standard Checking,2620.52,1,0,0,Low,26.9,0,0
CUST-01526,Christopher Brown,73,Female,35617,763,Savings,2938.52,1,0,0,High,70.1,0,0
CUST-01527,Elizabeth Miller,34,Male,67651,735,Standard Checking,1825.38,1,0,0,Medium,48.5,0,0
CUST-01528,Nancy Smith,69,Female,25275,685,Standard Checking,4042.12,1,0,1,High,80.6,0,0
CUST-01529,Thomas Johnson,24,Female,92448,616,Premium Checking,34854.46,0,0,0,Medium,53.9,0,0
CUST-01530,Margaret Hernandez,22,Male,53600,582,Standard Checking,4974,0,0,0,High,71.9,0,1
CUST-01531,William Miller,71,Male,69188,682,Standard Checking,8411.87,0,0,1,Medium,64.1,0,0
CUST-01532,Nancy Taylor,78,Male,30569,632,Premium Checking,62864.7,0,0,0,High,81.1,0,0
CUST-01533,Thomas Johnson,33,Male,33524,644,Savings,7987.49,1,0,0,High,90.5,0,0
CUST-01534,Jennifer Wilson,84,Female,45647,728,Savings,14281.26,1,0,1,None,0,0,0
CUST-01535,Jennifer Johnson,76,Female,73561,667,Standard Checking,3144.22,1,0,0,High,70.5,0,0
CUST-01536,James Martinez,64,Female,72463,627,Standard Checking,10076.5,0,1,0,Medium,46.3,0,0
CUST-01537,Christopher Jones,65,Female,59791,850,Standard Checking,7149.27,0,0,0,None,0,0,0
CUST-01538,Mary Thomas,81,Male,43942,656,Savings,10209.22,1,0,0,High,93.5,0,0
CUST-01539,Matthew Johnson,67,Male,33365,734,Premium Checking,31553.5,0,1,0,Medium,68.7,0,0
CUST-01540,Elizabeth Johnson,58,Female,82912,728,Standard Checking,11356.86,0,0,0,High,73.1,0,0
CUST-01541,Jessica Thomas,39,Female,41072,650,Premium Checking,72425.68,1,0,1,Medium,59.3,0,0
CUST-01542,Charles Miller,71,Female,22688,631,Money Market,24885.53,1,1,0,Medium,62.5,0,0
CUST-01543,Nancy Lopez,22,Male,30319,565,Premium Checking,48182.08,1,0,0,Medium,44,0,0
CUST-01544,Lisa Anderson,34,Female,34482,697,Savings,2712.45,1,1,0,Medium,50.1,0,0
CUST-01545,Linda Garcia,58,Male,41306,682,Premium Checking,13885.92,1,1,0,Low,13.4,0,0
CUST-01546,Margaret Martinez,52,Male,47267,595,Savings,10882.51,0,0,1,Medium,51.7,0,0
CUST-01547,John Jackson,57,Female,24733,768,Savings,1496.94,0,0,0,Low,27.1,0,0
CUST-01548,Thomas Miller,39,Male,38472,723,Savings,12920.1,0,0,1,None,0,0,0
CUST-01549,Christopher Martin,65,Female,40997,681,Savings,2901.7,1,0,0,Medium,30.4,0,0
CUST-01550,Betty Brown,70,Male,44315,654,Money Market,30034.23,1,1,0,Medium,60.5,0,0
CUST-01551,Susan Martin,27,Female,33220,665,Money Market,52026.35,0,0,0,Medium,61.6,0,0
CUST-01552,Nancy Anderson,35,Female,168750,597,Standard Checking,8657.63,0,0,0,Medium,52.3,0,0
CUST-01553,Lisa Davis,66,Male,41026,637,Savings,13327.73,1,0,0,None,0,0,1
CUST-01554,Christopher Anderson,47,Female,36401,730,Savings,13365.58,0,0,0,Low,29.1,0,0
CUST-01555,Nancy Martin,36,Female,28310,668,Standard Checking,11801.48,1,0,0,Medium,34.2,0,0
CUST-01556,Margaret Wilson,72,Female,71776,829,Standard Checking,12230.08,1,0,0,High,85.7,0,0
CUST-01557,Anthony Rodriguez,77,Male,19389,637,Standard Checking,7640.31,0,0,1,High,99.5,0,0
CUST-01558,Linda Taylor,38,Male,20142,673,Standard Checking,13032.3,1,0,0,Medium,57.9,0,0
CUST-01559,Mary Williams,43,Male,48205,713,Savings,7032.69,0,0,0,Medium,39,1,0
CUST-01560,Linda Lopez,45,Female,61859,723,Savings,3164.58,1,0,1,Medium,66.1,0,0
CUST-01561,James Martinez,56,Male,46890,662,Savings,13474.36,1,1,0,Medium,41.2,0,0
CUST-01562,Karen Williams,50,Male,135218,630,Money Market,66019.82,0,0,1,Medium,58.7,0,0
CUST-01563,Jennifer Miller,57,Male,37802,659,Premium Checking,65601.01,0,0,0,Medium,57.6,0,0
CUST-01564,Karen Moore,46,Male,42127,710,Savings,9416.15,1,0,0,Medium,52.8,0,0
CUST-01565,David Jackson,37,Female,48039,661,Savings,1279.88,0,0,0,High,77.6,0,0
CUST-01566,Robert Jackson,37,Male,50056,850,Premium Checking,66264.66,0,1,0,Medium,69.2,0,0
CUST-01567,David Lopez,29,Male,46088,659,Standard Checking,5413.96,0,0,0,High,86.2,0,0
CUST-01568,Elizabeth Davis,42,Male,44941,697,Premium Checking,8858.79,0,0,0,Low,22.7,0,0
CUST-01569,Lisa Rodriguez,42,Female,25512,682,Standard Checking,10174.58,1,0,0,Medium,35,0,0
CUST-01570,Patricia Jones,21,Female,69167,665,Standard Checking,14834.4,1,1,0,Low,25.5,0,0
CUST-01571,Christopher Davis,21,Female,79983,741,Standard Checking,10979.29,1,0,0,Medium,62.2,0,0
CUST-01572,Daniel Rodriguez,26,Male,38723,609,Savings,3379.76,1,1,0,Medium,45.9,0,0
CUST-01573,Joseph Anderson,32,Male,47949,845,Premium Checking,30198.25,0,0,0,High,85.1,0,0
CUST-01574,Jessica Wilson,43,Male,106677,632,Savings,2547.51,1,0,0,Medium,38.7,1,0
CUST-01575,Linda Moore,49,Female,33636,713,Savings,12937,1,0,0,Medium,34.2,0,0
CUST-01576,Elizabeth Martin,69,Female,54324,694,Savings,12695.96,1,0,0,Medium,42.1,0,0
CUST-01577,Jennifer Lopez,49,Female,51516,678,Premium Checking,45640.83,0,0,0,Medium,55.1,0,0
CUST-01578,Mary Miller,26,Female,109331,772,Savings,9913.33,1,1,0,None,0,0,0
CUST-01579,Jessica Williams,30,Male,124093,816,Premium Checking,6885.85,1,0,0,None,0,0,0
CUST-01580,Richard Williams,73,Male,72991,625,Savings,13455.34,1,0,0,None,0,0,1
CUST-01581,Anthony Moore,61,Male,288159,626,Standard Checking,4126.97,1,0,0,High,75,0,0
CUST-01582,David Davis,47,Male,49727,717,Premium Checking,8636.31,0,0,0,Low,25.5,0,0
CUST-01583,Jennifer Smith,33,Female,5256,676,Standard Checking,376.99,1,0,0,Low,22.6,0,0
CUST-01584,Margaret Smith,29,Female,37962,645,Savings,8691.12,1,0,0,Low,10.2,0,0
CUST-01585,Daniel Davis,83,Male,39123,660,Premium Checking,40895.61,1,0,0,High,84.3,0,0
CUST-01586,Robert Thomas,35,Female,106419,645,Premium Checking,11401.56,1,1,0,Medium,68.8,0,0
CUST-01587,David Jones,30,Female,44651,601,Savings,14520.76,1,0,0,High,76.9,1,0
CUST-01588,Patricia Garcia,41,Non-Binary,95141,699,Standard Checking,906.36,0,1,0,Medium,61.5,0,0
CUST-01589,Susan Jackson,29,Female,73293,683,Standard Checking,1417.65,1,0,0,High,98.2,0,0
CUST-01590,William Lopez,77,Female,56791,648,Savings,8483.58,1,0,0,Medium,39.1,0,0
CUST-01591,David Wilson,77,Male,59974,546,Standard Checking,14968.51,1,0,0,High,98.5,0,0
CUST-01592,Daniel Thomas,18,Female,56506,656,Money Market,137306.83,1,0,1,Low,18.9,0,0
CUST-01593,James Gonzalez,60,Male,86581,817,Premium Checking,50716.34,1,0,0,High,89,0,0
CUST-01594,Daniel Gonzalez,72,Female,43255,656,Premium Checking,71389.26,1,0,0,None,0,0,0
CUST-01595,Mary Brown,57,Male,40500,658,Savings,7969.53,1,1,0,Medium,67.5,0,0
CUST-01596,Margaret Garcia,81,Male,60187,646,Savings,2791.37,1,0,0,Low,28.7,1,0
CUST-01597,Betty Jones,51,Male,54042,723,Standard Checking,2697.93,0,0,0,High,72.3,0,0
CUST-01598,Matthew Williams,51,Male,44168,755,Standard Checking,5113.34,1,0,1,Medium,66.2,0,0
CUST-01599,James Brown,65,Male,146191,634,Standard Checking,14097.31,0,0,0,Medium,69.9,0,0
CUST-01600,Matthew Martin,50,Non-Binary,70062,574,Standard Checking,9908.69,1,0,0,Medium,37.4,0,0
CUST-01601,Mary Jones,85,Male,37071,656,Standard Checking,5606.51,1,0,0,Medium,42.5,0,0
CUST-01602,John Rodriguez,47,Female,66151,643,Savings,9598.17,0,0,0,Medium,38,0,0
CUST-01603,Karen Garcia,46,Male,30615,665,Premium Checking,12944.89,0,0,0,Medium,56.4,1,0
CUST-01604,Sarah Garcia,40,Male,27640,763,Savings,9580.14,1,1,0,High,82,0,0
CUST-01605,Charles Lopez,51,Male,73188,608,Standard Checking,13807.74,1,0,1,Low,26.8,0,0
CUST-01606,Matthew Hernandez,32,Male,31908,709,Savings,14057.28,1,0,0,High,92.3,0,0
CUST-01607,Mary Anderson,70,Male,50042,709,Standard Checking,8817.87,1,1,0,High,92.7,0,0
CUST-01608,Barbara Lopez,34,Male,29145,715,Savings,13199.99,0,1,0,None,0,0,0
CUST-01609,William Johnson,81,Male,42407,728,Money Market,88107.4,1,0,0,Medium,65.2,0,0
CUST-01610,Nancy Williams,78,Female,39496,547,Savings,13289.49,0,0,0,Low,14.3,0,0
CUST-01611,Barbara Thomas,74,Male,46756,722,Savings,5045.82,1,0,0,High,99.5,1,0
CUST-01612,Christopher Smith,54,Female,155383,679,Money Market,58952.9,0,0,0,High,76.2,0,0
CUST-01613,Christopher Williams,24,Female,93063,631,Standard Checking,13787.72,1,0,0,None,0,0,1
CUST-01614,Karen Johnson,25,Female,46331,795,Standard Checking,8496.91,0,0,0,Medium,41.3,0,0
CUST-01615,William Jackson,85,Female,44214,742,Savings,4155.03,0,1,0,High,88.1,0,0
CUST-01616,Joseph Moore,38,Male,34451,623,Standard Checking,10484.12,1,0,1,Medium,45.7,0,0
CUST-01617,Betty Hernandez,78,Female,29180,646,Premium Checking,33735.7,0,1,1,High,78.4,0,0
CUST-01618,Matthew Thomas,46,Male,45504,755,Premium Checking,57293.56,1,0,0,Medium,52.8,0,0
CUST-01619,Nancy Taylor,42,Male,95453,677,Premium Checking,15578.73,1,1,0,Low,5.5,0,0
CUST-01620,Robert Lopez,75,Female,10102,589,Standard Checking,11068.31,1,0,0,Low,26.7,0,0
CUST-01621,David Anderson,31,Female,81696,803,Standard Checking,866.94,1,0,0,High,78.8,0,0
CUST-01622,Anthony Williams,83,Female,87010,662,Money Market,29355.51,1,0,1,High,88.6,0,0
CUST-01623,James Martin,71,Male,16869,682,Premium Checking,59575.59,1,0,0,High,97.2,0,0
CUST-01624,Mark Thomas,84,Male,49936,712,Standard Checking,252.22,0,0,0,High,74.6,0,0
CUST-01625,Mary Johnson,47,Female,39412,621,Savings,4046.98,1,0,1,Medium,60.4,0,0
CUST-01626,John Davis,35,Female,45101,770,Money Market,81214.26,1,0,0,Low,26.1,0,0
CUST-01627,Lisa Anderson,71,Male,54566,615,Premium Checking,73288.01,1,0,0,High,93.9,0,0
CUST-01628,Michael Garcia,38,Male,57468,696,Standard Checking,4024.5,1,0,1,Medium,41.7,0,0
CUST-01629,William Martin,70,Female,24702,643,Savings,14983.88,1,0,0,Medium,66.6,0,0
CUST-01630,Margaret Smith,33,Female,110576,754,Money Market,27401.21,1,0,0,Low,29.1,0,0
CUST-01631,Linda Williams,45,Male,38646,719,Money Market,116833.29,0,0,0,None,0,0,0
CUST-01632,Patricia Anderson,21,Female,182616,667,Savings,3083.45,0,0,0,High,97.4,0,0
CUST-01633,Jennifer Anderson,72,Female,30602,571,Standard Checking,1594.27,1,0,0,Medium,59,0,1
CUST-01634,Christopher Williams,32,Female,28889,706,Standard Checking,9195.18,1,0,0,Medium,65.1,0,0
CUST-01635,Matthew Wilson,81,Female,57633,690,Standard Checking,13195.61,1,1,0,None,0,1,0
CUST-01636,Karen Wilson,82,Male,76825,571,Savings,12905.99,0,1,0,Low,7.4,0,0
CUST-01637,Patricia Lopez,33,Female,92672,694,Standard Checking,14101.4,0,0,0,Medium,33.9,0,0
CUST-01638,Thomas Miller,37,Male,29911,726,Premium Checking,38271.3,0,0,0,Medium,54.8,0,0
CUST-01639,William Williams,81,Female,41488,684,Premium Checking,7089.33,0,1,0,None,0,0,1
CUST-01640,Margaret Gonzalez,50,Female,124614,645,Standard Checking,13757.36,1,1,0,High,87.5,0,0
CUST-01641,Joseph Moore,75,Female,40764,776,Standard Checking,13509.49,0,0,0,High,88.1,0,0
CUST-01642,Charles Smith,56,Male,76508,807,Standard Checking,4101.11,1,0,0,High,96.9,0,0
CUST-01643,Jennifer Johnson,53,Female,19014,602,Savings,7554.09,1,0,0,High,78.5,0,0
CUST-01644,Lisa Wilson,85,Female,21886,752,Savings,1484.21,1,0,0,Medium,34.8,0,0
CUST-01645,Jennifer Wilson,38,Female,79464,709,Savings,4149.21,1,1,1,Medium,68,0,0
CUST-01646,Patricia Davis,80,Male,45517,637,Money Market,100691.74,1,0,0,Low,12.7,0,0
CUST-01647,Sandra Williams,23,Male,71541,665,Savings,8797.23,1,0,0,High,89.6,0,0
CUST-01648,Charles Wilson,41,Female,35816,668,Standard Checking,14981.32,1,0,0,High,85.5,0,0
CUST-01649,Anthony Martin,70,Male,21415,753,Premium Checking,55740.4,0,0,0,Low,16.2,0,0
CUST-01650,Thomas Davis,67,Female,51345,648,Savings,14571.78,0,0,1,Medium,67.5,1,0
CUST-01651,Lisa Wilson,29,Male,24380,551,Standard Checking,5341.02,1,0,0,Medium,62.4,0,1
CUST-01652,Betty Garcia,73,Female,52187,665,Savings,1289.6,0,0,0,High,74,0,0
CUST-01653,Daniel Thomas,32,Male,30247,745,Savings,1389.07,1,0,1,High,72.5,0,0
CUST-01654,Matthew Jackson,57,Male,67929,763,Money Market,34594.14,0,0,0,Medium,42.8,0,0
CUST-01655,Susan Jackson,58,Male,42828,651,Premium Checking,33079.3,0,0,1,Medium,64.1,0,0
CUST-01656,John Martinez,23,Female,42150,713,Standard Checking,1324.83,1,0,0,Medium,38.3,0,0
CUST-01657,Charles Rodriguez,84,Female,58154,764,Premium Checking,23509.49,1,0,0,High,83,0,0
CUST-01658,Margaret Martin,50,Female,77998,725,Money Market,45283.57,0,0,0,High,86.3,0,0
CUST-01659,Richard Miller,60,Female,53703,824,Money Market,91839.84,1,0,0,Medium,37,0,0
CUST-01660,Susan Rodriguez,38,Male,119515,777,Standard Checking,7846.66,1,0,0,High,71.9,0,0
CUST-01661,Anthony Jackson,82,Non-Binary,117071,649,Standard Checking,7338.8,0,1,1,High,74.4,0,0
CUST-01662,Joseph Martin,34,Female,34513,673,Premium Checking,51262.43,1,0,0,High,73.5,0,0
CUST-01663,Susan Garcia,25,Male,28038,798,Standard Checking,799.38,0,0,1,Medium,59.7,0,0
CUST-01664,Christopher Brown,81,Female,26604,597,Savings,10195.1,1,0,0,Medium,56.8,0,0
CUST-01665,Linda Taylor,45,Female,120723,675,Standard Checking,7340.31,1,1,0,Medium,52.7,0,0
CUST-01666,Sandra Rodriguez,30,Female,26661,813,Standard Checking,416.33,0,0,1,Low,13,0,0
CUST-01667,James Martin,30,Female,40365,822,Standard Checking,10018.16,1,0,0,Medium,64.4,0,0
CUST-01668,Matthew Wilson,55,Female,49293,700,Standard Checking,10599.74,1,0,1,Medium,68.2,0,0
CUST-01669,David Williams,42,Female,118831,563,Standard Checking,14551.8,1,0,0,Medium,61.8,0,0
CUST-01670,William Wilson,79,Female,25457,654,Savings,9468.9,1,0,1,High,72.5,0,0
CUST-01671,Sandra Rodriguez,40,Male,84416,730,Premium Checking,8569.73,1,0,0,High,71.6,0,0
CUST-01672,Patricia Brown,38,Female,49367,624,Standard Checking,3618.72,1,1,0,Medium,67.9,0,0
CUST-01673,Margaret Davis,71,Male,45988,844,Standard Checking,6889.31,1,1,0,High,72.2,0,0
CUST-01674,Mary Rodriguez,80,Female,48373,663,Standard Checking,1430.93,1,0,1,High,97.7,0,0
CUST-01675,Mark Wilson,47,Female,34477,773,Savings,7465.1,1,0,0,Medium,60.6,0,0
CUST-01676,Nancy Rodriguez,85,Male,39823,671,Standard Checking,4951.35,0,0,0,Medium,69.5,0,0
CUST-01677,Lisa Thomas,49,Male,34130,701,Standard Checking,12456.61,1,0,0,Medium,45,0,0
CUST-01678,Mark Taylor,41,Female,25445,679,Premium Checking,60022.4,1,0,0,Low,7.8,0,0
CUST-01679,Jessica Lopez,24,Male,27211,640,Savings,3887.32,0,0,0,Medium,40.4,0,0
CUST-01680,John Hernandez,18,Male,88553,651,Standard Checking,7203.84,1,0,0,Medium,48.9,0,0
CUST-01681,Susan Moore,20,Female,41146,729,Standard Checking,10767.25,0,0,0,Medium,67.1,0,0
CUST-01682,Christopher Jones,45,Female,68567,665,Premium Checking,27708.18,1,0,0,Medium,36.7,0,0
CUST-01683,Jessica Martin,60,Female,44855,649,Savings,14536.73,1,1,0,High,94.1,0,0
CUST-01684,Robert Williams,63,Female,44473,722,Savings,1421.14,1,0,0,Medium,63.3,0,0
CUST-01685,Barbara Smith,18,Female,47194,787,Premium Checking,27159.91,1,0,0,Medium,65.1,0,0
CUST-01686,Christopher Rodriguez,55,Male,70633,800,Standard Checking,299.54,1,0,0,High,99.4,0,0
CUST-01687,Mark Rodriguez,52,Female,34784,610,Standard Checking,7277.63,1,0,1,Medium,58.2,0,0
CUST-01688,Patricia Williams,71,Female,45383,625,Money Market,68350.24,0,0,0,High,77.8,0,0
CUST-01689,Thomas Johnson,41,Female,77041,770,Standard Checking,14516.35,1,0,1,Medium,44.2,0,0
CUST-01690,Lisa Smith,45,Female,84280,645,Savings,12840.21,1,0,0,None,0,0,1
CUST-01691,Linda Gonzalez,39,Male,103014,663,Money Market,18452.99,0,0,0,High,76.4,1,0
CUST-01692,Daniel Anderson,33,Non-Binary,30296,585,Premium Checking,52711.63,1,1,0,Medium,50.1,0,0
CUST-01693,Linda Lopez,30,Female,35601,730,Premium Checking,23900.79,0,0,1,None,0,0,0
CUST-01694,Nancy Lopez,79,Female,44385,677,Standard Checking,3745,0,0,0,Medium,38.6,0,0
CUST-01695,Susan Anderson,60,Male,25398,754,Money Market,41099.91,1,1,0,Low,8.6,0,0
CUST-01696,Joseph Rodriguez,49,Female,75827,736,Standard Checking,5865.11,1,0,1,Medium,58.4,0,0
CUST-01697,Charles Martin,84,Male,56626,753,Premium Checking,70800.01,1,1,0,Medium,66.9,0,0
CUST-01698,Mark Davis,74,Female,45371,754,Standard Checking,4576.9,1,0,1,Low,9.8,0,0
CUST-01699,Christopher Jackson,82,Male,82030,652,Standard Checking,3550.82,1,0,0,Medium,46.1,0,0
CUST-01700,Jennifer Martin,66,Female,33603,679,Savings,8092.03,0,0,0,Medium,36.5,0,0
CUST-01701,Matthew Jackson,50,Female,86193,694,Savings,10338.95,0,0,0,High,73.3,1,0
CUST-01702,Patricia Miller,36,Male,117122,687,Standard Checking,10381.85,0,0,0,None,0,0,0
CUST-01703,Margaret Brown,53,Female,57176,728,Money Market,72247.02,0,0,0,High,87.5,1,0
CUST-01704,Nancy Lopez,32,Male,48846,647,Savings,452.88,1,0,0,Medium,56.9,0,0
CUST-01705,Richard Williams,41,Female,53325,702,Money Market,81684.53,1,1,1,Medium,46.5,0,0
CUST-01706,Nancy Lopez,44,Female,24475,639,Savings,315.27,1,0,0,High,81.3,0,0
CUST-01707,Mary Johnson,66,Male,44434,697,Savings,6634.14,1,0,0,High,72.3,0,0
CUST-01708,Anthony Rodriguez,40,Female,137175,705,Savings,852.38,1,1,1,Low,27.9,0,0
CUST-01709,James Davis,50,Female,141837,597,Premium Checking,64045.56,0,0,0,Medium,55.9,0,0
CUST-01710,Daniel Garcia,58,Male,51312,704,Standard Checking,5086.67,1,0,1,Medium,58.3,0,0
CUST-01711,Jennifer Moore,73,Female,37334,775,Premium Checking,36107.14,1,0,0,Medium,65.2,0,0
CUST-01712,Thomas Lopez,46,Female,81995,754,Standard Checking,1316.84,1,1,1,Medium,32.8,0,0
CUST-01713,Jennifer Davis,48,Male,48151,597,Savings,11592.71,1,1,1,Medium,52.2,0,0
CUST-01714,Charles Martinez,82,Female,78684,591,Money Market,33959.2,1,0,0,Medium,63.8,0,0
CUST-01715,James Gonzalez,35,Female,33809,716,Savings,4327.66,1,0,1,High,92.3,0,0
CUST-01716,Thomas Williams,23,Male,57115,690,Savings,1991.65,1,0,0,High,74,0,0
CUST-01717,Linda Wilson,69,Male,40921,669,Standard Checking,5377.27,0,0,0,Medium,56.5,1,0
CUST-01718,John Thomas,57,Male,48883,505,Savings,7285.68,1,0,0,Medium,60.2,0,1
CUST-01719,Richard Martin,82,Female,36849,608,Money Market,138364.11,1,0,0,High,86.5,0,0
CUST-01720,Lisa Taylor,59,Female,45715,770,Savings,417.53,0,0,0,Low,22.4,0,0
CUST-01721,Richard Garcia,85,Female,57035,709,Savings,9035.11,1,0,1,Medium,32.4,0,0
CUST-01722,Thomas Wilson,49,Female,69417,819,Money Market,49757.68,0,0,0,Low,14.8,0,0
CUST-01723,Thomas Davis,27,Male,45238,740,Money Market,62260.32,0,0,0,Medium,42.7,0,0
CUST-01724,David Martin,26,Female,101222,703,Savings,9414.4,1,0,0,Low,6.8,0,0
CUST-01725,Margaret Smith,78,Non-Binary,25760,570,Premium Checking,74734.71,1,0,0,High,79.7,0,0
CUST-01726,Betty Miller,28,Female,23199,703,Savings,10661.32,0,0,0,None,0,0,0
CUST-01727,Christopher Taylor,85,Male,36432,673,Standard Checking,4787.82,1,0,0,High,77.7,0,0
CUST-01728,Sandra Martinez,25,Female,49283,601,Standard Checking,12191.49,1,0,0,High,75.5,0,0
CUST-01729,David Rodriguez,66,Male,110402,770,Standard Checking,6503.99,1,1,0,High,76.8,0,0
CUST-01730,William Jones,41,Male,44671,684,Standard Checking,953.25,0,1,0,High,95.2,0,0
CUST-01731,Thomas Rodriguez,50,Female,30544,709,Savings,9750.08,0,1,0,High,78.9,0,0
CUST-01732,Thomas Jackson,36,Male,35559,622,Savings,5764.76,0,0,0,High,98,0,0
CUST-01733,Anthony Miller,19,Male,51046,705,Savings,13958.45,0,0,0,High,95.9,0,0
CUST-01734,Daniel Rodriguez,72,Female,28615,668,Savings,5159.54,0,1,1,High,73.4,0,0
CUST-01735,Michael Gonzalez,28,Female,128664,839,Savings,723,1,0,0,Low,26.7,0,0
CUST-01736,David Wilson,34,Female,15202,641,Savings,14204.46,1,0,0,Medium,31.3,0,0
CUST-01737,Charles Hernandez,59,Female,33472,631,Savings,12494.16,0,0,0,High,80.3,0,0
CUST-01738,Richard Wilson,78,Male,37019,697,Standard Checking,14691.25,0,0,0,High,84.6,0,0
CUST-01739,Richard Smith,20,Male,30107,664,Money Market,111542.57,1,0,0,Low,29.8,0,0
CUST-01740,Linda Lopez,52,Female,68629,696,Savings,367.18,0,0,0,Low,27.3,0,0
CUST-01741,Charles Lopez,83,Female,35305,794,Premium Checking,57545.67,1,1,0,Low,21.5,0,0
CUST-01742,Linda Davis,18,Female,66851,611,Savings,11147.73,1,0,0,Medium,48.3,0,0
CUST-01743,Mark Gonzalez,24,Female,107993,687,Premium Checking,10987.93,1,0,0,Low,21.5,0,0
CUST-01744,Barbara Thomas,37,Male,90999,636,Standard Checking,109.16,1,0,0,Low,9.8,0,1
CUST-01745,James Gonzalez,60,Male,53094,633,Standard Checking,9872.62,0,0,0,High,77.5,0,0
CUST-01746,Betty Miller,23,Male,49065,670,Savings,10684.65,1,1,0,Low,6.5,0,0
CUST-01747,Margaret Jones,72,Female,76266,680,Savings,5184.77,1,1,0,None,0,0,1
CUST-01748,Linda Wilson,38,Male,42482,804,Standard Checking,7127.8,1,0,0,Medium,30.2,0,0
CUST-01749,Daniel Gonzalez,68,Female,38416,643,Standard Checking,2036.19,1,0,0,None,0,0,1
CUST-01750,Joseph Taylor,63,Male,29872,662,Savings,1246.17,0,0,0,Medium,34.5,0,0
CUST-01751,Joseph Martin,52,Female,57198,549,Money Market,26341.6,1,0,0,Medium,34.1,0,0
CUST-01752,Sarah Moore,25,Female,28912,711,Standard Checking,12341.58,1,0,1,Medium,37.4,0,0
CUST-01753,Mary Brown,85,Female,34413,688,Premium Checking,21061.87,0,0,0,High,87.8,0,0
CUST-01754,Sandra Smith,33,Female,140367,721,Savings,12261.89,1,0,0,Medium,65.2,0,0
CUST-01755,Patricia Moore,84,Female,68661,696,Premium Checking,23482.16,0,0,0,Medium,43,0,0
CUST-01756,Robert Jackson,81,Male,59980,553,Standard Checking,4370.06,1,0,0,Medium,66,0,1
CUST-01757,Joseph Davis,19,Male,34191,801,Savings,11893.04,0,0,0,Medium,50.5,0,0
CUST-01758,Karen Taylor,18,Female,72089,701,Savings,10614.78,1,0,0,None,0,0,0
CUST-01759,James Lopez,75,Male,29484,705,Savings,9545.19,1,0,0,Low,25.9,0,0
CUST-01760,Betty Jackson,18,Male,22865,803,Money Market,31551.1,1,0,1,Low,20.8,0,0
CUST-01761,Joseph Rodriguez,24,Male,37186,645,Standard Checking,12954.28,1,0,0,Medium,56.5,1,0
CUST-01762,Michael Johnson,35,Male,27177,583,Standard Checking,14231.99,1,0,0,High,99.7,0,0
CUST-01763,Mark Rodriguez,49,Male,61854,603,Money Market,56448,1,0,0,High,95.1,0,0
CUST-01764,Elizabeth Johnson,62,Female,58862,677,Premium Checking,31442.92,1,0,0,Medium,52.6,0,0
CUST-01765,Charles Hernandez,50,Non-Binary,54943,672,Savings,5339.79,1,0,0,High,75.6,0,0
CUST-01766,Richard Martinez,66,Female,65632,793,Savings,2018.21,1,0,1,Medium,50.7,0,0
CUST-01767,Susan Moore,50,Male,64218,707,Savings,1867.52,1,1,0,High,76,0,0
CUST-01768,Charles Rodriguez,85,Female,34945,578,Savings,14837.41,0,0,0,None,0,0,1
CUST-01769,Matthew Miller,45,Female,62315,632,Standard Checking,2813.62,1,0,0,High,71.9,0,0
CUST-01770,Margaret Williams,70,Female,57347,638,Premium Checking,19513,1,0,1,High,80.2,0,0
CUST-01771,Karen Garcia,61,Male,36025,661,Savings,11738.03,0,1,1,Low,24.7,0,0
CUST-01772,Anthony Johnson,72,Male,40992,630,Savings,7396.35,1,0,0,Medium,45.4,0,0
CUST-01773,Mark Garcia,27,Female,75069,594,Premium Checking,24840.35,1,1,1,High,93.5,0,0
CUST-01774,John Thomas,31,Female,25394,690,Standard Checking,10929.28,1,0,1,High,71.3,1,0
CUST-01775,Sandra Davis,53,Female,57915,647,Standard Checking,14283.42,1,0,0,Medium,31.1,0,0
CUST-01776,Mary Taylor,51,Male,46436,591,Premium Checking,10174.66,1,0,0,Medium,44,0,0
CUST-01777,William Lopez,35,Female,48336,792,Savings,7952.25,0,1,0,Medium,41.8,0,0
CUST-01778,John Hernandez,33,Male,42535,675,Standard Checking,8833.58,1,0,0,Medium,57.3,0,0
CUST-01779,James Gonzalez,54,Male,60510,819,Standard Checking,2418.54,1,0,0,Low,11.1,0,0
CUST-01780,Joseph Jones,58,Male,22282,758,Premium Checking,65165.97,1,0,0,Medium,67.8,0,0
CUST-01781,Christopher Taylor,42,Male,55606,647,Premium Checking,10067.13,1,0,0,Medium,36.7,0,0
CUST-01782,Matthew Garcia,25,Male,29018,809,Money Market,102344.3,1,1,0,Medium,35.1,0,0
CUST-01783,Margaret Hernandez,35,Male,82109,757,Savings,1551.54,1,1,0,Medium,46.6,0,0
CUST-01784,Sarah Brown,85,Male,25682,639,Standard Checking,4051.46,0,0,1,Low,13.2,0,0
CUST-01785,John Gonzalez,65,Male,14795,657,Savings,11504.36,1,0,0,High,91.5,0,0
CUST-01786,Daniel Rodriguez,84,Male,20970,700,Standard Checking,14330.24,1,0,1,None,0,0,0
CUST-01787,Christopher Garcia,35,Male,47653,664,Savings,3539.66,1,0,1,Low,5,0,0
CUST-01788,Betty Lopez,35,Male,22550,752,Standard Checking,4679.94,1,0,0,Medium,54,0,0
CUST-01789,Mary Williams,73,Male,25508,707,Standard Checking,12092.03,1,0,0,High,92.2,0,0
CUST-01790,John Lopez,40,Male,34583,753,Standard Checking,10942.44,1,0,1,Medium,40.6,0,0
CUST-01791,Joseph Rodriguez,52,Male,63859,724,Premium Checking,14092.4,0,0,1,High,81.5,0,0
CUST-01792,Daniel Davis,23,Male,33398,632,Standard Checking,13662.33,1,0,0,High,98.3,0,0
CUST-01793,David Thomas,43,Female,44136,566,Standard Checking,3549.04,0,1,1,Medium,55.4,0,1
CUST-01794,Betty Brown,78,Female,43776,628,Standard Checking,11531.84,1,0,0,Low,23.2,0,0
CUST-01795,Margaret Smith,32,Female,23796,827,Savings,9784.78,1,0,0,High,71.5,0,0
CUST-01796,Lisa Miller,49,Female,60074,748,Standard Checking,7049.75,0,0,0,Low,17.2,0,0
CUST-01797,Mary Jones,29,Female,151109,688,Standard Checking,1356.67,1,0,0,High,98.4,0,0
CUST-01798,Michael Brown,22,Male,20656,777,Premium Checking,43645.43,0,0,0,High,73.2,0,0
CUST-01799,Robert Smith,81,Female,31530,682,Savings,7979.04,1,1,0,High,94.9,0,0
CUST-01800,James Anderson,44,Female,25944,687,Premium Checking,72577.89,0,0,0,High,75.1,0,0
CUST-01801,Karen Jackson,62,Female,44396,706,Premium Checking,29680.12,1,0,0,Medium,64.6,0,0
CUST-01802,Mark Martinez,52,Male,23729,651,Standard Checking,1601.98,1,0,0,Low,15.3,0,0
CUST-01803,Margaret Moore,43,Female,91719,617,Savings,5636.39,0,1,0,Low,19.9,0,0
CUST-01804,Margaret Williams,40,Female,99396,710,Standard Checking,1818.42,0,1,0,Low,9.4,0,0
CUST-01805,David Anderson,30,Female,69293,681,Money Market,17564.95,1,0,1,Low,23.4,0,0
CUST-01806,Anthony Hernandez,20,Female,78267,663,Premium Checking,23236.87,0,0,0,High,96.3,0,0
CUST-01807,Thomas Taylor,46,Non-Binary,51931,717,Standard Checking,3527.43,1,0,0,Medium,47.6,0,0
CUST-01808,Jennifer Jones,83,Female,84110,653,Premium Checking,57870.11,0,0,0,None,0,0,0
CUST-01809,Linda Johnson,81,Male,42120,735,Premium Checking,18342.71,1,0,0,Low,14.3,0,0
CUST-01810,Jessica Martin,45,Male,37487,595,Standard Checking,9261.72,1,0,0,High,83.7,0,0
CUST-01811,Lisa Lopez,53,Male,68323,590,Standard Checking,11175.67,1,0,0,High,74.6,0,0
CUST-01812,Jennifer Smith,23,Male,40428,587,Standard Checking,1594.21,1,1,0,Low,15.6,0,1
CUST-01813,Patricia Taylor,28,Male,142783,680,Standard Checking,12724.03,1,0,0,High,96.8,0,0
CUST-01814,Richard Moore,55,Female,83036,585,Premium Checking,46298.86,0,0,1,High,71,0,0
CUST-01815,Robert Williams,51,Female,37095,801,Savings,5616.8,1,0,0,Low,29.1,0,0
CUST-01816,David Gonzalez,84,Male,45058,799,Money Market,109350.67,1,1,0,Medium,52.9,1,0
CUST-01817,Patricia Wilson,63,Female,45690,707,Money Market,47990.88,0,0,0,Medium,45,0,0
CUST-01818,Nancy Hernandez,46,Male,33679,744,Savings,6410.19,0,1,0,Medium,51.6,0,0
CUST-01819,Anthony Martinez,77,Female,76438,620,Savings,2458.71,0,0,0,Medium,42.1,0,0
CUST-01820,Charles Moore,71,Male,31686,761,Standard Checking,14420.63,0,1,1,Medium,33.7,0,0
CUST-01821,Jennifer Anderson,26,Female,46783,658,Savings,11625.74,0,1,0,None,0,0,1
CUST-01822,Christopher Martinez,27,Female,33349,676,Premium Checking,37209.07,1,0,0,Medium,36.1,0,0
CUST-01823,Robert Jones,85,Male,37289,666,Standard Checking,1113.75,0,0,0,High,87.9,0,0
CUST-01824,Elizabeth Jones,75,Female,71994,630,Money Market,123965.43,1,0,0,High,70.4,0,0
CUST-01825,John Garcia,69,Female,68806,720,Savings,5290.44,1,1,0,Medium,43.9,0,0
CUST-01826,Patricia Moore,51,Male,41157,642,Premium Checking,71564.46,0,0,1,Medium,56.8,0,0
CUST-01827,Margaret Rodriguez,52,Non-Binary,86559,661,Standard Checking,4701.14,0,0,0,Medium,39.6,0,0
CUST-01828,Thomas Gonzalez,50,Female,65282,521,Standard Checking,14527.8,0,0,0,None,0,0,1
CUST-01829,Anthony Anderson,49,Male,51979,706,Standard Checking,12034.34,1,0,0,High,88.3,0,0
CUST-01830,Sandra Martin,72,Male,77196,672,Money Market,78874.58,1,0,0,Medium,69,0,0
CUST-01831,Thomas Gonzalez,25,Female,99654,614,Money Market,125835.9,1,0,0,Medium,53,0,0
CUST-01832,Jessica Brown,63,Female,61084,663,Standard Checking,735.24,1,1,1,Medium,56.3,0,0
CUST-01833,Robert Jones,31,Male,56191,647,Premium Checking,9233.21,1,0,0,Medium,45.7,0,0
CUST-01834,William Taylor,25,Female,18764,571,Savings,7729.03,1,0,0,Low,14.8,0,0
CUST-01835,Richard Johnson,71,Male,55891,793,Standard Checking,2262.42,1,0,0,Medium,37.1,0,0
CUST-01836,Richard Jackson,38,Female,61851,779,Premium Checking,52879.21,1,0,0,Medium,44.5,0,0
CUST-01837,John Martinez,31,Female,57366,729,Savings,3052.08,1,0,0,None,0,0,1
CUST-01838,Mary Gonzalez,19,Female,31239,767,Standard Checking,10842.04,0,0,0,None,0,0,0
CUST-01839,Charles Taylor,78,Female,34774,645,Money Market,98897.79,1,0,0,Medium,37.7,0,0
CUST-01840,Christopher Wilson,34,Female,70348,679,Premium Checking,37763.4,1,0,1,High,73.2,0,0
CUST-01841,Barbara Lopez,65,Male,40375,642,Standard Checking,9309.1,0,1,0,High,74.1,0,0
CUST-01842,David Miller,25,Female,53572,697,Savings,2338.87,0,0,0,Low,20.8,0,0
CUST-01843,Patricia Jackson,73,Male,17132,746,Standard Checking,14892.54,1,0,1,Medium,42.9,0,0
CUST-01844,James Williams,34,Female,48638,674,Savings,10914.67,0,0,0,Medium,39.1,0,0
CUST-01845,Richard Anderson,29,Female,73361,589,Standard Checking,12412.52,0,0,1,High,84.3,0,0
CUST-01846,Mary Hernandez,55,Male,57013,709,Money Market,143643.37,1,1,0,None,0,0,0
CUST-01847,Patricia Jackson,35,Female,45723,637,Savings,3087.87,1,0,0,Medium,38,0,0
CUST-01848,Mark Taylor,43,Female,29004,745,Standard Checking,4866.83,1,0,0,Low,17.5,0,0
CUST-01849,John Moore,54,Female,20004,811,Premium Checking,22079.2,1,0,0,Medium,41.9,0,0
CUST-01850,Linda Jackson,58,Male,33167,754,Standard Checking,14864.77,1,0,0,Medium,57.6,0,0
CUST-01851,Robert Miller,59,Male,82456,664,Standard Checking,9834.23,1,1,0,Low,26,0,0
CUST-01852,Christopher Davis,58,Female,47710,688,Money Market,60687.44,1,1,1,High,92.5,0,0
CUST-01853,Margaret Jones,64,Female,69240,673,Savings,5586.61,0,0,0,High,72.2,0,0
CUST-01854,Thomas Jones,31,Male,100438,617,Savings,6838.35,1,0,1,Medium,56.9,0,0
CUST-01855,Patricia Jackson,18,Female,52163,642,Money Market,68301.79,1,0,1,Medium,53.9,0,0
CUST-01856,Anthony Johnson,34,Female,74816,669,Premium Checking,37538.07,1,0,1,High,93.1,0,0
CUST-01857,David Gonzalez,72,Non-Binary,86475,664,Standard Checking,12854.47,1,0,1,Medium,57.9,0,0
CUST-01858,Joseph Lopez,70,Female,24351,594,Savings,11597.25,1,0,0,None,0,0,1
CUST-01859,Nancy Hernandez,48,Male,33493,683,Premium Checking,29909.9,1,0,0,High,96.8,0,0
CUST-01860,Michael Jones,79,Male,21120,675,Premium Checking,6604.83,0,1,0,High,93.3,0,0
CUST-01861,Thomas Martin,25,Non-Binary,19736,522,Standard Checking,10096.06,1,0,0,High,71.8,0,1
CUST-01862,William Wilson,47,Male,38203,671,Savings,11321.99,1,0,1,High,87.2,0,0
CUST-01863,Betty Lopez,83,Female,43141,515,Premium Checking,13998.68,0,0,0,Low,20.6,0,0
CUST-01864,Jennifer Taylor,62,Female,19224,608,Premium Checking,70582.57,1,0,1,High,79.1,0,0
CUST-01865,Charles Jackson,35,Male,61530,597,Standard Checking,8033.97,1,0,0,High,88.2,0,0
CUST-01866,Betty Thomas,62,Female,38437,663,Standard Checking,6021.67,0,0,1,Low,8.3,0,0
CUST-01867,Barbara Lopez,36,Female,100461,632,Standard Checking,14744.14,1,0,0,High,83.7,0,0
CUST-01868,Karen Garcia,85,Female,53738,656,Savings,7189.21,0,0,0,Medium,47.7,0,0
CUST-01869,Daniel Brown,67,Male,53541,812,Standard Checking,12576.73,1,0,0,High,98.6,0,0
CUST-01870,Jennifer Hernandez,42,Female,44251,612,Premium Checking,73889.29,0,1,0,None,0,0,0
CUST-01871,James Anderson,55,Female,46183,756,Standard Checking,4121.72,0,0,0,High,93.5,0,0
CUST-01872,Anthony Hernandez,53,Female,58993,721,Money Market,31763.21,1,0,1,Medium,38.7,0,0
CUST-01873,Matthew Jackson,85,Female,77104,706,Standard Checking,13730,1,1,1,None,0,0,0
CUST-01874,Sarah Taylor,73,Male,25174,766,Standard Checking,5092.5,1,0,1,Medium,54.1,0,0
CUST-01875,Charles Wilson,56,Female,32253,648,Premium Checking,56538.67,0,0,0,High,81.4,0,0
CUST-01876,Anthony Moore,80,Female,56773,669,Standard Checking,11220.86,1,1,0,Medium,48.8,0,0
CUST-01877,Margaret Jackson,24,Male,48077,620,Savings,9707.43,1,0,1,Medium,56,0,0
CUST-01878,Joseph Anderson,75,Female,72837,513,Standard Checking,9927.26,1,0,1,High,72.2,0,1
CUST-01879,Patricia Miller,76,Male,35022,687,Savings,2019.38,1,0,0,None,0,0,1
CUST-01880,Richard Williams,65,Female,92224,800,Premium Checking,50513.31,0,0,0,Low,24.3,0,0
CUST-01881,Jessica Rodriguez,22,Female,37851,583,Premium Checking,44889.32,1,0,0,Medium,53.2,0,0
CUST-01882,Linda Martin,53,Female,41830,590,Standard Checking,13038.37,0,0,0,Medium,40.6,0,0
CUST-01883,Richard Taylor,42,Male,84746,700,Standard Checking,6409.66,0,0,0,High,88.5,0,0
CUST-01884,Thomas Taylor,62,Female,65224,664,Standard Checking,2170.03,0,0,0,Medium,32.7,0,0
CUST-01885,James Davis,36,Female,132066,785,Standard Checking,6034.71,1,1,0,Medium,49.4,0,0
CUST-01886,Charles Garcia,24,Female,78781,644,Savings,4409.39,1,1,0,High,78.3,0,0
CUST-01887,John Jones,75,Female,93431,787,Premium Checking,23086.33,1,0,0,Medium,58.1,0,0
CUST-01888,Richard Anderson,83,Female,42258,711,Premium Checking,43737.68,0,0,0,High,72.4,1,0
CUST-01889,Susan Thomas,56,Female,94062,759,Standard Checking,9252.98,1,1,0,Medium,42,0,0
CUST-01890,Sarah Hernandez,35,Female,50739,623,Premium Checking,39916.63,0,0,0,Medium,37.9,0,0
CUST-01891,John Martinez,18,Male,16156,664,Savings,2592.76,1,0,0,Medium,47.9,0,0
CUST-01892,Elizabeth Thomas,80,Male,62141,691,Savings,1995.46,1,0,0,High,73.9,0,0
CUST-01893,Barbara Johnson,20,Female,64867,704,Premium Checking,25323.17,1,0,0,High,73,0,0
CUST-01894,William Williams,38,Female,28399,628,Premium Checking,35348.94,1,0,0,High,80.8,0,0
CUST-01895,Lisa Anderson,47,Male,58677,644,Standard Checking,10913.8,0,0,0,High,84.8,0,0
CUST-01896,John Jackson,28,Female,51935,787,Savings,9508.12,0,0,1,Medium,65.7,0,0
CUST-01897,Sarah Davis,39,Male,89899,743,Savings,4296.4,0,0,1,High,90.7,0,0
CUST-01898,Betty Taylor,74,Male,61032,593,Standard Checking,3267.52,1,0,0,Medium,62.3,0,1
CUST-01899,Linda Miller,20,Male,49032,698,Premium Checking,50912.69,0,1,1,Medium,33.7,0,0
CUST-01900,Sandra Miller,47,Female,25196,764,Standard Checking,4282.34,1,0,0,Medium,66.7,0,0
CUST-01901,John Smith,62,Female,18339,628,Savings,5078.12,0,0,0,High,94,0,0
CUST-01902,Patricia Jones,53,Female,92300,717,Standard Checking,12983.22,0,1,0,Low,17.1,0,0
CUST-01903,James Anderson,81,Male,59698,719,Savings,254.02,0,0,1,High,79.1,0,0
CUST-01904,Robert Gonzalez,71,Female,43471,561,Standard Checking,3995.79,0,0,0,High,74.6,0,1
CUST-01905,Linda Davis,85,Female,64685,625,Savings,14296.3,1,0,0,Low,28.5,0,0
CUST-01906,Robert Rodriguez,67,Male,43540,643,Savings,12786.16,1,0,0,Medium,59.4,1,0
CUST-01907,James Brown,48,Male,18023,680,Savings,13232.91,1,1,0,High,99,0,0
CUST-01908,John Johnson,46,Female,81353,641,Savings,92.59,1,0,1,Medium,38.3,0,0
CUST-01909,Linda Rodriguez,76,Male,86715,707,Standard Checking,5465.74,1,0,0,High,85.5,0,0
CUST-01910,Mary Wilson,53,Male,41591,657,Savings,7240.34,0,1,1,None,0,0,1
CUST-01911,Susan Brown,84,Female,48011,570,Standard Checking,1660.76,1,0,1,None,0,0,1
CUST-01912,Sandra Garcia,28,Female,36078,490,Standard Checking,1251.25,0,0,0,Low,8.7,0,1
CUST-01913,David Williams,28,Female,123289,642,Standard Checking,5391.2,1,0,0,Low,6.6,0,0
CUST-01914,Linda Williams,43,Male,89504,690,Savings,13815.71,0,0,0,Low,27.5,0,0
CUST-01915,Susan Gonzalez,70,Female,32659,679,Savings,6036.66,1,1,0,Medium,67.8,0,0
CUST-01916,Richard Johnson,31,Male,66337,604,Standard Checking,11362.94,1,0,0,High,77,0,0
CUST-01917,Richard Jackson,81,Male,31617,738,Standard Checking,8990.97,1,0,1,Low,22.5,0,0
CUST-01918,Anthony Garcia,27,Female,32648,652,Savings,13316.88,0,0,1,High,86.7,0,0
CUST-01919,Jessica Johnson,48,Male,39283,739,Savings,5035.25,0,0,0,High,74.9,0,0
CUST-01920,Linda Taylor,53,Male,36172,742,Savings,2040.15,1,1,0,Low,17.5,0,0
CUST-01921,Daniel Johnson,27,Female,22481,737,Standard Checking,2096.18,0,0,0,Medium,62.9,0,0
CUST-01922,Elizabeth Thomas,43,Male,95151,724,Premium Checking,22941.59,1,1,0,Medium,55.5,0,0
CUST-01923,Jennifer Johnson,37,Non-Binary,54481,596,Money Market,119481.99,1,0,0,Low,6.8,0,0
CUST-01924,Mary Gonzalez,61,Male,106610,665,Savings,8589.75,1,0,0,High,88.1,0,0
CUST-01925,Lisa Anderson,79,Male,45110,784,Premium Checking,17896.57,0,0,0,Medium,58.7,0,0
CUST-01926,Margaret Johnson,26,Male,23533,662,Premium Checking,58202.65,1,0,0,High,86.2,0,0
CUST-01927,Michael Williams,41,Male,81854,572,Savings,2706.16,1,0,0,Low,16.8,0,1
CUST-01928,Linda Wilson,29,Female,55866,730,Savings,3118.89,1,0,0,High,80.1,0,0
CUST-01929,Lisa Miller,77,Female,42927,717,Standard Checking,11302.95,0,0,1,High,76.1,0,0
CUST-01930,Christopher Miller,33,Male,89544,672,Standard Checking,10448.71,1,0,0,High,78.5,0,0
CUST-01931,James Taylor,46,Female,25044,659,Premium Checking,70029.9,0,0,0,Medium,63.1,0,0
CUST-01932,William Gonzalez,49,Female,80057,696,Standard Checking,1570.93,1,0,0,High,98.9,0,0
CUST-01933,Christopher Jackson,52,Male,70194,732,Standard Checking,2354.29,1,0,1,High,75.6,0,0
CUST-01934,Christopher Jackson,60,Male,55032,685,Savings,3896.47,0,0,1,High,71.8,0,0
CUST-01935,Matthew Taylor,70,Male,23412,720,Standard Checking,12471.47,0,0,0,Medium,43.7,1,0
CUST-01936,Daniel Martinez,37,Female,78356,796,Premium Checking,16734.82,0,0,0,None,0,0,0
CUST-01937,Elizabeth Brown,25,Male,71117,661,Standard Checking,13726.26,1,1,0,Low,27.8,0,0
CUST-01938,Linda Martin,59,Male,55995,850,Savings,559.37,1,0,0,High,79,0,0
CUST-01939,Karen Moore,33,Female,47701,807,Standard Checking,12327.6,0,1,0,High,81.2,0,0
CUST-01940,Susan Moore,70,Female,27881,646,Savings,409.14,1,0,0,Medium,38.5,0,0
CUST-01941,Margaret Wilson,62,Female,28000,822,Savings,9998.78,1,0,0,High,88.8,0,0
CUST-01942,Karen Anderson,68,Male,33268,642,Savings,9766.29,1,0,0,None,0,0,1
CUST-01943,Nancy Brown,23,Female,22300,850,Premium Checking,56205.79,1,0,0,Medium,69.5,0,0
CUST-01944,Richard Davis,50,Female,22674,662,Standard Checking,11245.44,1,0,0,Medium,30.2,0,0
CUST-01945,Sarah Lopez,32,Male,39265,716,Savings,6363.16,0,0,1,High,70.1,0,0
CUST-01946,Daniel Wilson,31,Male,25167,714,Premium Checking,54880.09,1,0,1,High,85.9,0,0
CUST-01947,Mary Moore,56,Female,43642,653,Standard Checking,9472.01,1,0,0,Medium,39.7,0,0
CUST-01948,Lisa Johnson,80,Female,50653,711,Standard Checking,13228.72,1,1,0,High,74.1,1,0
CUST-01949,David Rodriguez,22,Male,23755,761,Standard Checking,10128.61,1,0,0,High,98.2,1,0
CUST-01950,Barbara Taylor,69,Male,74148,685,Standard Checking,10076.01,0,0,0,High,85.7,0,0
CUST-01951,Joseph Taylor,33,Female,81262,698,Standard Checking,8966.82,1,0,0,Medium,65.7,0,0
CUST-01952,Betty Moore,55,Female,16433,736,Standard Checking,1547.39,1,0,0,High,78.8,0,0
CUST-01953,Nancy Garcia,70,Female,96399,602,Standard Checking,4550.09,1,0,0,Medium,39.2,0,0
CUST-01954,Thomas Moore,70,Female,64840,685,Premium Checking,25068.97,0,0,1,Medium,65.1,0,0
CUST-01955,Linda Rodriguez,63,Male,51373,768,Standard Checking,3792.32,1,0,0,High,94.5,0,0
CUST-01956,Jennifer Jones,32,Female,101846,660,Savings,2525.39,1,0,0,Medium,41.3,0,0
CUST-01957,Barbara Hernandez,76,Male,51696,721,Standard Checking,7699.87,1,1,1,High,97.6,0,0
CUST-01958,Matthew Smith,67,Female,33184,564,Money Market,73220.18,1,0,1,Medium,64.3,0,0
CUST-01959,David Jackson,26,Female,23242,687,Standard Checking,9529.57,0,0,0,Medium,56,0,0
CUST-01960,William Johnson,43,Female,46222,670,Savings,10435.31,0,0,1,Medium,58.8,0,0
CUST-01961,Barbara Brown,20,Female,46141,683,Standard Checking,2164.61,1,0,0,High,96.7,0,0
CUST-01962,Patricia Moore,64,Male,20913,668,Money Market,29748.99,0,0,0,Medium,69,0,0
CUST-01963,Joseph Jackson,22,Male,40991,766,Premium Checking,16995.64,0,0,0,High,89.6,0,0
CUST-01964,Richard Jackson,79,Male,105628,616,Standard Checking,4266.42,0,0,0,High,75.8,0,0
CUST-01965,Thomas Garcia,22,Female,63083,655,Standard Checking,13160.38,1,0,1,Medium,65.5,0,0
CUST-01966,Jessica Lopez,27,Male,24988,625,Money Market,103163.2,1,0,0,High,87.1,0,0
CUST-01967,Charles Jones,80,Male,57080,587,Standard Checking,1360.92,1,0,1,Medium,58.7,0,1
CUST-01968,Thomas Smith,42,Female,69631,675,Standard Checking,2473.7,1,0,1,High,96.8,1,0
CUST-01969,Margaret Martinez,61,Male,82054,614,Standard Checking,5408.35,1,0,0,Medium,68.3,0,0
CUST-01970,Joseph Hernandez,42,Female,65650,697,Standard Checking,10761.15,1,0,1,High,89.2,0,0
CUST-01971,Richard Jones,47,Male,87624,699,Standard Checking,2278.64,1,0,0,None,0,0,1
CUST-01972,James Lopez,31,Male,71522,691,Savings,2363.25,0,0,1,Medium,33.5,0,0
CUST-01973,David Taylor,60,Male,43391,720,Premium Checking,70988.98,1,0,0,High,73.2,0,0
CUST-01974,Patricia Anderson,45,Female,57826,516,Standard Checking,8872.85,0,1,1,High,91.3,0,1
CUST-01975,Matthew Rodriguez,36,Male,43719,784,Savings,1364.89,0,0,1,Medium,53.8,0,0
CUST-01976,Christopher Martin,59,Male,59977,675,Savings,6105.98,1,0,1,Medium,57.1,0,0
CUST-01977,Charles Jackson,37,Female,70796,728,Standard Checking,10996.8,0,0,0,High,93.2,0,0
CUST-01978,Barbara Jones,28,Female,47196,610,Standard Checking,5156.44,1,0,1,None,0,0,1
CUST-01979,Elizabeth Taylor,71,Male,57055,590,Money Market,54271.92,0,0,0,Medium,33.8,0,0
CUST-01980,Robert Thomas,41,Female,38503,715,Savings,1759.43,1,0,1,Low,24.6,0,0
CUST-01981,Michael Rodriguez,34,Female,42080,730,Savings,6996.65,0,0,0,Medium,34.7,0,0
CUST-01982,John Anderson,45,Female,47358,594,Standard Checking,14104.51,1,0,0,Medium,57.3,0,0
CUST-01983,Jessica Moore,67,Male,37042,721,Premium Checking,17133.1,0,0,1,High,93.5,0,0
CUST-01984,Susan Williams,72,Male,95194,729,Standard Checking,1044.93,0,0,0,Medium,69.8,0,0
CUST-01985,Barbara Rodriguez,27,Male,66056,724,Premium Checking,51959.45,0,0,0,High,85.4,0,0
CUST-01986,Margaret Miller,38,Female,70977,690,Standard Checking,11123.61,1,0,0,Low,16.6,0,0
CUST-01987,William Gonzalez,75,Male,64859,701,Savings,11364.23,0,0,0,High,70.7,0,0
CUST-01988,Sarah Jones,51,Female,53365,799,Money Market,82474.56,1,0,0,None,0,0,0
CUST-01989,Richard Brown,60,Male,26671,639,Premium Checking,67651.79,0,0,0,Medium,49.2,0,0
CUST-01990,Mary Thomas,28,Male,85909,741,Standard Checking,8076.13,1,0,1,Medium,65.7,0,0
CUST-01991,William Rodriguez,50,Female,138777,709,Standard Checking,11001.62,1,0,0,Medium,45.6,0,0
CUST-01992,Jennifer Hernandez,75,Female,68239,583,Savings,5010.3,1,0,0,Medium,45.1,0,1
CUST-01993,Nancy Smith,63,Female,33075,580,Premium Checking,38938.46,1,0,0,None,0,0,0
CUST-01994,Patricia Gonzalez,78,Male,65976,691,Premium Checking,49307.86,1,0,0,None,0,0,0
CUST-01995,Daniel Gonzalez,79,Male,32865,568,Money Market,109687.56,0,0,1,High,75.1,0,0
CUST-01996,Richard Johnson,18,Female,38625,512,Money Market,130895.2,1,0,0,Medium,39.7,0,0
CUST-01997,William Davis,38,Female,14618,850,Savings,2048.29,1,0,0,Medium,57.5,0,0
CUST-01998,Michael Brown,79,Female,97240,612,Standard Checking,3701.97,1,0,0,Low,21,0,0
CUST-01999,Sarah Williams,81,Male,57437,744,Money Market,99656.6,1,0,0,Low,23.7,0,0
CUST-02000,Margaret Garcia,73,Female,65282,696,Standard Checking,7867.07,1,1,0,Medium,55.6,0,0
CUST-02001,Barbara Lopez,18,Female,72746,842,Standard Checking,2355.53,0,0,0,Medium,42.7,0,0
CUST-02002,Christopher Davis,38,Male,62238,812,Standard Checking,9253.66,1,0,0,High,94.7,0,0
CUST-02003,Nancy Smith,39,Female,79892,719,Savings,8809.9,1,0,0,Low,24,0,0
CUST-02004,Patricia Hernandez,71,Male,97024,580,Standard Checking,8291.29,1,0,0,High,74.7,1,0
CUST-02005,John Gonzalez,21,Male,48152,787,Standard Checking,5141.17,1,0,0,Low,11,1,0
CUST-02006,Matthew Taylor,82,Male,21363,593,Standard Checking,6129.66,1,0,0,Medium,54.5,1,0
CUST-02007,Nancy Martinez,68,Female,32151,755,Standard Checking,11425.89,1,0,0,Medium,63.7,0,0
CUST-02008,Christopher Lopez,80,Male,66799,610,Premium Checking,5540.63,1,0,0,High,79.9,0,0
CUST-02009,Joseph Martinez,32,Female,29330,645,Savings,8690.48,0,0,0,High,90.4,0,0
CUST-02010,Susan Gonzalez,53,Male,47502,842,Savings,13989.9,1,0,0,Low,23.4,0,0
CUST-02011,Robert Garcia,46,Male,171171,697,Premium Checking,16428.36,1,0,1,High,93,0,0
CUST-02012,Lisa Johnson,69,Male,82647,625,Standard Checking,4386.53,1,0,0,High,74.9,0,0
CUST-02013,Nancy Taylor,63,Female,17929,664,Savings,12546.83,0,0,0,High,79.2,0,0
CUST-02014,Patricia Wilson,46,Male,157239,696,Savings,14450.22,1,0,0,High,74.2,0,0
CUST-02015,Elizabeth Williams,64,Male,97106,620,Standard Checking,13361.91,0,0,1,High,87.2,0,0
CUST-02016,Matthew Williams,42,Male,68298,725,Standard Checking,7396.64,1,0,0,Medium,51,0,0
CUST-02017,Joseph Garcia,33,Male,52431,622,Standard Checking,12172.2,1,0,0,Medium,37.4,0,0
CUST-02018,Thomas Lopez,58,Male,24595,530,Savings,3056.96,1,0,0,Low,28.9,0,1
CUST-02019,Nancy Martin,82,Male,40677,664,Premium Checking,14638.54,0,1,0,Medium,62.4,0,0
CUST-02020,Lisa Hernandez,37,Male,18185,637,Savings,14978.58,1,0,0,Medium,59.6,0,0
CUST-02021,Matthew Brown,53,Female,78885,690,Standard Checking,2720.52,0,0,1,Medium,47.7,0,0
CUST-02022,Betty Garcia,75,Male,53784,666,Savings,3676.6,1,0,0,Low,15.7,0,0
CUST-02023,James Martin,65,Female,33801,740,Money Market,146634.24,1,0,0,Medium,30.5,0,0
CUST-02024,Daniel Thomas,19,Male,81229,730,Standard Checking,10052.78,0,0,0,High,87.7,0,0
CUST-02025,Joseph Taylor,46,Male,57887,539,Premium Checking,40362.82,1,0,0,Medium,45.5,0,0
CUST-02026,Linda Lopez,33,Female,111257,676,Savings,14254.13,1,0,0,Medium,31.5,0,0
CUST-02027,Anthony Martinez,52,Female,39264,648,Premium Checking,42336.07,0,1,1,Medium,39.4,0,0
CUST-02028,Anthony Anderson,79,Female,98373,658,Premium Checking,6269.14,0,0,0,Medium,36.1,0,0
CUST-02029,Sandra Rodriguez,21,Male,54854,554,Money Market,63530.32,1,0,0,Medium,48,0,0
CUST-02030,Mary Jones,85,Female,33280,457,Premium Checking,48931.56,0,0,0,High,99.6,0,0
CUST-02031,Jennifer Miller,68,Female,65966,784,Standard Checking,4897.55,1,0,0,Medium,40.2,0,0
CUST-02032,Christopher Smith,50,Female,50885,663,Savings,13964,1,0,0,None,0,0,0
CUST-02033,Daniel Miller,41,Female,61568,700,Standard Checking,14198.03,1,0,0,Medium,38.8,1,0
CUST-02034,Karen Lopez,42,Male,29935,631,Standard Checking,7498.43,1,0,0,High,88.1,0,0
CUST-02035,Jessica Thomas,45,Male,15440,579,Standard Checking,10945.59,1,0,0,High,71.6,0,0
CUST-02036,David Brown,24,Female,38277,641,Standard Checking,3211.26,1,0,0,Medium,49.8,0,0
CUST-02037,Richard Miller,53,Male,65245,609,Money Market,93061.5,1,1,0,Medium,45.7,0,0
CUST-02038,Patricia Anderson,27,Female,64286,722,Premium Checking,9843.29,1,0,1,Medium,36.6,0,0
CUST-02039,Charles Rodriguez,53,Male,39067,703,Money Market,38094.18,1,0,0,Medium,44.5,0,0
CUST-02040,David Davis,35,Female,55103,726,Savings,13639,1,0,0,Medium,36.2,0,0
CUST-02041,James Davis,23,Male,40292,707,Standard Checking,11329.11,1,0,0,High,97.4,0,0
CUST-02042,Richard Brown,24,Male,45843,544,Standard Checking,12647.99,1,0,1,Medium,56.7,0,0
CUST-02043,Linda Williams,29,Female,92139,654,Standard Checking,12359.37,1,0,0,Medium,66,0,0
CUST-02044,Mark Rodriguez,58,Male,25162,622,Premium Checking,41301.28,0,0,0,Low,6.2,0,0
CUST-02045,Mark Johnson,80,Male,125914,691,Savings,12213.88,1,0,0,Low,13.2,0,0
CUST-02046,Mary Gonzalez,42,Male,53474,634,Savings,3134.81,1,0,0,Medium,44,0,0
CUST-02047,Joseph Lopez,70,Female,134506,701,Money Market,113460.94,1,0,0,Medium,45.6,0,0
CUST-02048,Betty Brown,50,Female,124326,704,Money Market,74338.01,1,0,0,High,74.2,0,0
CUST-02049,Betty Davis,23,Female,15725,662,Standard Checking,5497.42,0,0,0,High,93.2,0,0
CUST-02050,William Jones,79,Female,53738,699,Savings,10066.65,0,0,0,High,96.8,0,0
CUST-02051,Lisa Martin,83,Male,30011,706,Savings,3373.37,1,0,0,High,94.2,0,0
CUST-02052,Sarah Hernandez,26,Male,45814,688,Premium Checking,26952.72,1,0,1,High,81.9,0,0
CUST-02053,Joseph Rodriguez,84,Male,61617,704,Standard Checking,13498.34,1,0,0,Low,27.9,0,0
CUST-02054,Thomas Lopez,33,Female,101575,726,Standard Checking,9988.8,1,0,1,Low,23.4,0,0
CUST-02055,Michael Martinez,72,Female,28496,654,Standard Checking,1383.82,1,0,0,None,0,0,1
CUST-02056,Matthew Martinez,57,Male,173612,628,Standard Checking,5287.63,1,0,0,High,97.5,0,0
CUST-02057,Anthony Gonzalez,43,Male,36662,704,Premium Checking,62773.52,1,0,0,High,91.5,0,0
CUST-02058,Charles Hernandez,55,Male,25043,639,Premium Checking,67486.27,0,0,0,High,97.6,0,0
CUST-02059,Richard Davis,52,Male,84751,679,Standard Checking,7480.58,0,0,1,None,0,0,1
CUST-02060,Linda Brown,85,Male,52247,670,Standard Checking,3816.66,1,0,0,High,75.2,0,0
CUST-02061,Joseph Hernandez,76,Male,148098,798,Standard Checking,10053.31,1,0,0,Medium,49.6,0,0
CUST-02062,David Smith,31,Male,29970,733,Standard Checking,1304.59,1,0,1,High,74.4,0,0
CUST-02063,Thomas Anderson,64,Female,53752,766,Money Market,142736.93,1,1,0,Low,12.7,0,0
CUST-02064,Karen Garcia,59,Male,92510,708,Standard Checking,11349.6,1,0,0,Medium,68.2,0,0
CUST-02065,Lisa Anderson,68,Female,32117,700,Standard Checking,4350.94,1,0,0,Medium,32.3,0,0
CUST-02066,William Wilson,36,Male,93044,709,Standard Checking,958.11,0,1,0,Medium,67.4,0,0
CUST-02067,Sarah Taylor,83,Female,59806,647,Savings,1385.37,0,0,0,None,0,0,1
CUST-02068,Sarah Jones,64,Male,29650,600,Savings,6428.12,1,0,1,High,71.4,0,0
CUST-02069,Karen Martin,82,Female,92191,720,Savings,2795.45,1,0,0,Medium,45.8,1,0
CUST-02070,William Hernandez,59,Male,44436,715,Premium Checking,36865.9,1,1,0,Medium,61.7,0,0
CUST-02071,Lisa Smith,55,Male,88808,779,Standard Checking,904.26,0,0,0,High,78.3,0,0
CUST-02072,Sarah Garcia,30,Female,34495,740,Standard Checking,6673.14,1,0,1,High,88.3,0,0
CUST-02073,Anthony Johnson,61,Female,23716,649,Premium Checking,37748.97,1,0,0,Medium,32.2,0,0
CUST-02074,Joseph Wilson,41,Male,39337,601,Premium Checking,59254.21,1,0,0,Medium,56.4,0,0
CUST-02075,Robert Garcia,47,Male,46115,704,Standard Checking,1019.01,0,1,0,None,0,0,1
CUST-02076,Jennifer Moore,55,Male,54040,681,Savings,1310.96,1,0,0,High,93.3,0,0
CUST-02077,Susan Martinez,40,Female,64017,640,Standard Checking,7640.04,0,0,0,Medium,47.2,0,0
CUST-02078,Susan Gonzalez,74,Female,130589,718,Savings,3991.73,0,0,0,High,81,0,0
CUST-02079,Sandra Williams,40,Male,46550,596,Premium Checking,70277.72,1,0,0,High,88.8,0,0
CUST-02080,Sandra Garcia,53,Male,119478,636,Premium Checking,48737.2,0,0,0,Medium,63.2,0,0
CUST-02081,Mark Davis,74,Male,81832,850,Premium Checking,9265.59,0,1,0,Medium,45.5,0,0
CUST-02082,Barbara Gonzalez,18,Male,47075,611,Premium Checking,37662.59,1,1,1,Low,9,0,0
CUST-02083,David Lopez,20,Female,57143,710,Savings,13434.97,1,1,0,High,79.6,0,0
CUST-02084,James Taylor,31,Female,59750,750,Premium Checking,41260.83,1,0,0,High,85.4,1,0
CUST-02085,Jessica Hernandez,51,Female,81866,739,Savings,9534.75,0,0,1,High,74,0,0
CUST-02086,Richard Moore,68,Male,88355,727,Standard Checking,1124.61,0,1,0,Medium,66.9,0,0
CUST-02087,David Lopez,46,Female,24341,711,Savings,7538.16,0,0,0,Medium,48.9,0,0
CUST-02088,Jennifer Rodriguez,65,Male,79962,678,Standard Checking,13426.56,1,1,0,Medium,34.6,0,0
CUST-02089,Jessica Brown,33,Female,60107,780,Money Market,28249.93,0,0,0,Medium,53.9,0,0
CUST-02090,John Thomas,74,Female,59654,776,Money Market,52280.82,1,0,0,None,0,0,0
CUST-02091,Lisa Lopez,27,Female,45868,750,Money Market,48977.47,0,0,0,Low,19.2,0,0
CUST-02092,David Jones,36,Male,69692,792,Standard Checking,13113.55,1,0,1,Medium,67.8,0,0
CUST-02093,Matthew Moore,84,Male,76435,746,Standard Checking,3697.32,1,0,0,High,96.4,0,0
CUST-02094,Charles Garcia,53,Female,51848,656,Standard Checking,7838.68,0,0,0,Low,15.5,0,0
CUST-02095,Nancy Moore,21,Male,81705,631,Savings,13289.72,0,0,0,Medium,50.9,0,0
CUST-02096,Betty Garcia,50,Female,35756,705,Standard Checking,13215.31,0,1,1,Low,25.3,0,0
CUST-02097,Patricia Lopez,45,Male,49310,700,Savings,6221.09,1,0,1,Medium,61.6,0,0
CUST-02098,Charles Johnson,26,Male,58715,712,Standard Checking,7632.14,0,0,0,High,79.1,0,0
CUST-02099,Thomas Hernandez,23,Male,41993,787,Standard Checking,1637.43,1,0,0,Low,13.3,0,0
CUST-02100,David Thomas,66,Male,41544,653,Standard Checking,8038.45,1,0,0,Medium,57.8,0,0
CUST-02101,Mary Johnson,39,Female,30794,669,Savings,12923,0,0,1,High,76.3,0,0
CUST-02102,Daniel Davis,65,Female,60829,700,Savings,2633.11,1,1,0,Medium,54.6,0,0
CUST-02103,Richard Martinez,38,Female,129630,669,Standard Checking,6901.34,1,0,0,Medium,52.7,0,0
CUST-02104,Linda Brown,50,Male,66243,551,Standard Checking,9666.35,1,0,0,Medium,38.6,0,0
CUST-02105,Joseph Smith,73,Male,45076,647,Savings,776.1,0,0,1,Medium,41.4,0,0
CUST-02106,David Miller,46,Female,94641,611,Standard Checking,596.5,1,0,0,Medium,42.3,0,1
CUST-02107,Thomas Martin,70,Male,48190,775,Standard Checking,12742.11,0,0,0,Low,14.9,0,0
CUST-02108,Lisa Moore,57,Female,71331,622,Savings,14477.6,1,0,0,None,0,0,1
CUST-02109,Nancy Lopez,35,Male,64865,677,Savings,11423.41,1,0,0,Low,28,0,0
CUST-02110,William Jones,64,Female,23239,683,Standard Checking,14449.66,0,0,0,Medium,31.2,1,0
CUST-02111,Elizabeth Brown,30,Female,51540,714,Standard Checking,2343.8,1,0,0,Low,12,0,0
CUST-02112,Robert Martinez,44,Male,143146,698,Standard Checking,13059.24,0,0,1,Low,26.6,0,0
CUST-02113,David Martinez,79,Female,37384,701,Premium Checking,61993.92,1,0,0,High,83.3,0,0
CUST-02114,Margaret Davis,62,Female,108730,618,Premium Checking,40532.45,1,0,0,Medium,64.3,0,0
CUST-02115,Mary Davis,20,Female,81329,660,Standard Checking,9740.15,0,1,0,Low,19.9,0,0
CUST-02116,Jessica Jones,39,Male,39159,582,Money Market,64817.77,1,0,0,High,99.8,0,0
CUST-02117,Anthony Williams,44,Male,51673,706,Premium Checking,7298.8,1,0,0,Low,20.8,0,0
CUST-02118,Barbara Gonzalez,72,Female,30364,626,Savings,12205.29,1,0,0,Medium,60.5,0,0
CUST-02119,Richard Martinez,84,Female,78842,774,Standard Checking,13593.96,1,0,0,Medium,68.7,0,0
CUST-02120,Patricia Rodriguez,50,Female,30559,541,Money Market,49412.16,1,0,0,Low,6.4,0,0
CUST-02121,Nancy Johnson,19,Female,63036,814,Savings,9740.46,1,0,0,Low,28.5,0,0
CUST-02122,Charles Smith,63,Male,128566,696,Standard Checking,14567.03,1,0,0,Medium,43.1,0,0
CUST-02123,Matthew Miller,50,Female,37294,658,Standard Checking,4133.17,0,0,1,Medium,60.7,0,0
CUST-02124,Thomas Williams,75,Male,61250,718,Standard Checking,11277.37,1,1,0,Medium,56.4,0,0
CUST-02125,Karen Martin,24,Female,24401,782,Premium Checking,22211.53,1,0,0,High,92.5,0,0
CUST-02126,Christopher Williams,32,Male,52629,812,Standard Checking,1002.44,1,1,0,Medium,41.9,0,0
CUST-02127,John Taylor,43,Male,31055,679,Standard Checking,10510.7,1,0,0,Low,13,0,0
CUST-02128,Michael Wilson,28,Male,58243,540,Standard Checking,3726.43,1,0,0,High,86.7,0,1
CUST-02129,Thomas Moore,55,Female,39427,674,Savings,8966.44,1,0,0,High,77.8,0,0
CUST-02130,Richard Martin,44,Female,31403,642,Premium Checking,19489.92,1,0,1,Medium,61.4,0,0
CUST-02131,Mark Martin,24,Female,48110,725,Standard Checking,1847.36,0,1,0,High,91.9,0,0
CUST-02132,Christopher Moore,18,Male,13683,651,Standard Checking,136.24,1,0,0,Medium,47.1,0,0
CUST-02133,Patricia Smith,38,Male,30412,600,Savings,3306.75,1,0,0,Medium,54.1,0,1
CUST-02134,Sarah Smith,47,Female,168625,643,Standard Checking,2003.66,1,0,0,Medium,39.1,0,0
CUST-02135,Betty Gonzalez,25,Male,45942,775,Savings,4440.27,1,0,0,Medium,55.2,0,0
CUST-02136,Karen Martin,20,Female,40610,689,Savings,3101.49,1,0,0,High,74.1,0,0
CUST-02137,Daniel Martinez,72,Female,62087,748,Standard Checking,3990.79,1,1,1,Medium,50,0,0
CUST-02138,Anthony Hernandez,32,Male,87518,651,Standard Checking,1974.42,0,0,0,High,85.5,0,0
CUST-02139,William Rodriguez,53,Female,117598,762,Standard Checking,2705.04,1,0,0,High,98.5,0,0
CUST-02140,Robert Smith,23,Female,50289,619,Savings,4265.74,1,0,0,High,92.7,0,0
CUST-02141,Thomas Johnson,59,Female,46872,627,Savings,6572.33,1,0,0,Medium,56,0,0
CUST-02142,Lisa Gonzalez,67,Female,63011,775,Savings,3978.47,1,0,0,Medium,57.9,0,0
CUST-02143,William Brown,35,Female,53540,772,Standard Checking,2852.23,1,0,0,Medium,62,0,0
CUST-02144,Robert Hernandez,67,Female,47835,546,Money Market,79354.72,1,0,0,High,87.1,0,0
CUST-02145,Lisa Jackson,47,Male,70272,749,Savings,5470.61,1,0,0,Low,16.3,0,0
CUST-02146,Christopher Williams,56,Male,69746,586,Standard Checking,9070.21,1,0,0,Low,26.1,0,0
CUST-02147,Barbara Jackson,29,Male,53567,754,Premium Checking,46113.69,1,0,0,Medium,55.8,0,0
CUST-02148,Charles Gonzalez,76,Male,173648,752,Savings,6234.78,1,0,0,Medium,33.6,1,0
CUST-02149,Margaret Miller,61,Male,134874,790,Standard Checking,5673.71,0,0,0,Low,15,0,0
CUST-02150,Joseph Miller,21,Female,68643,799,Savings,12795.46,0,0,0,Low,20.1,0,0
CUST-02151,Betty Davis,53,Female,92782,696,Money Market,77657.66,1,0,0,Medium,70,0,0
CUST-02152,Robert Wilson,65,Male,37110,662,Standard Checking,9041.36,0,0,0,High,88,0,0
CUST-02153,Patricia Martinez,31,Male,52780,678,Savings,7028.95,1,0,1,Medium,69.7,0,0
CUST-02154,Karen Anderson,66,Male,74921,671,Premium Checking,61505.34,0,0,0,High,77.7,0,0
CUST-02155,Sarah Martin,84,Male,104441,661,Premium Checking,9573.74,1,0,0,High,73.7,0,0
CUST-02156,Richard Davis,26,Male,30996,666,Savings,1825.9,1,0,0,None,0,0,1
CUST-02157,William Thomas,38,Female,37427,758,Premium Checking,53934.15,1,0,0,Low,28.3,0,0
CUST-02158,Charles Thomas,33,Female,54099,589,Standard Checking,14748.07,1,1,0,Medium,39.5,0,0
CUST-02159,Michael Wilson,33,Female,111494,755,Savings,3905.64,1,0,0,High,98.5,0,0
CUST-02160,Margaret Wilson,45,Male,54049,679,Standard Checking,72.92,0,1,0,Low,27.3,0,0
CUST-02161,Matthew Brown,68,Male,92533,576,Savings,13697.15,1,0,0,Low,26.9,0,0
CUST-02162,Betty Anderson,73,Male,48019,721,Savings,2017.43,1,0,0,None,0,0,1
CUST-02163,John Jones,74,Female,74922,571,Standard Checking,13014.76,0,1,0,Medium,39.7,0,0
CUST-02164,James Williams,69,Female,30161,686,Money Market,84846.15,1,0,0,Low,9.6,0,0
CUST-02165,Joseph Davis,63,Male,35668,828,Savings,2723.31,1,0,0,Medium,32.1,0,0
CUST-02166,Mark Brown,55,Female,45863,648,Standard Checking,2993.4,0,0,0,High,74.2,0,0
CUST-02167,Mary Martinez,65,Male,28568,653,Money Market,40312.42,0,0,1,Medium,42.3,0,0
CUST-02168,Patricia Williams,58,Female,27756,735,Savings,11930.11,1,0,0,High,99.4,0,0
CUST-02169,Mary Taylor,76,Female,41470,724,Savings,12169.35,0,0,0,High,72.1,0,0
CUST-02170,Daniel Martin,84,Male,24376,724,Standard Checking,3608.46,1,0,0,Low,11.1,0,0
CUST-02171,Daniel Gonzalez,83,Female,47448,648,Premium Checking,59358.84,0,1,0,Medium,60.7,0,0
CUST-02172,Robert Rodriguez,44,Male,57963,713,Money Market,104969.22,0,0,0,Low,23.5,0,0
CUST-02173,Matthew Garcia,49,Male,33055,640,Standard Checking,9324.64,0,0,0,Medium,63.6,0,0
CUST-02174,Robert Martinez,73,Male,42093,712,Premium Checking,24364.6,0,1,0,High,81.3,0,0
CUST-02175,Linda Miller,27,Male,41514,670,Standard Checking,6543.51,1,1,0,High,80.5,0,0
CUST-02176,Michael Garcia,57,Male,108486,733,Standard Checking,1892.64,1,0,0,Medium,69.1,0,0
CUST-02177,Christopher Martin,34,Female,53115,743,Standard Checking,7563.11,0,0,0,Medium,44.7,0,0
CUST-02178,John Jackson,75,Male,151530,710,Savings,968.73,0,0,0,High,71.9,0,0
CUST-02179,Nancy Anderson,23,Male,39882,626,Standard Checking,2047.46,1,0,0,Medium,31.8,0,0
CUST-02180,Patricia Lopez,56,Female,39836,574,Premium Checking,49602.13,0,1,0,High,90.4,0,0
CUST-02181,Jennifer Jackson,35,Female,87120,600,Standard Checking,7691.87,1,0,0,High,71.9,0,0
CUST-02182,Patricia Anderson,59,Female,13896,611,Money Market,138369.84,1,0,0,Medium,36.5,0,0
CUST-02183,William Jones,21,Female,72421,850,Savings,13191.74,1,0,0,None,0,0,0
CUST-02184,Richard Moore,37,Female,46799,726,Savings,4240.82,1,0,1,High,78.6,0,0
CUST-02185,Sandra Jones,45,Male,51875,695,Standard Checking,8778.14,1,0,0,High,79.4,0,0
CUST-02186,Matthew Thomas,57,Female,41449,641,Premium Checking,17949.4,1,0,1,None,0,0,0
CUST-02187,Anthony Jackson,82,Male,65838,745,Premium Checking,40204.3,1,0,1,Medium,66,0,0
CUST-02188,Susan Thomas,61,Male,19472,666,Standard Checking,8118.03,0,0,0,None,0,0,1
CUST-02189,Anthony Anderson,40,Male,33798,703,Standard Checking,14016.27,1,1,1,High,79.5,0,0
CUST-02190,Nancy Brown,74,Male,130569,721,Standard Checking,10323.87,0,1,0,High,74.5,0,0
CUST-02191,Michael Thomas,64,Female,50615,709,Savings,14724.44,0,0,0,High,88.4,0,0
CUST-02192,Lisa Davis,30,Female,27140,684,Premium Checking,69155.12,0,0,0,Medium,40,0,0
CUST-02193,Thomas Thomas,33,Male,50562,608,Premium Checking,7248.72,1,0,0,Low,21.1,0,0
CUST-02194,Anthony Martinez,72,Female,71226,684,Premium Checking,73334.08,1,0,0,High,93.1,0,0
CUST-02195,Elizabeth Johnson,82,Female,51453,756,Standard Checking,5139.18,1,0,1,Medium,39.1,0,0
CUST-02196,Sandra Rodriguez,33,Male,46335,732,Standard Checking,5663,0,0,0,High,90.1,0,0
CUST-02197,Thomas Hernandez,54,Female,36490,702,Premium Checking,72585.33,0,0,0,None,0,0,0
CUST-02198,Elizabeth Taylor,69,Male,26033,737,Savings,3897.56,1,0,1,High,82.4,0,0
CUST-02199,Patricia Thomas,27,Female,19240,596,Money Market,130828.95,0,0,0,Low,21.3,0,0
CUST-02200,Karen Anderson,55,Male,32349,668,Savings,8842.53,1,1,0,High,88.3,0,0
CUST-02201,Matthew Jones,61,Female,94528,677,Standard Checking,2619.03,0,0,0,Medium,34.6,0,0
CUST-02202,Jennifer Taylor,71,Female,39642,605,Savings,4061.03,1,0,0,Medium,47.1,0,0
CUST-02203,James Jackson,68,Female,45188,716,Standard Checking,4295.14,0,0,1,Medium,35.8,0,0
CUST-02204,Patricia Taylor,69,Male,22895,727,Premium Checking,65453.2,0,0,0,Low,11.2,0,0
CUST-02205,William Johnson,76,Male,49179,691,Premium Checking,20539.07,0,0,0,Medium,69.7,0,0
CUST-02206,Linda Anderson,30,Male,40064,694,Standard Checking,4733,1,0,0,High,82.7,0,0
CUST-02207,Michael Garcia,58,Female,41496,638,Savings,8029.9,1,0,1,Medium,52.3,0,0
CUST-02208,James Anderson,29,Male,36418,639,Savings,11065.14,1,0,0,Medium,52.9,0,0
CUST-02209,Daniel Miller,67,Male,36675,584,Standard Checking,14532.37,1,1,0,Medium,41.9,0,0
CUST-02210,Mark Taylor,74,Female,43405,667,Premium Checking,8935.12,0,0,0,High,90,0,0
CUST-02211,Mary Rodriguez,67,Male,48255,638,Premium Checking,28366.26,1,0,0,Medium,63.4,0,0
CUST-02212,Mark Rodriguez,74,Female,15836,623,Standard Checking,13416.72,1,0,0,Medium,62.5,0,0
CUST-02213,Richard Garcia,71,Male,21152,683,Premium Checking,62567.05,1,0,0,Medium,58.6,0,0
CUST-02214,Jennifer Martin,83,Male,37656,654,Standard Checking,497.26,1,0,0,High,79.3,0,0
CUST-02215,Karen Williams,25,Male,77740,581,Premium Checking,41646.05,1,1,0,High,76.6,0,0
CUST-02216,Thomas Taylor,80,Female,24144,641,Savings,8039.98,1,0,0,None,0,0,1
CUST-02217,Barbara Thomas,26,Male,65530,670,Standard Checking,2914.06,1,0,1,Low,13.9,0,0
CUST-02218,Joseph Gonzalez,77,Male,112232,603,Savings,14930.09,0,0,0,High,85.7,0,0
CUST-02219,Daniel Smith,80,Female,42902,704,Savings,4712.72,0,0,0,Medium,31.1,0,0
CUST-02220,Thomas Williams,20,Female,39170,685,Money Market,21026.91,1,0,0,High,94.3,0,0
CUST-02221,Betty Anderson,30,Male,64140,618,Premium Checking,39672.34,1,0,0,Low,26.6,0,0
CUST-02222,Patricia Brown,26,Female,51768,734,Premium Checking,64274.94,1,0,1,Medium,38.2,0,0
CUST-02223,Sarah Taylor,69,Male,35910,777,Savings,2663.01,1,0,1,Low,7,0,0
CUST-02224,Charles Hernandez,79,Male,56179,675,Savings,7821.39,0,0,1,Medium,53.9,0,0
CUST-02225,Karen Williams,25,Female,34789,665,Money Market,132925.83,0,0,0,Medium,59.2,0,0
CUST-02226,Linda Wilson,62,Male,97540,657,Savings,14232.21,1,0,0,Medium,58.1,0,0
CUST-02227,Betty Smith,70,Female,44031,643,Standard Checking,5545.61,1,0,0,Medium,45.1,0,0
CUST-02228,Susan Johnson,80,Male,60581,614,Standard Checking,14639.74,0,0,0,Low,20.6,0,0
CUST-02229,Mark Brown,74,Female,112683,688,Savings,14834.2,1,0,0,High,88.3,0,0
CUST-02230,Lisa Jackson,71,Male,44786,626,Standard Checking,8841.02,1,0,0,Medium,68.8,0,0
CUST-02231,Jennifer Smith,36,Female,33670,498,Savings,4572.09,1,0,1,Low,18.2,0,1
CUST-02232,Thomas Davis,84,Male,36820,822,Standard Checking,12803.22,1,0,0,Medium,61.1,0,0
CUST-02233,Charles Smith,63,Female,48935,798,Savings,846.07,0,0,0,Low,25.4,0,0
CUST-02234,Robert Thomas,27,Male,45630,687,Savings,6637.93,1,0,1,High,87.2,0,0
CUST-02235,Jennifer Davis,35,Female,44839,589,Money Market,146657.19,0,0,0,High,74.6,0,0
CUST-02236,Richard Thomas,29,Female,58387,840,Money Market,98055.57,1,0,0,High,84.4,0,0
CUST-02237,Sandra Williams,66,Male,52101,716,Savings,10446.11,1,0,0,Medium,42,0,0
CUST-02238,Charles Lopez,40,Male,38905,654,Standard Checking,3505.44,1,0,0,Medium,58.1,0,0
CUST-02239,Jessica Hernandez,79,Female,49284,785,Standard Checking,12809.54,1,0,0,Medium,46.4,0,0
CUST-02240,Elizabeth Martin,28,Male,34717,610,Premium Checking,29167.69,1,1,0,Low,16.9,0,0
CUST-02241,Patricia Lopez,73,Female,38485,534,Savings,12973.66,1,1,0,High,89.7,0,0
CUST-02242,Daniel Johnson,72,Male,15270,634,Standard Checking,10453.28,0,0,0,High,76.3,0,0
CUST-02243,Lisa Jackson,42,Non-Binary,32318,730,Premium Checking,53953.75,1,0,0,Low,9.9,0,0
CUST-02244,Matthew Jones,26,Female,73706,839,Savings,1792.86,1,0,0,High,89.8,0,0
CUST-02245,Linda Miller,29,Male,67132,630,Savings,10391.7,1,0,0,High,71,0,0
CUST-02246,Susan Williams,28,Male,70650,598,Savings,3087.36,0,0,0,High,88.5,0,1
CUST-02247,Sarah Thomas,55,Male,60641,682,Premium Checking,32600.57,0,0,0,Medium,62,0,0
CUST-02248,Daniel Jackson,45,Male,38464,679,Money Market,139748.08,1,0,1,Low,15.2,0,0
CUST-02249,Charles Moore,25,Male,26041,811,Standard Checking,4789.26,1,1,0,High,83.2,0,0
CUST-02250,Karen Thomas,64,Female,41832,697,Standard Checking,14888.13,1,0,1,High,86.4,0,0
CUST-02251,Linda Smith,53,Female,10425,827,Premium Checking,72771.68,1,0,0,Medium,43.1,0,0
CUST-02252,Thomas Lopez,67,Male,86779,776,Premium Checking,68704.76,1,0,0,High,82.9,0,0
CUST-02253,Sandra Hernandez,26,Female,54310,744,Premium Checking,53978.25,0,0,0,Low,19.7,0,0
CUST-02254,Robert Lopez,77,Male,75153,577,Savings,7442.25,1,0,1,High,92,0,0
CUST-02255,Thomas Garcia,84,Male,37920,652,Savings,4298.66,1,0,1,Medium,59.9,0,0
CUST-02256,James Jones,70,Male,21959,697,Standard Checking,3401.68,1,0,0,High,90.7,0,0
CUST-02257,Matthew Wilson,34,Female,53751,496,Premium Checking,22291.91,0,0,0,Medium,39.4,0,0
CUST-02258,Robert Smith,70,Female,53428,633,Money Market,60243.19,1,0,0,High,72.2,0,0
CUST-02259,Sandra Moore,45,Male,45764,657,Premium Checking,36354.96,1,0,0,Medium,38.6,0,0
CUST-02260,Jessica Rodriguez,80,Male,56534,625,Savings,6794.48,0,0,1,High,97.1,0,0
CUST-02261,Charles Jones,32,Male,38606,827,Savings,9277.05,1,0,0,High,76.3,0,0
CUST-02262,Anthony Johnson,36,Female,54153,714,Savings,887.86,1,0,0,Medium,66,0,0
CUST-02263,Sandra Anderson,64,Male,61968,665,Standard Checking,7147.54,1,1,0,High,79.5,0,0
CUST-02264,Michael Brown,65,Female,113299,551,Standard Checking,288.99,0,0,1,Low,18.2,0,1
CUST-02265,James Gonzalez,37,Female,71889,642,Savings,11185.54,0,0,0,High,91.4,0,0
CUST-02266,Karen Miller,54,Male,26381,791,Savings,391.58,1,1,0,High,82.5,0,0
CUST-02267,Joseph Wilson,19,Female,40341,637,Savings,10591,1,1,0,Medium,46.1,0,0
CUST-02268,Daniel Jackson,81,Male,31960,652,Savings,3052.24,1,0,0,Low,10.5,0,0
CUST-02269,Nancy Martin,53,Female,97292,588,Savings,12197.49,1,1,0,Low,26.3,0,0
CUST-02270,Mark Moore,22,Male,38365,691,Savings,4780.71,1,0,0,Low,25.6,0,0
CUST-02271,Elizabeth Rodriguez,81,Non-Binary,42959,702,Standard Checking,13572.46,0,0,0,Medium,33.2,0,0
CUST-02272,Matthew Davis,24,Female,46352,692,Savings,11092.89,0,0,0,Low,9.8,0,0
CUST-02273,Betty Martinez,39,Female,59957,597,Standard Checking,3189.65,1,0,0,Medium,67.7,0,1
CUST-02274,Thomas Johnson,63,Female,27043,715,Standard Checking,13275.95,1,0,1,Medium,35.4,0,0
CUST-02275,Jennifer Jones,57,Female,48757,651,Premium Checking,16748.99,1,0,0,High,71.8,0,0
CUST-02276,Margaret Rodriguez,78,Male,78378,696,Money Market,42280.37,1,0,0,Medium,48.3,0,0
CUST-02277,Robert Moore,63,Male,41591,735,Savings,12627.03,0,0,0,Medium,51.5,0,0
CUST-02278,Betty Martin,45,Male,122307,709,Money Market,141726.36,1,0,1,High,97.6,0,0
CUST-02279,William Taylor,52,Female,31503,725,Standard Checking,726.23,1,0,0,High,93.4,0,0
CUST-02280,Anthony Taylor,18,Female,38089,728,Savings,13337.26,1,0,0,Medium,34.6,0,0
CUST-02281,Barbara Miller,46,Female,72200,741,Standard Checking,4481.34,1,0,1,Medium,58.2,0,0
CUST-02282,Anthony Williams,26,Female,49829,748,Savings,9995.08,0,0,0,Low,15.6,0,0
CUST-02283,Elizabeth Johnson,26,Female,43722,764,Premium Checking,36649.49,1,1,0,Low,22.2,0,0
CUST-02284,Matthew Williams,39,Female,28009,710,Money Market,47732.42,1,0,0,Medium,58,0,0
CUST-02285,Jessica Johnson,80,Female,36622,738,Standard Checking,5692.84,1,0,0,Medium,69.4,0,0
CUST-02286,Margaret Martinez,83,Female,122436,691,Savings,10917.41,1,0,1,Medium,50.5,0,0
CUST-02287,Jennifer Hernandez,75,Male,57508,728,Standard Checking,1197.03,0,0,0,High,76.9,0,0
CUST-02288,Daniel Miller,72,Male,65396,647,Standard Checking,11238.51,1,0,0,High,99.2,0,0
CUST-02289,Anthony Anderson,30,Female,35889,556,Standard Checking,13215.41,0,0,0,High,79.5,0,0
CUST-02290,Jennifer Martin,36,Female,54034,781,Premium Checking,40208.53,1,0,0,Medium,56.4,0,0
CUST-02291,Anthony Rodriguez,50,Non-Binary,42702,693,Standard Checking,3624.18,0,1,0,Low,8.7,0,0
CUST-02292,Nancy Martin,82,Female,26275,691,Premium Checking,20589.95,0,1,0,High,81.9,0,0
CUST-02293,Barbara Jackson,77,Male,33957,742,Premium Checking,60883.91,0,0,0,Medium,68.6,0,0
CUST-02294,Karen Williams,29,Male,37800,633,Standard Checking,11220.43,0,0,0,Medium,55.8,0,0
CUST-02295,Joseph Johnson,60,Male,139744,672,Savings,11226.01,1,0,1,High,80.8,0,0
CUST-02296,Sandra Johnson,34,Male,124914,639,Savings,6776.35,0,0,1,Low,29.1,1,0
CUST-02297,Nancy Williams,85,Male,21228,666,Money Market,96564.36,0,0,0,Medium,46.5,1,0
CUST-02298,Jennifer Anderson,46,Female,32432,652,Standard Checking,1902.51,1,0,0,Medium,68.3,0,0
CUST-02299,Anthony Martinez,72,Male,44755,641,Standard Checking,14382.81,1,0,0,High,95,0,0
CUST-02300,William Smith,24,Female,49671,707,Standard Checking,150.36,0,0,0,Medium,64.5,0,0
CUST-02301,Jessica Garcia,61,Male,45899,549,Premium Checking,45299.92,1,0,0,Low,7.1,0,0
CUST-02302,William Brown,22,Female,123622,772,Standard Checking,2832.68,0,0,0,High,91.3,0,0
CUST-02303,Anthony Johnson,77,Female,38710,630,Standard Checking,1015.5,0,0,0,High,80.6,0,0
CUST-02304,Mark Brown,23,Female,121533,714,Savings,7514.3,1,0,1,High,80.8,0,0
CUST-02305,James Jackson,24,Male,79289,718,Standard Checking,7730.85,0,0,0,High,85.2,0,0
CUST-02306,Betty Martinez,63,Female,47506,659,Premium Checking,20359.97,0,0,0,High,99.3,0,0
CUST-02307,Christopher Anderson,74,Male,35514,710,Savings,8938.2,1,0,0,High,86,0,0
CUST-02308,Anthony Jackson,71,Female,35248,604,Standard Checking,517.2,1,1,1,Medium,32.5,1,1
CUST-02309,Jessica Brown,63,Male,129486,641,Premium Checking,63077.93,1,0,0,High,73.1,0,0
CUST-02310,Mary Gonzalez,27,Female,70302,663,Premium Checking,55277.57,1,0,0,High,86.5,0,0
CUST-02311,Margaret Smith,21,Male,56805,711,Standard Checking,14139.21,0,0,0,Medium,65.9,0,0
CUST-02312,Thomas Gonzalez,84,Female,16354,656,Savings,11502.99,1,0,0,Medium,52.8,1,0
CUST-02313,Patricia Miller,42,Female,38282,668,Savings,14784.89,1,0,0,None,0,0,0
CUST-02314,Thomas Rodriguez,78,Male,40749,738,Savings,1908.13,0,0,0,Low,10.8,0,0
CUST-02315,Patricia Jackson,55,Female,54656,707,Standard Checking,14378.92,0,0,1,None,0,0,0
CUST-02316,James Martinez,49,Male,45779,843,Money Market,109783.61,0,1,0,Medium,65.8,0,0
CUST-02317,Patricia Rodriguez,40,Female,40461,616,Savings,8428.02,1,0,0,Medium,48.1,0,0
CUST-02318,Richard Wilson,54,Male,57583,590,Standard Checking,14647.72,1,0,0,Medium,53.2,0,0
CUST-02319,Elizabeth Garcia,20,Female,76859,813,Standard Checking,6740.82,1,0,0,Low,13.3,0,0
CUST-02320,Jessica Garcia,30,Female,36374,698,Savings,4754.6,0,0,0,High,94,0,0
CUST-02321,Thomas Martinez,51,Male,29880,773,Savings,11871.72,1,0,0,Medium,30.1,0,0
CUST-02322,Sarah Moore,82,Male,37000,609,Standard Checking,10585.78,1,0,0,Medium,38.7,0,0
CUST-02323,John Martin,25,Female,30330,645,Standard Checking,376.49,1,0,0,High,80.6,0,0
CUST-02324,Anthony Anderson,26,Female,42915,689,Standard Checking,7302.87,0,0,0,High,74,0,0
CUST-02325,Joseph Brown,45,Female,133491,680,Savings,13851.61,1,0,0,Medium,59.7,0,0
CUST-02326,Mark Rodriguez,35,Male,41358,674,Standard Checking,8229.22,1,0,0,Low,8.6,0,0
CUST-02327,Anthony Jackson,59,Male,28275,569,Savings,9221.14,0,0,0,Medium,41.9,0,0
CUST-02328,Lisa Taylor,58,Female,39296,671,Savings,7342.93,1,1,0,High,97.7,0,0
CUST-02329,David Rodriguez,50,Female,107004,703,Standard Checking,8810.28,1,0,0,Medium,56.6,1,0
CUST-02330,Elizabeth Moore,71,Female,42651,656,Standard Checking,4471.56,1,0,0,High,82.9,0,0
CUST-02331,Karen Gonzalez,53,Male,32720,748,Savings,3088.62,1,0,0,High,86.8,0,0
CUST-02332,Linda Miller,73,Male,20629,748,Standard Checking,5913.02,0,0,0,High,82.5,0,0
CUST-02333,Thomas Anderson,34,Female,41485,695,Savings,3522.87,1,0,0,Medium,59,0,0
CUST-02334,Karen Anderson,27,Male,23760,629,Standard Checking,13664.05,0,0,0,Medium,31.4,0,0
CUST-02335,James Wilson,61,Female,54617,705,Savings,2271.56,0,0,0,High,70.2,0,0
CUST-02336,Robert Hernandez,19,Male,39711,714,Premium Checking,59880.76,1,0,0,Medium,36.7,0,0
CUST-02337,Jessica Johnson,31,Male,17214,686,Standard Checking,11850.78,1,0,1,Medium,38.8,0,0
CUST-02338,Linda Hernandez,58,Female,112608,627,Savings,1575.25,0,0,0,Low,5.9,0,0
CUST-02339,Mark Moore,19,Male,142744,739,Savings,11962.94,1,0,0,High,84.1,0,0
CUST-02340,John Smith,36,Male,55734,709,Standard Checking,8695.33,1,0,0,High,96.2,0,0
CUST-02341,David Thomas,18,Female,105678,652,Money Market,66464.34,1,0,1,Medium,31.1,0,0
CUST-02342,Sarah Thomas,19,Female,54973,690,Premium Checking,23437.74,1,0,0,High,81.8,0,0
CUST-02343,Daniel Martinez,44,Female,18519,615,Standard Checking,6010.39,0,0,0,Medium,31.2,0,0
CUST-02344,Sarah Garcia,19,Female,43150,547,Savings,4138.44,1,0,1,Medium,36.7,0,1
CUST-02345,Charles Brown,68,Male,35736,573,Premium Checking,62984.62,0,0,0,High,85.6,0,0
CUST-02346,Anthony Gonzalez,27,Male,23190,698,Savings,8388.57,1,0,0,Low,22.2,0,0
CUST-02347,Lisa Wilson,36,Male,49061,659,Savings,1886.45,1,1,0,Medium,63.8,0,0
CUST-02348,John Martinez,30,Female,33768,709,Standard Checking,11790.51,0,1,0,High,99.4,0,0
CUST-02349,Jennifer Smith,65,Female,53848,738,Money Market,66521.92,1,0,1,Medium,42.8,0,0
CUST-02350,Daniel Wilson,73,Female,70730,704,Standard Checking,1934.85,1,0,0,Medium,64.3,0,0
CUST-02351,Linda Jackson,73,Female,114597,634,Savings,1536.5,1,0,0,Medium,48.5,0,0
CUST-02352,Susan Martinez,67,Female,48217,708,Standard Checking,8499.5,1,0,0,High,98.6,0,0
CUST-02353,Thomas Rodriguez,62,Male,27971,652,Savings,5638.41,1,0,0,High,77.2,0,0
CUST-02354,Mark Garcia,76,Male,37474,657,Standard Checking,4794.22,0,0,0,High,77.9,0,0
CUST-02355,David Miller,56,Male,39731,753,Premium Checking,68386.54,1,0,1,High,82.3,0,0
CUST-02356,Thomas Smith,38,Male,154728,719,Standard Checking,11895.13,1,0,0,Medium,49,0,0
CUST-02357,Nancy Jones,72,Male,46464,650,Premium Checking,20891.3,1,0,1,Medium,47.5,0,0
CUST-02358,William Moore,74,Female,63227,622,Standard Checking,1824.38,1,1,1,High,91,0,0
CUST-02359,Lisa Johnson,58,Male,84460,777,Premium Checking,29251.42,1,0,1,Low,15.4,0,0
CUST-02360,Mark Hernandez,66,Female,97547,676,Savings,12180.25,0,0,0,Medium,49.9,0,0
CUST-02361,Anthony Garcia,61,Female,54332,599,Standard Checking,2494.98,0,0,0,Medium,49.2,0,1
CUST-02362,Betty Davis,52,Non-Binary,41157,649,Premium Checking,65566.69,0,0,0,High,92.3,0,0
CUST-02363,Patricia Moore,22,Female,38345,557,Premium Checking,62145.56,0,1,0,None,0,0,0
CUST-02364,Margaret Hernandez,68,Female,25811,497,Standard Checking,11623.51,1,0,0,High,94.2,0,1
CUST-02365,Robert Anderson,74,Male,76420,746,Savings,4971.65,0,0,0,High,79.3,0,0
CUST-02366,Margaret Moore,75,Male,192881,618,Money Market,100926.52,1,0,0,Low,11,0,0
CUST-02367,Mary Hernandez,53,Female,96365,594,Money Market,110414.46,0,0,0,Low,16.4,0,0
CUST-02368,Betty Gonzalez,27,Male,49538,640,Money Market,107936.68,1,0,0,High,92.7,0,0
CUST-02369,Patricia Miller,67,Female,25782,656,Standard Checking,7003.14,1,0,0,Low,24,0,0
CUST-02370,Mark Hernandez,54,Male,37152,638,Standard Checking,7577.58,1,0,0,High,95.5,0,0
CUST-02371,Nancy Brown,37,Female,59953,616,Money Market,131067.36,1,0,0,Medium,30,0,0
CUST-02372,Margaret Anderson,30,Female,41347,677,Standard Checking,4815.77,1,0,0,High,75.3,0,0
CUST-02373,James Williams,36,Male,46011,663,Standard Checking,11773.05,1,1,0,High,92.8,0,0
CUST-02374,Susan Garcia,73,Non-Binary,59428,798,Savings,697.85,1,1,0,Low,16.4,0,0
CUST-02375,Sarah Smith,62,Male,54524,654,Money Market,120451.07,1,0,0,Medium,58.8,0,0
CUST-02376,Jennifer Garcia,77,Male,156686,677,Standard Checking,14667.67,1,0,1,High,93.2,0,0
CUST-02377,Christopher Thomas,85,Female,153029,615,Savings,11434.78,1,0,0,Medium,35.9,0,0
CUST-02378,Mark Jones,74,Female,41997,725,Savings,13981.61,1,0,0,High,81.6,0,0
CUST-02379,Thomas Martinez,71,Female,82117,796,Savings,3985.55,1,0,0,None,0,0,0
CUST-02380,Margaret Moore,54,Female,24444,673,Savings,7790.83,1,0,0,High,98.5,0,0
CUST-02381,Michael Williams,54,Male,78465,635,Standard Checking,6248.67,1,0,0,Medium,40,0,0
CUST-02382,Richard Anderson,31,Male,62438,692,Standard Checking,4133.11,1,0,0,High,93.7,0,0
CUST-02383,Karen Jackson,61,Male,31228,713,Premium Checking,69446.21,0,0,1,High,78.4,0,0
CUST-02384,John Brown,59,Male,87261,850,Premium Checking,32786.15,1,0,0,Medium,66.2,0,0
CUST-02385,Robert Smith,18,Female,29362,669,Savings,10881.64,0,0,0,Medium,36.8,0,0
CUST-02386,Patricia Lopez,40,Female,45870,656,Savings,8511.2,1,0,0,High,98.4,0,0
CUST-02387,Margaret Martinez,81,Male,52728,599,Premium Checking,30705.01,1,0,0,High,95.9,0,0
CUST-02388,Daniel Martin,45,Female,21060,659,Standard Checking,13013.83,0,0,0,Low,18,0,0
CUST-02389,Lisa Gonzalez,21,Female,53089,650,Money Market,47286.39,1,0,0,Medium,35.1,0,0
CUST-02390,Daniel Wilson,58,Male,31229,718,Savings,13812.32,0,1,1,Low,26.8,0,0
CUST-02391,Daniel Jones,77,Male,39875,661,Savings,8416.68,1,0,1,Medium,43.5,0,0
CUST-02392,Patricia Wilson,35,Male,46690,608,Standard Checking,12571.38,1,0,1,Medium,69.5,0,0
CUST-02393,Elizabeth Taylor,80,Female,20998,605,Premium Checking,72482.31,1,0,0,Low,28.4,0,0
CUST-02394,Elizabeth Miller,78,Male,38027,650,Standard Checking,12105.62,0,1,0,High,88.3,0,0
CUST-02395,Jessica Smith,66,Female,44915,732,Savings,6732,0,0,1,High,92.7,0,0
CUST-02396,Thomas Rodriguez,64,Male,40811,692,Standard Checking,8594.65,0,0,0,Medium,68.3,0,0
CUST-02397,Jennifer Jackson,56,Male,30432,712,Savings,2978.79,1,0,1,None,0,0,1
CUST-02398,Richard Williams,23,Male,24901,680,Savings,9293.23,0,1,0,Low,16.2,0,0
CUST-02399,Michael Rodriguez,70,Female,29450,707,Standard Checking,11979.33,1,0,0,High,79.1,1,0
CUST-02400,Nancy Jones,42,Female,18605,655,Money Market,29288.58,1,0,1,High,97.9,0,0
CUST-02401,Elizabeth Taylor,82,Female,32102,619,Premium Checking,34481.29,1,0,0,Medium,37,0,0
CUST-02402,Barbara Thomas,22,Male,90599,621,Standard Checking,216.09,1,0,0,Low,19.9,0,1
CUST-02403,John Rodriguez,82,Male,22644,617,Savings,13991.45,1,0,0,Low,12.3,0,0
CUST-02404,Mark Anderson,25,Male,77244,768,Savings,922.39,0,0,1,High,86.5,0,0
CUST-02405,Robert Gonzalez,56,Male,25054,748,Premium Checking,35210.68,1,0,0,Medium,50.9,0,0
CUST-02406,Susan Martin,60,Female,63055,650,Savings,12340.36,0,0,0,Medium,58.1,0,0
CUST-02407,Joseph Thomas,22,Male,182597,691,Standard Checking,11517.84,0,0,1,High,90.4,0,0
CUST-02408,Daniel Gonzalez,21,Male,65847,728,Standard Checking,11590.17,1,0,0,High,94.8,0,0
CUST-02409,Thomas Davis,18,Male,44531,638,Savings,3393.5,1,0,0,Medium,56.4,0,0
CUST-02410,Christopher Johnson,73,Male,45209,671,Standard Checking,1348.39,1,0,1,Medium,35.8,0,0
CUST-02411,Robert Garcia,62,Female,76418,613,Money Market,41841.28,1,0,0,Medium,30.6,0,0
CUST-02412,Barbara Moore,82,Female,59684,618,Premium Checking,6476.01,0,0,0,Medium,41.4,0,0
CUST-02413,Sandra Smith,20,Female,55993,727,Money Market,120301.64,1,0,0,High,98.3,0,0
CUST-02414,Sandra Taylor,39,Female,38774,684,Standard Checking,5319.73,1,0,0,Medium,40.8,0,0
CUST-02415,Sandra Hernandez,73,Male,57817,682,Premium Checking,48100.57,1,0,1,Medium,41.7,0,0
CUST-02416,Elizabeth Jackson,35,Female,20009,759,Standard Checking,7548.45,1,0,0,Low,17.2,0,0
CUST-02417,Susan Martinez,42,Male,36351,649,Savings,11803.03,1,0,0,Medium,66,0,0
CUST-02418,Joseph Jackson,65,Female,119905,730,Standard Checking,3442.7,0,0,1,Medium,49.2,0,0
CUST-02419,Patricia Johnson,48,Female,75810,622,Premium Checking,30698.57,1,1,0,Medium,63.1,0,0
CUST-02420,William Martinez,47,Female,45955,650,Savings,3230.4,1,1,0,Medium,35.7,0,0
CUST-02421,Margaret Hernandez,83,Male,28394,629,Standard Checking,1260.95,0,0,0,None,0,0,1
CUST-02422,Susan Miller,27,Non-Binary,134198,624,Standard Checking,11799.37,0,0,0,High,91.3,0,0
CUST-02423,Daniel Anderson,76,Female,35905,804,Premium Checking,5507.66,0,0,0,Low,26.4,0,0
CUST-02424,Nancy Jackson,68,Female,30364,591,Savings,1697.37,1,0,0,Medium,66.8,0,1
CUST-02425,Nancy Anderson,26,Male,53474,631,Savings,6413.19,0,0,1,Low,23.2,0,0
CUST-02426,Sandra Davis,71,Male,37414,536,Premium Checking,73207.27,1,0,1,High,89,0,0
CUST-02427,David Rodriguez,79,Male,17913,643,Standard Checking,10843.7,1,0,0,None,0,0,1
CUST-02428,Joseph Smith,26,Male,23848,667,Premium Checking,47022.8,1,0,0,Medium,55.3,0,0
CUST-02429,Sandra Smith,26,Female,44400,739,Standard Checking,10083.73,1,0,0,Medium,45.3,0,0
CUST-02430,Charles Williams,41,Female,27879,644,Standard Checking,7924.67,0,0,1,None,0,0,1
CUST-02431,Elizabeth Davis,56,Male,22556,598,Standard Checking,2083.73,0,0,1,Low,23.2,0,1
CUST-02432,Joseph Martinez,25,Female,23559,644,Savings,14812.33,0,1,0,Low,18.6,0,0
CUST-02433,James Moore,42,Male,44671,698,Savings,3879.51,0,0,0,Low,10.7,0,0
CUST-02434,Mary Jackson,83,Male,45959,733,Savings,12586.96,0,0,0,Medium,47.1,0,0
CUST-02435,Richard Smith,27,Female,74624,635,Savings,1192.01,1,1,0,High,95.7,0,0
CUST-02436,Mary Thomas,41,Female,26871,613,Premium Checking,44449.86,1,0,0,Medium,57.9,0,0
CUST-02437,Joseph Gonzalez,76,Female,44693,653,Standard Checking,10325.67,0,0,1,None,0,0,1
CUST-02438,Jessica Taylor,48,Male,35051,704,Premium Checking,69839.75,0,1,0,Medium,60.1,0,0
CUST-02439,Christopher Miller,28,Male,64581,735,Money Market,104503.74,1,0,1,None,0,0,0
CUST-02440,Lisa Taylor,23,Male,49442,608,Standard Checking,9252.99,0,0,0,Low,24.4,0,0
CUST-02441,Michael Gonzalez,49,Male,58195,629,Money Market,20469.33,0,1,0,None,0,1,0
CUST-02442,Robert Taylor,56,Male,90765,532,Savings,10652.32,0,0,0,High,90.3,0,0
CUST-02443,John Miller,65,Female,54128,536,Savings,12965.98,1,0,0,Medium,56.2,0,0
CUST-02444,Betty Taylor,30,Male,84803,602,Savings,4789.1,1,0,1,Medium,30.9,0,0
CUST-02445,Michael Smith,76,Male,25464,610,Standard Checking,1346.25,0,0,0,Medium,67,0,1
CUST-02446,Thomas Taylor,84,Female,23627,646,Savings,5995.68,0,0,0,Medium,35.4,0,0
CUST-02447,David Williams,73,Female,95041,701,Money Market,129006.26,1,0,0,Medium,62.2,0,0
CUST-02448,Joseph Hernandez,58,Female,56390,674,Money Market,12284.42,0,0,0,Medium,42.1,0,0
CUST-02449,Betty Thomas,73,Female,66041,699,Standard Checking,3052.3,1,1,0,None,0,0,1
CUST-02450,Matthew Rodriguez,52,Male,87968,743,Savings,10513.4,1,0,0,Medium,46.2,0,0
CUST-02451,Lisa Smith,55,Male,33569,697,Premium Checking,66901.14,0,0,0,Medium,48.2,0,0
CUST-02452,Mark Thomas,84,Female,36029,666,Savings,10057.76,1,0,1,High,92.2,0,0
CUST-02453,William Jackson,51,Female,73901,712,Standard Checking,1042.59,1,0,0,Medium,62.3,0,0
CUST-02454,Barbara Jackson,28,Female,41245,547,Money Market,46871.68,1,0,1,Low,20.1,0,0
CUST-02455,Nancy Rodriguez,44,Male,37115,661,Standard Checking,2264,0,0,1,Medium,48.4,0,0
CUST-02456,Michael Wilson,65,Male,25978,724,Savings,3036.68,0,0,0,High,93.5,0,0
CUST-02457,Mark Jackson,41,Female,76641,669,Premium Checking,72351.21,1,0,1,High,75.4,0,0
CUST-02458,Charles Johnson,35,Male,37352,695,Savings,7415.25,1,0,0,Medium,45.9,0,0
CUST-02459,William Gonzalez,44,Female,76136,665,Standard Checking,11681.3,1,0,0,None,0,0,1
CUST-02460,Joseph Williams,71,Female,62771,722,Savings,2508.41,1,0,0,Low,8,1,0
CUST-02461,David Wilson,72,Female,98387,742,Premium Checking,52651.7,1,0,0,None,0,0,0
CUST-02462,Sandra Davis,38,Male,21052,532,Savings,4597.51,1,0,0,High,76.7,0,1
CUST-02463,Sarah Jackson,76,Male,11682,633,Standard Checking,7844.13,1,0,0,High,91.2,0,0
CUST-02464,Jessica Johnson,51,Male,117833,538,Savings,1747.54,1,1,0,Medium,58.7,0,1
CUST-02465,Linda Garcia,75,Female,81291,402,Money Market,108146.92,0,0,0,Low,10,0,0
CUST-02466,Barbara Anderson,65,Female,29370,720,Savings,5438.39,1,1,0,High,95.5,0,0
CUST-02467,Matthew Davis,71,Male,32502,735,Standard Checking,14504.45,0,0,0,High,76.4,0,0
CUST-02468,Patricia Anderson,35,Male,50183,644,Savings,12473.73,0,0,1,Low,24.5,0,0
CUST-02469,Margaret Martin,20,Male,44309,631,Standard Checking,914.05,1,1,1,High,76.3,1,0
CUST-02470,Matthew Taylor,41,Female,35169,667,Savings,4320.48,1,0,0,Low,25.1,0,0
CUST-02471,Richard Moore,18,Female,32093,850,Standard Checking,3140.53,0,0,0,Medium,33.7,0,0
CUST-02472,Mary Gonzalez,23,Male,38571,606,Standard Checking,4817.59,0,0,0,High,70.9,0,0
CUST-02473,Richard Anderson,36,Female,62739,585,Premium Checking,34007.52,1,1,1,Low,10.5,0,0
CUST-02474,Karen Martinez,60,Female,49419,721,Standard Checking,11742.52,0,0,0,Medium,47.2,0,0
CUST-02475,Mark Williams,25,Female,38352,725,Premium Checking,49919.63,1,0,0,High,85.1,0,0
CUST-02476,Charles Williams,69,Female,35105,706,Premium Checking,66059.96,1,0,0,Low,12.7,0,0
CUST-02477,Nancy Wilson,64,Female,143177,685,Premium Checking,72966.01,1,0,1,Medium,67.3,0,0
CUST-02478,Linda Brown,45,Male,36738,658,Savings,9474.99,0,0,0,Medium,66.7,0,0
CUST-02479,Anthony Martin,63,Female,63606,575,Money Market,97310.08,1,1,0,High,74.7,1,0
CUST-02480,David Hernandez,21,Female,168006,810,Standard Checking,2099.42,1,0,0,High,96.3,0,0
CUST-02481,Anthony Hernandez,25,Male,69254,815,Premium Checking,63798.99,0,1,0,High,91.3,0,0
CUST-02482,Mary Taylor,78,Male,62130,645,Standard Checking,13149.44,1,0,0,Medium,33.7,0,0
CUST-02483,William Johnson,34,Male,90914,778,Standard Checking,10008.72,0,0,1,Medium,51,0,0
CUST-02484,Mark Anderson,51,Male,98298,703,Standard Checking,1230.28,0,0,1,High,94.9,0,0
CUST-02485,Jessica Brown,37,Male,48359,556,Standard Checking,1455.08,1,0,1,Medium,56.7,0,1
CUST-02486,Linda Rodriguez,51,Female,25229,562,Premium Checking,32876.03,0,0,1,High,96.1,0,0
CUST-02487,Betty Jones,60,Male,45367,733,Standard Checking,11272.2,0,0,0,High,79.4,0,0
CUST-02488,Jessica Gonzalez,27,Male,65513,770,Premium Checking,22243.34,0,0,0,Medium,38,1,0
CUST-02489,Sandra Miller,47,Female,41262,704,Standard Checking,10185.71,1,0,0,Low,15.5,0,0
CUST-02490,Betty Martin,42,Female,43655,697,Premium Checking,23980.93,1,0,0,High,79.8,0,0
CUST-02491,Thomas Williams,74,Male,110107,618,Standard Checking,13226.3,1,0,0,High,90.8,0,0
CUST-02492,Robert Jackson,80,Male,72606,601,Standard Checking,13458.88,0,0,0,Medium,66.3,0,0
CUST-02493,Barbara Miller,64,Female,65860,733,Savings,9103.34,0,0,0,Low,15.2,0,0
CUST-02494,Margaret Rodriguez,20,Female,29209,683,Premium Checking,60827.91,1,1,0,Medium,51.3,0,0
CUST-02495,Margaret Garcia,63,Male,43356,671,Standard Checking,6963.67,1,0,0,Medium,44.5,0,0
CUST-02496,Mark Taylor,53,Female,59358,767,Standard Checking,4076.52,1,0,0,High,91.7,0,0
CUST-02497,Jessica Williams,43,Female,67920,798,Standard Checking,9561.92,0,0,1,High,71,0,0
CUST-02498,Christopher Brown,27,Female,108446,720,Savings,12236.2,1,1,1,Low,23.4,0,0
CUST-02499,Elizabeth Jones,51,Male,68506,614,Standard Checking,3975.57,1,0,0,None,0,0,1
CUST-02500,Christopher Martinez,25,Male,37433,683,Premium Checking,7650.77,1,0,0,Medium,68.4,0,0
CUST-02501,Barbara Martinez,72,Male,125558,650,Savings,9357.13,0,0,0,High,99.7,0,0
CUST-02502,Mark Gonzalez,27,Male,42668,670,Standard Checking,13786.29,0,0,1,Low,16.9,0,0
CUST-02503,David Thomas,74,Male,77511,595,Standard Checking,11401.29,1,1,0,None,0,0,1
CUST-02504,Linda Davis,62,Male,36749,767,Savings,12179.06,0,1,0,Medium,52.2,0,0
CUST-02505,Anthony Davis,67,Female,33238,646,Savings,8585.53,1,1,0,Low,19.9,0,0
CUST-02506,Richard Johnson,81,Male,24900,792,Savings,10929.06,0,1,0,High,85.4,0,0
CUST-02507,Sandra Lopez,19,Male,25797,671,Premium Checking,17511.68,1,0,0,Medium,68.6,0,0
CUST-02508,Elizabeth Lopez,62,Female,38664,646,Standard Checking,8716.01,1,0,0,Medium,67.4,0,0
CUST-02509,David Anderson,79,Male,94274,633,Premium Checking,38065.36,1,0,0,High,98.9,0,0
CUST-02510,Jessica Taylor,31,Female,55905,633,Standard Checking,12515.34,1,0,1,Medium,45,0,0
CUST-02511,Betty Johnson,32,Female,20160,695,Savings,2527.24,0,0,1,High,99.3,0,0
CUST-02512,Sarah Lopez,31,Female,74256,676,Savings,4935.02,1,1,0,Medium,35.9,0,0
CUST-02513,Charles Moore,48,Female,48912,736,Standard Checking,11881.96,1,1,0,None,0,0,0
CUST-02514,Sandra Taylor,46,Male,104639,625,Premium Checking,53863.85,1,0,0,Low,7.9,0,0
CUST-02515,Sandra Garcia,44,Female,38334,696,Premium Checking,32545.05,1,1,0,Medium,67.5,0,0
CUST-02516,Matthew Anderson,26,Male,31180,764,Standard Checking,9308.33,0,0,1,Medium,46.3,0,0
CUST-02517,John Garcia,37,Female,116597,776,Savings,10921.78,1,0,1,High,70.5,0,0
CUST-02518,John Smith,75,Male,80962,629,Savings,4359.87,1,0,1,High,99.6,0,0
CUST-02519,Sandra Gonzalez,66,Female,20848,655,Money Market,10399.79,0,0,0,Medium,52,0,0
CUST-02520,Margaret Wilson,74,Female,58717,636,Savings,5494.46,0,0,0,Medium,42.1,1,0
CUST-02521,Richard Brown,33,Female,20873,619,Savings,3950.04,1,0,1,Low,17.5,0,0
CUST-02522,Michael Martinez,25,Female,79041,726,Standard Checking,10508.4,1,0,0,Low,29.8,0,0
CUST-02523,Michael Anderson,84,Male,28094,601,Savings,5429.94,1,0,1,Low,11.3,0,0
CUST-02524,Joseph Brown,36,Male,26188,831,Standard Checking,7619.97,1,0,0,Medium,51.5,0,0
CUST-02525,Daniel Garcia,84,Female,98099,696,Standard Checking,4987.98,1,0,0,Low,17.4,0,0
CUST-02526,Lisa Martin,53,Male,60285,667,Premium Checking,9585.64,1,0,0,High,92,0,0
CUST-02527,Betty Jones,77,Male,70822,820,Premium Checking,7844.45,1,0,0,Medium,54.5,0,0
CUST-02528,Karen Lopez,53,Female,38483,588,Premium Checking,36918.84,1,0,0,High,81.7,1,0
CUST-02529,James Davis,28,Female,47078,625,Savings,897.79,1,0,0,Low,8.3,0,1
CUST-02530,James Jones,68,Male,107357,592,Savings,5504.22,0,0,0,High,70.7,0,0
CUST-02531,Nancy Garcia,72,Female,57546,678,Standard Checking,6143.62,0,0,0,Low,15.3,0,0
CUST-02532,Mark Williams,71,Male,157167,635,Savings,608.88,1,0,1,Low,22.1,0,0
CUST-02533,Joseph Jones,34,Male,44449,588,Standard Checking,12793.98,0,1,0,Medium,32.9,0,0
CUST-02534,Margaret Wilson,79,Male,79206,597,Premium Checking,19019.5,1,0,0,High,94.3,0,0
CUST-02535,Sarah Thomas,59,Female,85366,703,Standard Checking,8240.4,0,0,1,Low,20.6,0,0
CUST-02536,Jennifer Wilson,41,Female,54094,724,Premium Checking,68914.24,1,0,0,Low,26.7,0,0
CUST-02537,Anthony Davis,34,Male,96871,583,Standard Checking,3302.86,1,0,0,Low,10.6,0,1
CUST-02538,Mark Miller,65,Female,37510,666,Savings,7867.79,0,1,0,Medium,57.9,1,0
CUST-02539,Linda Gonzalez,24,Male,75451,651,Savings,3381.75,0,0,0,Medium,50.9,0,0
CUST-02540,Jennifer Moore,31,Male,29153,634,Standard Checking,6258.58,1,0,0,High,86,0,0
CUST-02541,Mary Davis,28,Female,26057,792,Savings,9421.22,0,0,0,Medium,51.1,0,0
CUST-02542,David Smith,29,Male,49994,676,Standard Checking,3576.1,0,0,0,Low,20,0,0
CUST-02543,Nancy Garcia,22,Male,45964,691,Premium Checking,62818.11,1,0,0,Medium,57.2,0,0
CUST-02544,Jessica Martin,22,Female,28177,727,Savings,4440.78,1,0,0,Medium,69,0,0
CUST-02545,Barbara Hernandez,37,Female,71862,685,Premium Checking,70860.07,1,0,0,Medium,32.2,0,0
CUST-02546,Mark Martinez,71,Female,107019,678,Standard Checking,13820.99,0,0,1,Medium,51.7,0,0
CUST-02547,John Gonzalez,72,Male,41693,737,Standard Checking,5868.48,1,0,0,Low,25.8,0,0
CUST-02548,Anthony Williams,75,Male,82492,639,Premium Checking,27408.47,1,0,1,High,81.9,0,0
CUST-02549,Joseph Thomas,47,Female,35689,648,Standard Checking,6442.03,1,0,1,Medium,62.1,0,0
CUST-02550,Mark Gonzalez,41,Male,44367,610,Savings,5118.76,1,1,0,High,98.7,0,0
CUST-02551,Thomas Williams,20,Female,47831,778,Savings,7452.3,1,0,1,Low,6.9,0,0
CUST-02552,Karen Hernandez,65,Female,74378,718,Savings,9209.44,1,0,0,Low,29.4,0,0
CUST-02553,Anthony Jackson,39,Female,47059,696,Premium Checking,70804.76,1,0,0,Medium,60.5,0,0
CUST-02554,Nancy Hernandez,31,Male,18051,789,Standard Checking,10682.7,1,0,0,High,93.8,0,0
CUST-02555,Sandra Thomas,65,Female,89305,594,Standard Checking,4576.53,1,1,1,High,71.4,0,0
CUST-02556,Christopher Williams,46,Female,51891,674,Premium Checking,49660.13,0,0,0,Low,16.7,0,0
CUST-02557,Nancy Garcia,67,Female,15541,576,Money Market,61542.27,1,0,0,Medium,48.7,0,0
CUST-02558,Susan Moore,27,Female,99737,581,Standard Checking,254.5,0,1,0,Medium,30.5,0,1
CUST-02559,Thomas Brown,44,Male,102435,758,Standard Checking,1790.86,1,1,0,High,86.1,0,0
CUST-02560,Daniel Anderson,45,Male,28582,798,Premium Checking,40460.02,0,1,1,Medium,67.7,0,0
CUST-02561,David Williams,26,Female,24124,650,Savings,9364.02,1,0,1,High,80.3,0,0
CUST-02562,John Thomas,43,Male,86803,651,Premium Checking,17045.32,1,1,1,Medium,56.9,0,0
CUST-02563,Robert Martinez,25,Male,86875,649,Standard Checking,9475.93,1,0,0,High,96.7,1,0
CUST-02564,Charles Brown,19,Male,62379,798,Standard Checking,12971.23,1,1,1,None,0,0,0
CUST-02565,Mark Jackson,74,Male,39233,639,Savings,7859.08,1,0,0,Medium,58.9,0,0
CUST-02566,David Johnson,69,Female,32994,796,Savings,10360.04,0,0,0,Medium,59.2,0,0
CUST-02567,Elizabeth Hernandez,75,Non-Binary,66172,683,Standard Checking,13856.52,1,0,0,Medium,49.4,0,0
CUST-02568,Matthew Martin,20,Male,35579,646,Savings,10178.2,1,0,1,Medium,44.1,0,0
CUST-02569,Jessica Jackson,25,Female,35683,698,Savings,7265.77,0,0,0,High,96.5,0,0
CUST-02570,Daniel Hernandez,76,Female,72542,812,Savings,8913.52,1,0,0,Medium,35.7,1,0
CUST-02571,Susan Johnson,19,Female,80116,691,Savings,6482.88,1,0,0,High,72.6,0,0
CUST-02572,Daniel Jones,79,Male,103820,666,Standard Checking,2293.25,1,1,0,Medium,56.2,0,0
CUST-02573,Anthony Jones,66,Female,19737,717,Money Market,130316.48,0,0,0,Medium,51.2,0,0
CUST-02574,Charles Lopez,37,Female,38199,663,Money Market,33549.12,0,0,0,Medium,44.6,0,0
CUST-02575,Sarah Brown,46,Male,41321,601,Standard Checking,1466.9,0,0,0,Low,5.4,0,1
CUST-02576,Nancy Taylor,34,Female,48580,674,Standard Checking,10574.48,1,1,0,Medium,56.7,0,0
CUST-02577,Elizabeth Martin,39,Female,25953,740,Premium Checking,74525.04,1,0,0,None,0,0,0
CUST-02578,Jennifer Wilson,23,Female,65095,710,Standard Checking,1623.87,0,1,0,Medium,32.7,0,0
CUST-02579,David Hernandez,79,Female,126079,589,Savings,6865.3,0,0,0,Medium,46,0,0
CUST-02580,Mark Moore,48,Female,27006,735,Savings,7245.15,1,0,0,High,90.4,0,0
CUST-02581,Anthony Moore,79,Male,53865,715,Savings,3555.93,1,0,0,Low,11.8,0,0
CUST-02582,Lisa Hernandez,29,Female,91810,688,Money Market,46408.82,1,0,0,Medium,60,0,0
CUST-02583,Christopher Lopez,29,Male,43528,755,Money Market,105534.97,0,1,0,Medium,57.6,0,0
CUST-02584,Robert Rodriguez,80,Male,33974,744,Standard Checking,8606.28,1,0,0,Medium,33.5,0,0
CUST-02585,Anthony Rodriguez,33,Female,53589,741,Standard Checking,5401.73,1,1,0,High,92.8,0,0
CUST-02586,Nancy Martinez,42,Male,70748,557,Savings,3720.26,0,0,0,None,0,0,1
CUST-02587,Nancy Jackson,39,Male,26062,724,Standard Checking,12042.48,1,0,1,Medium,55.3,0,0
CUST-02588,James Miller,35,Male,82301,659,Savings,8017.17,1,0,0,High,89.7,0,0
CUST-02589,Patricia Smith,62,Male,44079,703,Money Market,15539.28,1,0,0,Medium,47.2,0,0
CUST-02590,Joseph Davis,85,Male,35116,614,Premium Checking,48890.7,1,1,1,Medium,66.7,1,0
CUST-02591,Barbara Moore,29,Female,22773,744,Premium Checking,68730.75,1,1,0,Medium,37,0,0
CUST-02592,Joseph Taylor,66,Male,35365,754,Savings,8349.6,1,0,0,Low,14.7,0,0
CUST-02593,Mark Wilson,50,Female,36190,673,Premium Checking,59994.07,0,0,0,Low,12.3,0,0
CUST-02594,Susan Moore,80,Female,26970,561,Standard Checking,2578.16,1,0,0,Medium,63.1,0,1
CUST-02595,Karen Moore,35,Male,62120,717,Standard Checking,8345.21,0,0,0,Medium,68.7,0,0
CUST-02596,Jessica Smith,71,Female,52761,694,Standard Checking,5218.94,1,0,0,Medium,33.7,0,0
CUST-02597,Daniel Hernandez,44,Female,80048,545,Standard Checking,8527.95,1,0,0,Medium,61.2,0,1
CUST-02598,Joseph Lopez,42,Male,70080,679,Savings,10014,1,0,0,Medium,60.4,0,0
CUST-02599,Linda Martin,51,Non-Binary,35593,737,Standard Checking,3495.46,1,0,1,Low,28.2,0,0
CUST-02600,Sandra Garcia,77,Female,41896,523,Standard Checking,1853.21,1,0,0,None,0,0,1
CUST-02601,John Gonzalez,71,Male,33768,684,Standard Checking,9085.75,0,1,0,High,99.4,0,0
CUST-02602,Richard Johnson,22,Female,22065,695,Premium Checking,67056.54,0,0,0,Medium,69.8,0,0
CUST-02603,Robert Taylor,53,Female,59386,696,Standard Checking,12995.6,0,0,0,High,83.6,0,0
CUST-02604,Jennifer Johnson,71,Female,53258,663,Savings,3727.72,1,0,1,Medium,59.3,0,0
CUST-02605,Patricia Hernandez,53,Female,36165,690,Money Market,23714.29,1,0,0,Medium,34.9,0,0
CUST-02606,Linda Lopez,56,Male,73326,665,Standard Checking,14603.23,1,0,0,Medium,58.7,0,0
CUST-02607,Linda Hernandez,21,Female,41364,660,Standard Checking,648.18,0,0,0,High,79.8,0,0
CUST-02608,Nancy Martin,82,Female,90796,713,Standard Checking,6271.89,1,0,0,Medium,32.9,0,0
CUST-02609,Linda Davis,57,Female,45374,850,Standard Checking,7426.3,0,0,0,None,0,0,0
CUST-02610,Betty Taylor,54,Male,25658,676,Standard Checking,10675.66,0,0,0,High,88.2,0,0
CUST-02611,Karen Martin,84,Female,104952,631,Standard Checking,12178.43,1,0,0,None,0,0,1
CUST-02612,Daniel Thomas,48,Female,58848,670,Standard Checking,8386.33,1,0,0,Medium,63,0,0
CUST-02613,Susan Hernandez,64,Female,30536,673,Premium Checking,37297.06,1,0,0,High,96.8,0,0
CUST-02614,Michael Thomas,44,Female,40088,633,Savings,14972.31,0,0,0,High,88.2,0,0
CUST-02615,Richard Anderson,68,Female,32377,633,Savings,9614.82,0,0,1,High,78.4,0,0
CUST-02616,Lisa Thomas,37,Male,80467,620,Premium Checking,42207.43,1,0,0,Low,16.7,0,0
CUST-02617,Anthony Rodriguez,30,Female,17307,640,Money Market,109689.64,1,0,0,High,78.3,0,0
CUST-02618,John Jackson,80,Male,56339,685,Savings,830.82,1,0,1,High,77.1,0,0
CUST-02619,Karen Jones,61,Male,20764,673,Savings,1286.04,1,0,0,Medium,66.7,0,0
CUST-02620,Elizabeth Taylor,41,Male,19097,759,Premium Checking,5662.09,0,0,0,None,0,0,0
CUST-02621,Joseph Davis,20,Female,60190,536,Premium Checking,25218.22,1,0,0,Low,22.1,0,0
CUST-02622,Joseph Wilson,27,Female,26762,667,Premium Checking,73790.51,0,0,0,High,96.1,0,0
CUST-02623,Karen Miller,82,Male,69468,639,Premium Checking,8391.98,1,0,1,High,73.4,0,0
CUST-02624,Christopher Lopez,66,Male,79385,595,Premium Checking,15270.78,1,0,0,Low,27.8,0,0
CUST-02625,Thomas Taylor,75,Non-Binary,39201,622,Savings,1513.04,1,0,0,Medium,61.2,0,1
CUST-02626,Elizabeth Jackson,19,Female,62585,552,Standard Checking,2149.78,1,0,0,High,79.3,0,1
CUST-02627,Susan Hernandez,83,Female,102415,668,Standard Checking,1951.32,1,0,0,Low,14.2,0,0
CUST-02628,Mary Moore,48,Female,30357,680,Standard Checking,680.52,0,0,1,Low,15.9,0,0
CUST-02629,Michael Lopez,85,Female,75419,581,Savings,3590.26,1,0,0,Medium,37.7,0,1
CUST-02630,Betty Johnson,54,Female,33223,675,Savings,386.16,1,0,0,Medium,53.3,0,0
CUST-02631,Anthony Martin,41,Male,49104,685,Standard Checking,10567.54,1,1,0,Low,28.3,0,0
CUST-02632,Sarah Garcia,61,Male,35907,615,Standard Checking,9263.13,0,0,1,Medium,58.9,0,0
CUST-02633,Lisa Martinez,58,Male,36578,686,Money Market,105382.97,0,0,0,High,90.3,0,0
CUST-02634,Karen Anderson,68,Male,40953,683,Premium Checking,47280.98,1,0,0,High,85.2,0,0
CUST-02635,Robert Martin,59,Female,36330,666,Standard Checking,4320.78,0,0,1,Medium,47.9,0,0
CUST-02636,John Jones,57,Female,45905,734,Standard Checking,8058.38,0,0,1,High,96.2,0,0
CUST-02637,Sandra Davis,65,Female,87931,753,Savings,12174.78,1,0,1,Medium,52.9,0,0
CUST-02638,Linda Davis,21,Non-Binary,24619,756,Standard Checking,5569.1,1,0,0,Medium,33.3,0,0
CUST-02639,Barbara Davis,77,Female,60735,619,Premium Checking,65636.42,1,0,0,Medium,42.1,0,0
CUST-02640,David Wilson,56,Female,28589,666,Premium Checking,62213.34,1,0,0,High,86.2,0,0
CUST-02641,Linda Martinez,22,Male,29476,541,Savings,1157.16,1,0,0,Medium,37.9,0,1
CUST-02642,Michael Taylor,23,Female,19387,727,Standard Checking,9774.04,1,1,1,Medium,66.3,0,0
CUST-02643,Patricia Gonzalez,31,Male,83972,739,Money Market,67853.34,0,0,0,High,95.5,0,0
CUST-02644,Patricia Jones,29,Female,43448,757,Standard Checking,10667.24,1,0,0,None,0,0,0
CUST-02645,Betty Brown,79,Male,31272,810,Premium Checking,73923.41,1,0,1,High,93.3,0,0
CUST-02646,Sarah Garcia,44,Female,52306,754,Standard Checking,14264.66,1,0,0,Low,5.1,0,0
CUST-02647,Lisa Johnson,71,Female,41171,717,Standard Checking,2080.93,1,0,1,High,72.9,0,0
CUST-02648,Daniel Hernandez,29,Male,85022,686,Premium Checking,5463.79,0,0,0,Medium,62.7,0,0
CUST-02649,Margaret Wilson,25,Female,29468,850,Standard Checking,10785.31,1,0,0,Low,5.6,0,0
CUST-02650,Sandra Jones,33,Male,45675,698,Savings,9204.59,0,1,0,Medium,53.2,0,0
CUST-02651,Jennifer Martinez,69,Male,74998,848,Standard Checking,7310.02,1,0,1,None,0,0,0
CUST-02652,Linda Wilson,43,Female,28775,632,Premium Checking,37481.13,0,0,0,Medium,57.1,0,0
CUST-02653,Lisa Williams,25,Male,38923,658,Standard Checking,7021.98,1,0,0,Medium,69.3,0,0
CUST-02654,Barbara Thomas,62,Female,25879,733,Money Market,100484.26,1,0,0,Medium,55.9,0,0
CUST-02655,Margaret Taylor,36,Male,31755,469,Savings,7747.98,1,0,0,High,85.1,0,1
CUST-02656,James Martinez,34,Female,22536,663,Savings,12023.95,1,1,0,High,94.1,0,0
CUST-02657,Matthew Martinez,82,Female,28844,763,Savings,2487.06,0,0,0,Medium,46,0,0
CUST-02658,Christopher Johnson,46,Male,25468,653,Savings,5589.04,1,0,1,High,71.8,0,0
CUST-02659,William Gonzalez,31,Male,35103,679,Standard Checking,8506.7,1,0,0,Medium,66.6,0,0
CUST-02660,Matthew Thomas,34,Female,79701,569,Money Market,144883.99,1,0,1,Low,27.6,0,0
CUST-02661,Sarah Jackson,30,Male,56386,651,Savings,6034.98,0,0,0,High,81.5,0,0
CUST-02662,Barbara Davis,80,Male,93767,622,Savings,8279.75,1,0,0,Medium,51,0,0
CUST-02663,Thomas Anderson,50,Female,40390,732,Premium Checking,16194.11,1,1,1,High,93.7,0,0
CUST-02664,Elizabeth Anderson,46,Male,31303,736,Standard Checking,1456.99,1,0,0,Low,16.1,0,0
CUST-02665,Joseph Miller,54,Female,45999,624,Premium Checking,14507.66,0,0,0,Medium,67.2,0,0
CUST-02666,Richard Taylor,63,Female,36179,613,Standard Checking,10300.3,1,0,0,Medium,50.4,0,0
CUST-02667,William Davis,41,Male,60194,789,Standard Checking,3221.22,1,0,0,High,88.4,0,0
CUST-02668,Karen Moore,31,Male,23103,587,Savings,13166.14,0,1,0,Low,16.6,0,0
CUST-02669,Richard Thomas,22,Male,47279,734,Savings,13486.26,1,0,1,Low,26.3,0,0
CUST-02670,William Lopez,70,Female,103972,682,Standard Checking,4018.7,1,0,0,Low,16,0,0
CUST-02671,Barbara Garcia,47,Male,30928,758,Standard Checking,1623.7,1,0,0,Low,19.6,0,0
CUST-02672,Charles Miller,77,Male,39318,694,Savings,6198.83,1,0,1,Medium,58,0,0
CUST-02673,Matthew Williams,45,Male,20669,642,Standard Checking,11915.76,1,0,0,High,87.6,0,0
CUST-02674,Jessica Moore,43,Male,85365,598,Money Market,40127.91,1,0,0,High,79.8,0,0
CUST-02675,Jessica Miller,35,Female,46671,600,Standard Checking,1533.64,1,1,0,Medium,33,0,1
CUST-02676,Patricia Davis,53,Male,37796,591,Money Market,94807.88,1,0,0,Medium,43.9,0,0
CUST-02677,Richard Gonzalez,25,Male,50197,672,Money Market,138082.12,1,1,1,Medium,58.8,0,0
CUST-02678,Thomas Taylor,35,Male,47310,736,Money Market,125848.87,0,0,0,High,94.8,0,0
CUST-02679,Robert Garcia,75,Male,34530,615,Standard Checking,11063.81,1,1,0,None,0,0,1
CUST-02680,Charles Gonzalez,49,Male,24287,607,Standard Checking,6101.74,1,0,0,Medium,36.1,0,0
CUST-02681,Matthew Wilson,66,Male,52942,692,Standard Checking,1231.61,1,1,0,High,77.1,0,0
CUST-02682,Nancy Brown,65,Male,49385,777,Savings,14978.5,1,0,0,Medium,53.4,0,0
CUST-02683,Margaret Miller,82,Female,40381,734,Savings,10231.78,0,0,0,High,77.7,0,0
CUST-02684,Linda Gonzalez,50,Male,42075,673,Standard Checking,9487.38,0,1,0,Medium,53.7,0,0
CUST-02685,Anthony Garcia,67,Female,84146,608,Standard Checking,7428.51,1,0,0,High,84.7,0,0
CUST-02686,Jennifer Williams,21,Male,56690,683,Premium Checking,45875.03,0,0,1,High,91.9,0,0
CUST-02687,Margaret Williams,53,Female,25260,741,Standard Checking,14778.54,1,1,0,High,72.6,0,0
CUST-02688,Richard Johnson,45,Male,93403,720,Premium Checking,31523.99,0,0,0,High,73.1,0,0
CUST-02689,Jessica Garcia,20,Female,68897,698,Savings,668.13,1,1,1,None,0,0,1
CUST-02690,Linda Davis,23,Female,66477,757,Premium Checking,19483.71,1,0,0,High,73.2,1,0
CUST-02691,Sandra Garcia,62,Male,32970,784,Savings,542.06,1,0,0,Medium,57.3,0,0
CUST-02692,Susan Williams,40,Male,75124,738,Standard Checking,7626.35,0,0,0,Medium,35.1,0,0
CUST-02693,Elizabeth Williams,24,Female,53651,539,Standard Checking,11323.78,1,0,0,Medium,30.8,0,0
CUST-02694,Anthony Lopez,78,Female,27424,747,Premium Checking,60843.71,1,0,0,Medium,62.4,0,0
CUST-02695,Thomas Jones,82,Male,56608,669,Savings,12658.67,1,0,0,Medium,66.6,0,0
CUST-02696,Sandra Martin,23,Male,78899,689,Premium Checking,59684.82,0,1,0,Low,7.2,0,0
CUST-02697,Matthew Rodriguez,41,Male,65126,662,Standard Checking,5238.24,0,1,0,None,0,0,1
CUST-02698,Sandra Martin,54,Male,19931,632,Standard Checking,7820.17,1,0,0,Low,25.7,0,0
CUST-02699,Michael Brown,62,Male,59859,513,Savings,10291.07,0,0,0,Medium,44.2,0,1
CUST-02700,Richard Gonzalez,68,Male,40867,700,Standard Checking,11058.49,1,0,0,Medium,39.5,0,0
CUST-02701,Elizabeth Moore,62,Male,19101,588,Standard Checking,12750.97,1,0,1,High,78.1,0,0
CUST-02702,Thomas Martin,80,Male,67823,716,Standard Checking,3408.55,1,0,0,Medium,53,1,0
CUST-02703,Karen Gonzalez,46,Female,68975,652,Standard Checking,1720.24,0,0,0,High,82.5,0,0
CUST-02704,Thomas Brown,42,Female,48260,758,Standard Checking,2704.64,0,0,1,High,90.5,0,0
CUST-02705,James Smith,27,Male,29440,801,Standard Checking,14153.71,1,0,0,High,90.8,0,0
CUST-02706,Joseph Gonzalez,52,Female,98405,671,Standard Checking,2028.86,1,0,0,High,98.9,0,0
CUST-02707,Thomas Davis,72,Male,64461,643,Standard Checking,4818.06,1,0,0,Medium,39.7,0,0
CUST-02708,Sarah Gonzalez,42,Male,66308,629,Premium Checking,62160.38,1,0,0,Medium,39,0,0
CUST-02709,Daniel Wilson,62,Female,77711,711,Premium Checking,59049.46,0,0,0,None,0,0,0
CUST-02710,Linda Davis,29,Female,89878,639,Standard Checking,7925.06,0,1,0,High,95.2,0,0
CUST-02711,Anthony Anderson,21,Female,57609,678,Savings,5722.03,1,0,0,Medium,32.8,0,0
CUST-02712,Anthony Gonzalez,84,Male,27744,614,Premium Checking,5612.15,1,0,0,Medium,60.7,0,0
CUST-02713,Michael Jones,34,Male,34786,683,Savings,5917.92,0,0,0,Medium,68.5,0,0
CUST-02714,Thomas Thomas,82,Female,37805,796,Savings,8356.34,0,0,0,Medium,62.6,0,0
CUST-02715,Daniel Johnson,70,Male,90029,628,Savings,12318.62,1,0,1,Medium,56.9,0,0
CUST-02716,Nancy Moore,74,Male,54582,681,Savings,7936.09,1,0,0,Medium,67.8,0,0
CUST-02717,Thomas Miller,45,Female,34816,714,Premium Checking,17531.51,1,0,1,Medium,47.4,0,0
CUST-02718,Richard Moore,33,Male,44374,773,Savings,2025.66,1,0,0,High,85.5,0,0
CUST-02719,Mark Wilson,38,Male,94976,760,Standard Checking,8412.77,0,1,0,High,75.3,0,0
CUST-02720,Sandra Moore,59,Male,66650,730,Savings,1531.6,0,1,0,High,90.8,0,0
CUST-02721,Richard Hernandez,71,Male,82566,708,Standard Checking,1618.12,0,0,0,Low,21.6,0,0
CUST-02722,Christopher Thomas,49,Male,28062,850,Savings,6795.18,1,0,0,High,94.7,0,0
CUST-02723,Daniel Taylor,55,Male,44148,729,Premium Checking,70013.28,1,0,1,High,99.6,0,0
CUST-02724,Linda Jackson,55,Male,35578,700,Standard Checking,11210.6,1,0,0,None,0,0,0
CUST-02725,Karen Anderson,71,Female,103873,764,Standard Checking,6875.08,0,0,0,Low,9.5,0,0
CUST-02726,William Martin,77,Male,45757,720,Premium Checking,24539.78,0,0,0,High,87.6,0,0
CUST-02727,Elizabeth Lopez,64,Female,36792,850,Money Market,80624.09,0,0,1,High,94.6,0,0
CUST-02728,Christopher Martin,29,Male,17977,640,Standard Checking,14103.23,0,1,1,High,99.6,0,0
CUST-02729,Sandra Smith,70,Male,99244,676,Money Market,67087.66,1,0,0,Medium,39.2,0,0
CUST-02730,Matthew Martin,50,Male,101685,586,Savings,6869.24,1,1,0,Medium,33.8,0,0
CUST-02731,William Anderson,45,Male,17565,672,Premium Checking,54801.33,1,0,0,Medium,40.6,0,0
CUST-02732,James Lopez,20,Female,54516,597,Standard Checking,6732.27,0,0,1,Medium,43.6,0,0
CUST-02733,John Hernandez,43,Male,78690,688,Savings,14452.59,0,0,0,Medium,36.3,0,0
CUST-02734,Mary Thomas,71,Female,62226,631,Savings,4390.44,0,0,0,Low,23.8,0,0
CUST-02735,William Anderson,57,Male,39418,735,Premium Checking,17685.65,0,0,0,Low,19.8,0,0
CUST-02736,Barbara Smith,83,Female,30543,645,Savings,1929.56,1,0,0,High,97.3,0,0
CUST-02737,Richard Wilson,85,Female,87910,729,Savings,9466.35,1,0,0,Medium,63.9,0,0
CUST-02738,Matthew Davis,64,Male,72066,665,Standard Checking,4956.13,1,0,0,None,0,0,1
CUST-02739,Linda Lopez,19,Female,67436,763,Standard Checking,12093.03,0,1,0,Low,10.5,0,0
CUST-02740,James Hernandez,59,Female,88053,673,Savings,1999.08,0,0,0,Medium,51.3,0,0
CUST-02741,Linda Martinez,51,Non-Binary,146252,649,Standard Checking,13202.84,1,0,1,Medium,42.2,0,0
CUST-02742,Sandra Jackson,38,Male,41651,552,Standard Checking,6479.85,1,1,0,Low,21.9,0,1
CUST-02743,David Miller,61,Female,41692,585,Premium Checking,7491.63,1,0,0,Medium,61.8,0,0
CUST-02744,David Taylor,19,Female,40045,732,Savings,11463.09,0,0,0,Low,8.4,0,0
CUST-02745,James Davis,76,Female,30904,590,Money Market,35996.09,0,0,0,Low,8.3,0,0
CUST-02746,Daniel Garcia,33,Female,89072,746,Standard Checking,12868.88,1,0,0,High,82.8,0,0
CUST-02747,Nancy Moore,37,Female,96002,649,Savings,4196.62,0,0,0,High,82.2,0,0
CUST-02748,Jennifer Jones,43,Female,83509,678,Savings,10986.64,1,0,0,Medium,60.5,0,0
CUST-02749,Richard Jackson,33,Female,112809,719,Savings,885.11,0,0,0,Medium,41.9,0,0
CUST-02750,Nancy Davis,40,Male,51569,755,Savings,10529.61,1,0,0,Medium,38.5,0,0
CUST-02751,William Taylor,59,Female,59147,577,Standard Checking,3976.32,0,0,0,Medium,32.5,0,1
CUST-02752,John Jackson,54,Male,67928,583,Savings,10918.87,1,1,0,Medium,66.7,0,0
CUST-02753,David Taylor,23,Male,39736,661,Money Market,51324.87,0,0,0,Low,7.1,0,0
CUST-02754,Christopher Jackson,54,Non-Binary,28709,763,Savings,2598.3,0,0,0,Low,21.4,0,0
CUST-02755,Mary Davis,39,Female,52708,681,Premium Checking,26297.12,0,0,0,Medium,32.4,0,0
CUST-02756,Charles Miller,23,Female,38820,761,Standard Checking,11188.59,1,0,0,High,98.2,0,0
CUST-02757,Margaret Taylor,49,Female,145005,564,Standard Checking,2590.17,1,0,1,Medium,45.2,0,1
CUST-02758,Jennifer Jackson,34,Male,23277,640,Money Market,101060.63,0,0,0,High,98.4,0,0
CUST-02759,Lisa Garcia,55,Female,47595,685,Savings,971.5,1,0,0,High,92.2,0,0
CUST-02760,Margaret Johnson,34,Male,56651,604,Standard Checking,440.07,1,1,0,Low,23.1,0,1
CUST-02761,Jennifer Jones,54,Female,32371,599,Standard Checking,13616.4,1,0,0,Medium,48.4,0,0
CUST-02762,Charles Martin,40,Female,38965,623,Savings,12983.57,1,1,0,Medium,32.4,0,0
CUST-02763,Patricia Taylor,66,Male,50524,653,Savings,8353.31,1,0,1,Medium,44.2,0,0
CUST-02764,David Brown,78,Male,27448,600,Premium Checking,68169.1,1,0,0,Low,23.7,0,0
CUST-02765,Betty Gonzalez,66,Male,60115,765,Money Market,90457,1,0,0,Medium,66.8,0,0
CUST-02766,Karen Taylor,78,Female,107884,694,Standard Checking,7515.37,1,1,1,Medium,45.9,0,0
CUST-02767,William Brown,49,Male,40561,701,Savings,13972.3,0,0,0,High,87.3,0,0
CUST-02768,Daniel Wilson,80,Male,71971,699,Standard Checking,8574.62,1,0,0,Medium,50.1,0,0
CUST-02769,Charles Williams,24,Female,115143,790,Standard Checking,899.56,1,0,0,Medium,41.5,0,0
CUST-02770,Susan Davis,39,Female,81094,821,Savings,603.22,0,0,0,High,75.7,0,0
CUST-02771,Lisa Smith,23,Male,34080,660,Standard Checking,13077.18,1,1,0,Low,25.2,0,0
CUST-02772,Elizabeth Moore,78,Female,22723,717,Standard Checking,3293.73,1,0,0,High,74.2,0,0
CUST-02773,Jessica Davis,31,Male,41959,659,Standard Checking,121.43,1,0,0,High,82.3,1,0
CUST-02774,James Lopez,33,Male,50489,741,Standard Checking,11169.29,0,0,0,High,86.8,0,0
CUST-02775,Linda Thomas,20,Male,17416,779,Savings,12298.37,1,0,0,Low,16.3,1,0
CUST-02776,Sarah Brown,26,Female,49712,679,Money Market,101835.58,1,0,0,Medium,54.6,0,0
CUST-02777,Jennifer Lopez,64,Male,32427,746,Standard Checking,12483.11,1,1,0,High,88.6,0,0
CUST-02778,Anthony Rodriguez,59,Male,46189,657,Standard Checking,12076.72,0,0,0,Medium,67.1,0,0
CUST-02779,Joseph Thomas,59,Male,41946,761,Standard Checking,7327.53,0,0,0,High,93.3,0,0
CUST-02780,Lisa Lopez,40,Female,44206,617,Savings,14081.05,1,0,0,High,88.7,0,0
CUST-02781,Lisa Wilson,20,Female,71384,604,Standard Checking,12677.67,1,1,0,Medium,43.7,0,0
CUST-02782,Richard Johnson,18,Male,29742,722,Savings,491.68,0,0,0,High,73.9,0,0
CUST-02783,John Martinez,84,Male,19637,759,Standard Checking,13501.63,0,0,0,Medium,46.4,0,0
CUST-02784,William Martin,20,Female,74223,725,Standard Checking,8140.69,0,1,0,None,0,0,0
CUST-02785,Linda Martinez,66,Male,67741,754,Standard Checking,7056.81,1,0,0,Medium,48.5,0,0
CUST-02786,Charles Williams,84,Male,64154,620,Standard Checking,14361.77,1,1,1,Medium,58.4,0,0
CUST-02787,Lisa Jones,72,Male,31485,675,Premium Checking,26182.56,1,0,0,High,95.3,0,0
CUST-02788,John Thomas,21,Female,66532,569,Standard Checking,6611.25,1,0,0,Medium,48.3,0,1
CUST-02789,Thomas Anderson,48,Female,25845,596,Premium Checking,29481.29,1,0,0,High,89.8,0,0
CUST-02790,John Lopez,83,Male,42164,781,Standard Checking,13085.13,1,0,0,Medium,30.5,0,0
CUST-02791,William Lopez,81,Male,104673,654,Premium Checking,66042.53,0,0,0,None,0,0,0
CUST-02792,Betty Anderson,48,Female,66092,810,Savings,282.68,0,0,0,High,98.1,0,0
CUST-02793,Mary Moore,80,Male,47265,691,Standard Checking,2319.11,1,1,0,Medium,34.2,0,0
CUST-02794,Karen Lopez,83,Female,45615,664,Savings,9518.63,0,0,0,Medium,69.8,0,0
CUST-02795,Daniel Brown,48,Male,28259,662,Standard Checking,1806.16,1,0,1,Medium,58.5,0,0
CUST-02796,Daniel Thomas,64,Female,110204,750,Savings,13813.77,1,0,0,Low,9.9,0,0
CUST-02797,Daniel Thomas,39,Male,81259,671,Savings,10193.02,1,1,0,High,87.3,0,0
CUST-02798,James Johnson,63,Female,73059,682,Premium Checking,17601.06,1,0,0,Medium,67.8,0,0
CUST-02799,Sandra Williams,75,Male,46798,701,Standard Checking,14590.58,0,0,1,Medium,34.7,0,0
CUST-02800,Betty Martin,78,Male,40857,585,Standard Checking,908.49,0,0,0,High,96.9,0,1
CUST-02801,Thomas Martin,63,Male,33533,686,Premium Checking,19781.46,1,0,0,High,83.2,0,0
CUST-02802,Nancy Smith,18,Female,100266,676,Savings,13491.8,1,0,0,High,83,0,0
CUST-02803,Karen Garcia,42,Male,19801,711,Money Market,48328.89,1,0,0,Medium,41,0,0
CUST-02804,Mark Anderson,78,Male,65075,749,Money Market,34261.03,1,0,0,High,95.5,0,0
CUST-02805,Betty Wilson,31,Female,22292,663,Standard Checking,394.34,1,0,0,High,87.3,0,0
CUST-02806,Karen Anderson,62,Female,44295,715,Standard Checking,2609.62,1,0,0,Low,14,0,0
CUST-02807,Susan Jones,56,Female,48413,585,Savings,13816.41,1,0,0,High,87.8,0,0
CUST-02808,Jennifer Taylor,83,Male,25850,819,Money Market,29778.21,1,0,0,None,0,0,0
CUST-02809,David Thomas,49,Male,31974,787,Standard Checking,7409.71,1,1,0,Low,24.6,0,0
CUST-02810,Barbara Anderson,75,Female,70573,656,Standard Checking,13482.65,1,0,0,Low,5.5,0,0
CUST-02811,Daniel Brown,73,Male,102672,687,Savings,7201.46,0,0,0,High,72.5,1,0
CUST-02812,Anthony Moore,23,Female,57310,527,Premium Checking,17466.55,0,0,0,Medium,55.5,0,0
CUST-02813,Christopher Williams,84,Female,34763,726,Savings,1327.46,1,0,0,High,88.9,0,0
CUST-02814,Nancy Davis,67,Male,30214,628,Standard Checking,12500.72,0,0,0,Medium,56.8,0,0
CUST-02815,Daniel Williams,55,Male,33851,566,Savings,14071.99,1,0,0,Low,11.4,0,0
CUST-02816,Linda Moore,20,Male,48481,704,Standard Checking,6175.75,0,0,0,High,83,0,0
CUST-02817,Elizabeth Martin,22,Female,55768,616,Savings,1946.91,1,0,0,High,82.3,0,1
CUST-02818,Thomas Davis,41,Male,90574,607,Standard Checking,12710.64,0,0,0,Medium,34.1,0,0
CUST-02819,Daniel Hernandez,71,Female,47259,734,Savings,5178.53,1,0,1,Medium,48.3,0,0
CUST-02820,Mark Jones,51,Male,35195,794,Savings,7334.21,1,0,0,High,70.1,0,0
CUST-02821,Betty Gonzalez,56,Male,27898,699,Premium Checking,21675.3,0,0,0,High,95.4,0,0
CUST-02822,Christopher Jones,65,Male,44157,768,Money Market,57029.17,1,1,0,Medium,63.4,0,0
CUST-02823,Lisa Gonzalez,66,Female,21498,656,Standard Checking,10839.43,0,0,0,Medium,42,0,0
CUST-02824,Jennifer Jones,51,Male,36235,721,Savings,4255.62,1,0,0,None,0,0,1
CUST-02825,William Thomas,24,Male,26109,697,Money Market,125087.4,1,0,1,Low,18.4,0,0
CUST-02826,Mary Smith,35,Female,43058,711,Savings,4441.36,1,1,0,None,0,0,1
CUST-02827,Linda Jackson,51,Male,61573,613,Premium Checking,24279.23,0,0,1,Medium,45.8,0,0
CUST-02828,Sandra Hernandez,68,Female,59286,509,Savings,14064.95,1,0,0,Medium,30.9,0,0
CUST-02829,Margaret Lopez,85,Female,69008,777,Standard Checking,10295.57,1,0,0,High,95.7,0,0
CUST-02830,Barbara Miller,31,Female,30872,662,Premium Checking,18649.24,1,1,0,Medium,42.6,0,0
CUST-02831,Betty Gonzalez,25,Female,99593,549,Money Market,47804.68,1,0,0,Medium,41.9,0,0
CUST-02832,Anthony Davis,32,Female,68394,679,Money Market,92073.2,1,0,0,High,94.8,0,0
CUST-02833,Mark Rodriguez,76,Male,67152,706,Savings,6432.84,1,1,0,Medium,33.3,0,0
CUST-02834,Michael Anderson,28,Male,86078,683,Standard Checking,13335.4,1,0,0,High,83.7,0,0
CUST-02835,Mary Martin,37,Male,53544,698,Standard Checking,3771.48,0,0,0,Low,19,0,0
CUST-02836,Matthew Lopez,72,Female,46265,686,Money Market,102555.24,1,0,0,Low,6.5,0,0
CUST-02837,James Davis,53,Male,96201,657,Savings,1200.83,1,1,0,Medium,32,1,0
CUST-02838,Robert Anderson,31,Female,32278,692,Standard Checking,1359.18,1,0,0,Medium,56,0,0
CUST-02839,James Smith,75,Male,44100,669,Money Market,12243.2,1,0,0,Low,24.2,0,0
CUST-02840,Matthew Martinez,55,Female,87427,693,Standard Checking,3187.82,1,0,1,Medium,53.6,0,0
CUST-02841,Nancy Martinez,18,Male,44162,707,Standard Checking,6862.44,1,0,0,Medium,68.9,0,0
CUST-02842,Christopher Anderson,82,Male,36543,720,Savings,13727.14,0,1,1,Low,6.4,0,0
CUST-02843,Thomas Garcia,18,Female,30570,645,Standard Checking,5256.98,0,0,1,Medium,37.8,0,0
CUST-02844,John Gonzalez,77,Female,55219,727,Money Market,107745.52,1,0,0,High,93.5,0,0
CUST-02845,Jessica Davis,42,Male,39560,710,Standard Checking,8361.69,0,0,0,Medium,31.5,0,0
CUST-02846,Sandra Anderson,27,Female,62598,765,Standard Checking,2222.62,1,0,0,Medium,60.1,0,0
CUST-02847,Thomas Taylor,67,Male,111401,693,Premium Checking,66978.5,1,0,0,High,95.4,0,0
CUST-02848,Nancy Gonzalez,29,Female,83817,750,Savings,2142.37,1,0,0,Medium,47.1,0,0
CUST-02849,Thomas Garcia,49,Female,15337,524,Standard Checking,4671.67,1,0,0,Low,17.9,1,1
CUST-02850,Thomas Thomas,50,Male,70164,605,Savings,1556.66,1,1,0,High,78.8,0,1
CUST-02851,Susan Gonzalez,43,Female,72672,757,Standard Checking,3287.46,0,0,0,High,99.9,0,0
CUST-02852,Jennifer Williams,59,Male,42231,703,Standard Checking,5609.72,0,0,1,None,0,0,1
CUST-02853,Susan Wilson,67,Female,91316,606,Standard Checking,9386.59,1,0,0,None,0,0,1
CUST-02854,Joseph Davis,78,Male,56807,693,Premium Checking,41656.91,0,0,0,Medium,68.9,0,0
CUST-02855,Mark Anderson,58,Male,18549,754,Premium Checking,22191.85,0,0,0,Medium,49,0,0
CUST-02856,Nancy Gonzalez,74,Female,52620,593,Standard Checking,3676.34,0,0,0,Medium,30.2,0,1
CUST-02857,Thomas Williams,19,Male,42797,699,Premium Checking,63698.27,1,1,0,Medium,56.6,0,0
CUST-02858,Margaret Garcia,48,Non-Binary,35798,833,Premium Checking,43919.08,0,0,0,Medium,49,0,0
CUST-02859,Robert Taylor,40,Male,58771,623,Premium Checking,74685.7,1,0,0,High,76.5,0,0
CUST-02860,Daniel Johnson,71,Male,67869,616,Standard Checking,12638.65,1,0,0,High,80.6,0,0
CUST-02861,Betty Anderson,45,Female,68501,507,Savings,10803.68,1,0,0,High,85.6,0,1
CUST-02862,Robert Martin,36,Male,69548,654,Savings,4396.46,0,0,0,High,96.1,0,0
CUST-02863,Jennifer Garcia,65,Male,27506,744,Standard Checking,10781.77,1,0,0,Medium,60.7,0,0
CUST-02864,Anthony Moore,19,Male,28832,643,Standard Checking,3978.85,0,1,1,Low,6.4,0,0
CUST-02865,Sarah Brown,28,Non-Binary,56091,850,Savings,11919.46,1,0,0,None,0,0,0
CUST-02866,Thomas Wilson,61,Female,84039,850,Savings,1552.77,0,0,0,Medium,60.4,0,0
CUST-02867,Susan Gonzalez,76,Male,58499,806,Savings,531.45,0,1,1,Low,26.8,0,0
CUST-02868,Michael Lopez,76,Male,17104,629,Savings,2116.77,1,0,0,High,82.5,0,0
CUST-02869,Daniel Anderson,55,Male,64443,701,Premium Checking,42359.37,0,0,0,Low,7.5,0,0
CUST-02870,Charles Hernandez,42,Female,22499,638,Standard Checking,14515.53,1,1,0,High,70.8,0,0
CUST-02871,Joseph Lopez,38,Female,69063,634,Standard Checking,9811.11,1,1,0,High,99.3,0,0
CUST-02872,John Taylor,59,Female,37092,704,Premium Checking,12345.78,1,0,1,High,92.6,0,0
CUST-02873,John Jackson,53,Male,57025,606,Standard Checking,449.62,1,0,0,Medium,35,0,1
CUST-02874,Karen Brown,26,Female,140340,547,Savings,6187.61,1,0,1,High,78.8,0,1
CUST-02875,John Thomas,29,Non-Binary,41086,582,Savings,8655.96,1,0,0,Low,10,1,0
CUST-02876,Barbara Davis,27,Female,33612,698,Money Market,78171.2,1,0,1,High,81.9,0,0
CUST-02877,Lisa Taylor,76,Female,39455,812,Premium Checking,24931.81,1,1,0,Medium,66.6,0,0
CUST-02878,Michael Hernandez,22,Male,23126,745,Savings,3362.67,1,0,1,High,86.3,0,0
CUST-02879,Sarah Smith,50,Female,29672,672,Savings,3976.04,0,1,0,Medium,41.7,0,0
CUST-02880,John Brown,80,Female,83506,733,Savings,7631.72,1,0,1,Medium,54.8,0,0
CUST-02881,Richard Garcia,46,Female,18277,675,Savings,9982.63,1,0,0,High,75,0,0
CUST-02882,Betty Wilson,35,Female,35819,754,Standard Checking,2000.14,1,0,1,Low,21.5,0,0
CUST-02883,Robert Thomas,23,Male,55260,732,Standard Checking,4538.79,0,0,0,Medium,50.7,0,0
CUST-02884,Joseph Anderson,70,Male,39943,512,Standard Checking,4249.62,0,0,0,Low,9,1,1
CUST-02885,Sandra Brown,49,Female,96264,634,Premium Checking,13672.71,1,0,1,High,91.8,0,0
CUST-02886,Linda Thomas,59,Male,45098,727,Savings,14465.97,0,0,0,High,93.6,0,0
CUST-02887,Margaret Thomas,64,Non-Binary,41379,737,Premium Checking,13033.22,1,0,1,Medium,62.6,0,0
CUST-02888,Sandra Brown,48,Female,52818,647,Premium Checking,26452.15,1,0,0,Medium,37.1,0,0
CUST-02889,Richard Gonzalez,79,Male,56154,530,Savings,6040.1,1,1,0,Medium,58.4,0,1
CUST-02890,Mary Williams,73,Female,49021,694,Savings,4887.58,0,0,0,Medium,64.4,0,0
CUST-02891,Nancy Davis,28,Female,47296,572,Savings,1419.73,1,0,1,Medium,60.9,0,1
CUST-02892,Lisa Anderson,43,Male,18453,621,Savings,10665.64,1,0,0,Medium,57.2,0,0
CUST-02893,David Rodriguez,44,Male,27859,778,Money Market,19720.58,1,0,0,Low,19,0,0
CUST-02894,Michael Gonzalez,74,Female,65417,647,Savings,10528.92,0,1,0,Medium,33.8,0,0
CUST-02895,Mary Davis,44,Female,81138,630,Savings,5514.23,0,0,0,Medium,55.8,0,0
CUST-02896,Michael Lopez,76,Female,92844,671,Savings,285.5,0,1,0,Low,22.7,0,0
CUST-02897,Charles Miller,79,Female,23817,743,Money Market,148252.76,1,1,0,Low,23.8,0,0
CUST-02898,Elizabeth Thomas,37,Male,32250,662,Premium Checking,24983.54,0,0,0,Low,27.8,0,0
CUST-02899,John Martinez,20,Female,103586,782,Savings,3290.25,1,0,0,None,0,0,0
CUST-02900,Jennifer Moore,33,Male,40519,615,Savings,3490.81,1,0,0,Medium,58.3,0,0
CUST-02901,Sarah Jones,61,Male,66759,607,Premium Checking,57415.19,0,0,0,High,84.9,0,0
CUST-02902,Christopher Miller,47,Male,264003,713,Money Market,43712.11,1,0,0,Medium,50.2,0,0
CUST-02903,Margaret Johnson,57,Male,82859,631,Standard Checking,8101.06,1,0,1,None,0,0,1
CUST-02904,David Gonzalez,82,Female,43994,713,Standard Checking,7735.81,0,1,0,Medium,40,0,0
CUST-02905,Daniel Jones,46,Male,45687,840,Savings,9493.18,1,0,0,Low,23.7,0,0
CUST-02906,Sandra Garcia,47,Male,63787,591,Standard Checking,14504.92,1,0,0,Medium,60.5,0,0
CUST-02907,Lisa Wilson,49,Male,18763,702,Standard Checking,1836.59,0,1,0,High,80.5,0,0
CUST-02908,Barbara Brown,27,Female,61118,744,Money Market,127077.13,1,0,0,Medium,45.8,0,0
CUST-02909,Mark Garcia,68,Male,42686,633,Standard Checking,7517.56,1,0,0,High,83.7,0,0
CUST-02910,Elizabeth Moore,25,Male,47159,680,Standard Checking,13563.57,1,0,0,None,0,0,0
CUST-02911,Joseph Davis,68,Female,51683,518,Premium Checking,64624.6,0,0,0,Medium,60.9,0,0
CUST-02912,Betty Rodriguez,53,Male,107243,679,Savings,6357.3,1,0,1,None,0,0,1
CUST-02913,Robert Martinez,72,Male,55727,610,Standard Checking,820.65,1,0,0,High,76.9,0,1
CUST-02914,Karen Garcia,52,Female,55124,611,Premium Checking,31673.35,0,0,0,Low,18,0,0
CUST-02915,Jessica Williams,53,Male,70089,665,Standard Checking,8387.84,1,1,1,High,88.4,0,0
CUST-02916,Elizabeth Hernandez,73,Male,50838,648,Standard Checking,10160.5,1,0,1,High,91.6,0,0
CUST-02917,David Taylor,53,Female,68243,593,Money Market,48286.06,1,0,0,High,70.8,0,0
CUST-02918,Patricia Brown,78,Female,46321,789,Savings,3892.5,0,0,0,High,75.2,0,0
CUST-02919,Thomas Rodriguez,79,Female,87699,690,Savings,9527.54,1,0,0,Medium,60.3,0,0
CUST-02920,Charles Jones,42,Male,92892,707,Savings,6380.82,1,0,0,Medium,51.5,0,0
CUST-02921,Nancy Garcia,81,Female,68616,640,Savings,5296.23,1,0,0,Medium,31.7,0,0
CUST-02922,John Smith,77,Female,15577,675,Standard Checking,3217.52,0,0,0,High,99.4,0,0
CUST-02923,Karen Thomas,74,Male,53510,534,Standard Checking,6130.2,0,0,0,Low,23.2,0,1
CUST-02924,Daniel Hernandez,69,Male,18730,603,Premium Checking,32001.36,1,0,0,Medium,64.6,0,0
CUST-02925,Richard Martinez,73,Female,59323,784,Premium Checking,57514.68,1,0,0,High,71.9,0,0
CUST-02926,John Rodriguez,80,Male,109279,723,Money Market,149773.95,0,0,0,Medium,37.1,0,0
CUST-02927,Margaret Lopez,85,Male,86789,646,Premium Checking,54160.38,0,0,0,Medium,64.6,1,0
CUST-02928,Daniel Wilson,37,Male,42857,707,Money Market,76538.97,0,1,0,Low,23.8,0,0
CUST-02929,James Moore,71,Male,45248,557,Money Market,27442.89,0,0,0,Medium,49.3,0,0
CUST-02930,Thomas Rodriguez,18,Male,19548,651,Savings,12765.51,1,1,1,None,0,0,1
CUST-02931,William Martinez,27,Male,49349,680,Standard Checking,6326.98,1,0,0,Medium,57.1,0,0
CUST-02932,Charles Anderson,40,Male,44251,735,Savings,10220.97,1,0,0,Medium,34,0,0
CUST-02933,Robert Anderson,68,Female,26158,623,Premium Checking,23644.69,1,0,1,Medium,64.1,0,0
CUST-02934,Karen Johnson,41,Male,30013,682,Standard Checking,4991.59,1,0,0,High,89.2,0,0
CUST-02935,Richard Thomas,30,Male,26927,662,Standard Checking,4808.3,0,0,0,High,84.9,1,0
CUST-02936,Joseph Martinez,46,Female,143472,706,Standard Checking,90.69,1,1,0,High,90.5,0,0
CUST-02937,Susan Martinez,75,Female,52036,696,Standard Checking,3562.37,0,0,0,Medium,58.7,0,0
CUST-02938,Matthew Wilson,60,Male,71468,677,Savings,10235.84,1,0,0,High,70.9,0,0
CUST-02939,Betty Rodriguez,27,Male,77495,703,Money Market,104491.57,0,0,0,High,98.8,0,0
CUST-02940,Matthew Wilson,48,Female,109756,637,Standard Checking,9479.2,0,0,0,High,89.8,0,0
CUST-02941,John Martin,31,Female,108037,643,Premium Checking,14632.65,0,0,0,Medium,45.3,0,0
CUST-02942,Jessica Johnson,51,Male,78593,570,Premium Checking,32151.59,0,1,0,Medium,48,0,0
CUST-02943,Elizabeth Williams,34,Male,22908,729,Standard Checking,3706.85,1,0,0,Medium,64.2,0,0
CUST-02944,David Hernandez,38,Female,78940,670,Savings,10606.16,0,0,1,High,82.7,0,0
CUST-02945,Christopher Gonzalez,84,Male,40143,604,Premium Checking,34539.98,1,0,0,Low,5.6,0,0
CUST-02946,Michael Taylor,75,Female,26066,624,Money Market,104834.83,0,0,0,Medium,45.1,0,0
CUST-02947,Sandra Johnson,25,Female,40698,795,Savings,3135.72,1,0,0,Medium,68.2,0,0
CUST-02948,Barbara Martinez,55,Male,52922,661,Standard Checking,428.33,0,0,1,High,95,0,0
CUST-02949,Sarah Hernandez,43,Male,13594,709,Standard Checking,13685.61,0,0,0,Medium,49.7,0,0
CUST-02950,Jessica Taylor,81,Female,59891,644,Premium Checking,11144.98,1,0,0,High,85.5,0,0
CUST-02951,Charles Moore,47,Female,86544,599,Standard Checking,6258.13,0,1,1,Medium,52.5,0,0
CUST-02952,John Thomas,26,Female,51193,682,Standard Checking,5345.94,1,0,0,Low,10.5,0,0
CUST-02953,Jennifer Lopez,49,Female,28534,757,Savings,2777.07,1,1,0,High,73.6,0,0
CUST-02954,David Anderson,28,Male,66500,783,Standard Checking,6692.78,1,0,0,Low,21,0,0
CUST-02955,Joseph Thomas,51,Female,48363,775,Premium Checking,12236.48,1,0,0,High,74.9,0,0
CUST-02956,Elizabeth Lopez,35,Female,117095,725,Standard Checking,4032.16,1,0,0,None,0,0,1
CUST-02957,Margaret Gonzalez,36,Female,15537,719,Standard Checking,7916.13,0,0,0,Medium,36.4,0,0
CUST-02958,Patricia Miller,71,Male,13523,616,Money Market,84769.07,0,0,0,Medium,31.4,0,0
CUST-02959,Nancy Johnson,54,Female,46651,685,Savings,7828.71,1,0,0,High,83.2,0,0
CUST-02960,Betty Anderson,29,Female,38930,750,Standard Checking,13476.04,1,1,0,Medium,69.9,0,0
CUST-02961,Linda Miller,21,Female,56089,780,Savings,2101.44,0,0,0,Medium,58.7,0,0
CUST-02962,Joseph Wilson,60,Female,60384,675,Standard Checking,12593.4,0,0,0,High,77.8,0,0
CUST-02963,Linda Lopez,44,Male,104796,651,Standard Checking,2226.39,0,0,1,Medium,33.2,0,0
CUST-02964,Richard Hernandez,68,Male,43455,615,Standard Checking,6479.83,0,0,1,Medium,42.5,0,0
CUST-02965,Thomas Taylor,22,Female,61385,679,Premium Checking,31874.68,1,1,0,None,0,0,0
CUST-02966,Lisa Brown,23,Female,25394,762,Savings,9087.75,1,0,0,None,0,0,0
CUST-02967,Christopher Davis,73,Male,168138,645,Standard Checking,5216.7,0,0,0,Low,17.8,0,0
CUST-02968,Robert Thomas,85,Male,85221,726,Standard Checking,6807.45,1,0,0,Low,19.8,0,0
CUST-02969,Patricia Anderson,61,Female,76211,761,Standard Checking,2502.17,1,0,1,Low,24.7,0,0
CUST-02970,Barbara Jones,32,Female,32743,652,Savings,7126.73,0,0,0,High,89.9,0,0
CUST-02971,Sandra Thomas,59,Female,96876,667,Standard Checking,11057.36,1,0,1,High,79.3,0,0
CUST-02972,Susan Martinez,28,Male,81360,769,Savings,14020.32,1,1,0,Low,7.9,0,0
CUST-02973,Michael Gonzalez,28,Female,67491,706,Standard Checking,4297.58,1,0,0,High,79.4,0,0
CUST-02974,Karen Jones,83,Female,46577,794,Standard Checking,6537.63,0,0,0,Low,14.1,0,0
CUST-02975,Mark Williams,44,Female,28977,684,Savings,11753.43,1,0,0,High,98.8,0,0
CUST-02976,Joseph Brown,75,Male,47654,762,Standard Checking,8388.96,1,0,0,Low,9.5,0,0
CUST-02977,Joseph Wilson,38,Female,33069,600,Money Market,100103.75,0,0,1,Low,28.7,0,0
CUST-02978,Karen Jackson,38,Male,59376,735,Standard Checking,11785.24,0,0,0,High,86.9,1,0
CUST-02979,Richard Martinez,18,Male,28270,653,Premium Checking,26020.22,0,0,0,High,97.8,0,0
CUST-02980,Christopher Jones,75,Female,34240,591,Standard Checking,14282.54,1,0,0,High,93.5,0,0
CUST-02981,Anthony Martin,30,Male,17297,648,Savings,10987.58,1,0,1,Medium,60.5,0,0
CUST-02982,Mark Martin,23,Male,63956,670,Savings,1831.76,1,0,0,High,92.5,0,0
CUST-02983,Matthew Garcia,75,Male,60863,721,Money Market,51849.28,1,0,1,Medium,46.1,0,0
CUST-02984,Patricia Johnson,34,Female,38059,673,Savings,1382.39,1,0,0,High,87.9,0,0
CUST-02985,Nancy Thomas,29,Male,14473,548,Standard Checking,5985.61,0,1,0,Medium,39.3,0,1
CUST-02986,Sarah Jones,69,Female,21081,657,Premium Checking,13896,1,0,0,Medium,65.4,0,0
CUST-02987,Nancy Brown,69,Female,51548,680,Premium Checking,44091.1,1,0,1,Medium,44.8,0,0
CUST-02988,Sandra Gonzalez,54,Female,80844,725,Standard Checking,1656.09,0,0,0,None,0,0,1
CUST-02989,Charles Johnson,20,Male,29868,745,Standard Checking,4376.04,1,0,0,High,94.3,0,0
CUST-02990,Richard Hernandez,25,Female,89754,630,Standard Checking,10311.69,1,0,0,Medium,65.8,0,0
CUST-02991,Sandra Brown,27,Male,113523,629,Savings,3127.69,0,0,0,High,95.9,0,0
CUST-02992,Nancy Martin,64,Male,61532,624,Standard Checking,14553.37,0,0,0,High,84.9,0,0
CUST-02993,Karen Anderson,58,Female,82582,612,Savings,126.26,1,1,1,Medium,38.6,0,1
CUST-02994,Patricia Rodriguez,81,Non-Binary,27916,566,Savings,8556.76,0,0,0,Low,23.3,0,0
CUST-02995,Michael Jackson,59,Male,20120,713,Premium Checking,38692.48,1,0,0,Low,23.7,0,0
CUST-02996,Charles Garcia,60,Female,124307,850,Premium Checking,27701.17,1,0,0,Medium,44.1,0,0
CUST-02997,Jennifer Martin,26,Female,29878,740,Standard Checking,8952.54,1,0,0,Medium,65.7,0,0
CUST-02998,Joseph Anderson,31,Female,87193,748,Money Market,13318.37,1,0,1,Medium,61.3,0,0
CUST-02999,Matthew Martin,21,Male,60459,712,Standard Checking,10333.68,0,0,0,Medium,58.9,0,0
CUST-03000,William Brown,19,Female,118203,585,Savings,13104.35,1,0,0,Medium,31.9,0,0
CUST-03001,Sarah Moore,18,Male,72247,658,Savings,1552.32,1,1,0,High,92.4,0,0
CUST-03002,Robert Martin,82,Female,27272,728,Savings,12537.43,0,1,0,Low,25.8,0,0
CUST-03003,Daniel Hernandez,63,Male,41228,590,Savings,356.05,0,0,1,Low,20.6,0,1
CUST-03004,Robert Brown,76,Female,69605,646,Standard Checking,971.32,1,0,0,High,73.4,0,0
CUST-03005,Mark Lopez,24,Female,37255,588,Savings,13617.96,0,0,0,Medium,33,0,0
CUST-03006,Mary Gonzalez,83,Female,82710,645,Savings,10599.26,0,0,0,High,92.2,0,0
CUST-03007,Elizabeth Rodriguez,32,Female,51434,818,Money Market,103706.36,0,0,0,Medium,65.6,0,0
CUST-03008,Elizabeth Miller,64,Male,83537,793,Savings,7791.54,0,0,1,High,97.8,0,0
CUST-03009,Patricia Jackson,57,Male,86205,691,Money Market,89379.89,1,0,1,Low,6.4,0,0
CUST-03010,Elizabeth Williams,59,Female,57252,789,Savings,10946.93,0,0,0,Low,25.1,0,0
CUST-03011,Matthew Jackson,68,Female,45832,726,Savings,5191.68,0,0,1,Low,28.6,0,0
CUST-03012,Christopher Johnson,52,Male,37507,662,Money Market,97925.38,1,0,0,Medium,60.4,0,0
CUST-03013,Anthony Martin,58,Male,27644,593,Premium Checking,20114.13,0,0,0,High,82.6,0,0
CUST-03014,Elizabeth Johnson,74,Female,115830,655,Savings,6535.11,1,0,0,Medium,55.2,0,0
CUST-03015,Mary Taylor,55,Female,51017,659,Standard Checking,10242.91,1,0,0,High,78.5,0,0
CUST-03016,Jessica Thomas,25,Male,43314,652,Standard Checking,12176.04,1,0,0,Medium,64.7,0,0
CUST-03017,Susan Miller,80,Male,43624,672,Savings,14331.6,1,0,0,Low,5.5,0,0
CUST-03018,Christopher Hernandez,21,Female,47746,607,Money Market,135471.16,1,0,0,High,96.1,0,0
CUST-03019,Lisa Smith,65,Female,38370,589,Standard Checking,10492.9,1,1,0,Medium,34.6,0,0
CUST-03020,David Brown,69,Female,36835,585,Premium Checking,61690.11,1,0,0,Low,24.3,0,0
CUST-03021,Michael Anderson,55,Female,24781,711,Savings,2755.04,1,0,0,High,82.5,0,0
CUST-03022,Sarah Lopez,22,Female,50165,613,Premium Checking,49322.62,1,0,1,Low,16.4,0,0
CUST-03023,Thomas Smith,41,Female,94187,694,Standard Checking,12745.02,1,0,0,None,0,1,0
CUST-03024,David Smith,34,Female,34157,683,Standard Checking,12126.27,1,0,0,None,0,0,0
CUST-03025,Joseph Martinez,43,Female,64602,704,Money Market,132008.36,1,0,0,High,92,0,0
CUST-03026,Michael Johnson,20,Female,65349,655,Standard Checking,685.92,0,0,0,Medium,64.1,0,0
CUST-03027,Elizabeth Brown,19,Male,59926,603,Standard Checking,14850.39,1,1,0,High,76.8,0,0
CUST-03028,Barbara Jackson,19,Male,125143,801,Savings,8380.32,1,0,0,High,92.9,0,0
CUST-03029,Betty Hernandez,39,Female,66230,630,Premium Checking,24819.44,0,0,0,Medium,66.2,0,0
CUST-03030,Linda Moore,21,Male,50695,815,Premium Checking,18263.62,1,1,0,Medium,56.5,0,0
CUST-03031,David Hernandez,55,Male,57970,586,Standard Checking,2018.6,0,0,0,High,99.2,0,1
CUST-03032,Richard Williams,69,Female,74835,609,Money Market,120652.96,0,0,0,Medium,62.8,0,0
CUST-03033,Barbara Williams,48,Female,117007,554,Standard Checking,14133.62,1,0,0,High,89.5,0,0
CUST-03034,Elizabeth Taylor,43,Male,43492,685,Standard Checking,3141.81,1,0,0,Medium,63.6,0,0
CUST-03035,Nancy Johnson,53,Male,53624,725,Savings,5081.94,1,0,0,Medium,66.1,0,0
CUST-03036,Thomas Thomas,43,Male,226500,576,Savings,3730.47,0,0,0,Medium,69.4,0,1
CUST-03037,Mary Martin,45,Male,47833,682,Standard Checking,7276.63,1,0,0,High,79.2,0,0
CUST-03038,Jennifer Martinez,22,Female,46845,651,Standard Checking,12069.17,0,0,0,Medium,58.4,0,0
CUST-03039,Margaret Martinez,35,Female,32216,534,Standard Checking,12571.66,0,0,1,High,72.5,0,0
CUST-03040,Linda Smith,32,Non-Binary,51117,672,Savings,4908.4,1,0,0,High,77.1,0,0
CUST-03041,Richard Rodriguez,74,Male,47235,744,Standard Checking,1159.64,1,0,0,Low,20,0,0
CUST-03042,Nancy Martinez,22,Male,59672,782,Standard Checking,1732.47,1,0,0,Medium,41.1,0,0
CUST-03043,Joseph Jones,54,Female,56126,563,Money Market,65907.26,0,1,0,Low,29.1,0,0
CUST-03044,Nancy Thomas,39,Male,18273,751,Savings,6459.84,0,1,0,Medium,46.6,0,0
CUST-03045,Richard Martin,69,Male,25502,736,Standard Checking,12327.57,1,1,1,High,99.3,1,0
CUST-03046,Sarah Hernandez,32,Non-Binary,45220,654,Savings,261.41,1,0,0,Medium,37.2,1,0
CUST-03047,Anthony Rodriguez,34,Female,39632,559,Premium Checking,11085.47,1,0,1,None,0,0,1
CUST-03048,Jessica Johnson,68,Female,29225,703,Standard Checking,4766.48,0,0,0,Medium,56,0,0
CUST-03049,Betty Johnson,62,Female,19533,561,Premium Checking,31271.14,1,0,1,Low,12.2,0,0
CUST-03050,Barbara Davis,80,Male,110452,702,Savings,9695.7,0,0,1,High,76,0,0
CUST-03051,William Lopez,45,Non-Binary,109489,638,Standard Checking,8800.5,1,0,0,High,81.7,0,0
CUST-03052,Betty Rodriguez,76,Female,71579,620,Premium Checking,9924.62,0,0,0,High,74.3,0,0
CUST-03053,Elizabeth Johnson,38,Male,36576,699,Standard Checking,11837.5,1,0,1,Medium,43.1,0,0
CUST-03054,Jessica Martin,59,Male,102198,841,Savings,1557.03,1,0,0,High,95.8,0,0
CUST-03055,Michael Johnson,34,Female,34217,782,Savings,13312.15,0,0,0,Low,18.8,0,0
CUST-03056,James Jackson,85,Male,60938,679,Savings,1844.3,0,0,1,High,75.5,0,0
CUST-03057,Margaret Brown,24,Female,33022,700,Money Market,108885.36,1,0,0,None,0,0,0
CUST-03058,Lisa Johnson,57,Non-Binary,49617,672,Standard Checking,7604.38,1,0,1,Medium,37.6,0,0
CUST-03059,Matthew Wilson,57,Female,62527,659,Standard Checking,1718.17,1,0,1,High,85.3,0,0
CUST-03060,Mary Anderson,60,Female,23188,792,Money Market,109348.43,1,0,0,None,0,0,0
CUST-03061,Barbara Jones,68,Male,39687,699,Premium Checking,53795.93,1,0,0,Low,17.5,0,0
CUST-03062,Margaret Martin,40,Male,55573,716,Premium Checking,37621.91,1,1,0,High,76.3,0,0
CUST-03063,Mark Miller,49,Female,26183,708,Standard Checking,14201.76,1,1,1,Low,5.1,0,0
CUST-03064,Lisa Martinez,48,Male,30594,675,Premium Checking,35303.09,1,0,1,Medium,64.9,0,0
CUST-03065,Susan Wilson,34,Female,55580,606,Savings,8619.17,1,0,0,High,81.6,0,0
CUST-03066,Robert Moore,75,Male,37521,619,Premium Checking,55067.19,1,0,0,High,75.2,0,0
CUST-03067,Lisa Wilson,52,Male,26508,702,Money Market,62075.17,0,1,0,Low,28.5,0,0
CUST-03068,Mary Lopez,47,Male,49752,721,Savings,3545.25,1,0,0,Medium,50.2,0,0
CUST-03069,Nancy Garcia,81,Female,60932,595,Standard Checking,2901.7,1,0,0,High,84.8,1,1
CUST-03070,Patricia Gonzalez,70,Male,150568,631,Premium Checking,10454.96,1,0,0,Medium,55.9,1,0
CUST-03071,Patricia Wilson,68,Male,51129,641,Money Market,138935.48,0,0,1,Low,27.7,0,0
CUST-03072,Jessica Brown,54,Male,49292,614,Standard Checking,8734.1,1,0,0,Medium,57.5,0,0
CUST-03073,Lisa Smith,23,Male,42519,536,Savings,11599.47,1,0,1,Low,14.6,0,0
CUST-03074,Richard Brown,51,Female,87078,587,Standard Checking,4586.58,1,1,0,Medium,59,0,1
CUST-03075,Karen Moore,73,Female,57696,677,Standard Checking,10658.61,0,0,0,None,0,0,1
CUST-03076,Jennifer Williams,42,Male,74448,719,Standard Checking,13238.3,1,0,0,Medium,33.4,0,0
CUST-03077,Daniel Gonzalez,30,Male,54788,631,Savings,12875.54,1,0,0,High,71.6,0,0
CUST-03078,Anthony Thomas,80,Non-Binary,77432,711,Savings,7012.86,0,0,0,Low,25,0,0
CUST-03079,Anthony Jones,83,Female,59221,686,Savings,9936.85,1,0,0,Medium,58.9,0,0
CUST-03080,Patricia Davis,22,Male,24245,728,Money Market,13878.76,1,0,1,Medium,33.7,0,0
CUST-03081,Charles Wilson,28,Male,42441,795,Savings,2370.31,0,0,0,Medium,43.5,1,0
CUST-03082,Michael Wilson,61,Male,43097,618,Standard Checking,14362.03,1,0,0,High,70.1,0,0
CUST-03083,Jennifer Lopez,19,Male,61187,646,Standard Checking,9052.69,1,1,0,High,71.1,0,0
CUST-03084,Jessica Taylor,57,Female,52908,593,Savings,4272.48,1,0,0,High,72,0,1
CUST-03085,Richard Wilson,54,Male,95339,785,Savings,7885.08,1,0,0,High,96.6,0,0
CUST-03086,Mark Miller,66,Female,59815,649,Standard Checking,11062.75,0,0,0,Medium,32.1,0,0
CUST-03087,Susan Anderson,53,Male,62055,696,Standard Checking,12326.68,0,0,0,Low,28.2,0,0
CUST-03088,Barbara Taylor,51,Male,29523,725,Premium Checking,29194.87,1,0,0,Medium,52.6,0,0
CUST-03089,William Anderson,75,Female,52841,780,Savings,5166.47,1,0,0,High,86.3,0,0
CUST-03090,Barbara Johnson,54,Male,44029,575,Savings,12276.9,1,0,0,Medium,60.6,0,0
CUST-03091,Robert Gonzalez,77,Female,17458,745,Standard Checking,12599.3,0,0,1,Low,11,0,0
CUST-03092,Anthony Martin,29,Female,25422,543,Savings,10325.76,1,1,0,High,94,0,0
CUST-03093,Daniel Davis,49,Female,70368,600,Savings,10267.64,1,0,0,High,99,0,0
CUST-03094,Anthony Wilson,21,Male,67957,664,Standard Checking,3807.4,1,0,0,High,74.5,0,0
CUST-03095,Joseph Hernandez,50,Male,36510,678,Savings,14343.94,1,0,0,Medium,31.5,0,0
CUST-03096,James Williams,60,Female,37076,786,Money Market,72255,0,0,0,High,76.9,0,0
CUST-03097,Thomas Jackson,26,Male,27812,683,Standard Checking,13082.53,0,1,0,Medium,55,0,0
CUST-03098,Susan Davis,68,Male,80410,677,Standard Checking,2973.66,1,0,0,Medium,55.2,0,0
CUST-03099,Richard Martin,37,Male,32705,693,Money Market,30473.69,1,0,0,High,78.3,0,0
CUST-03100,John Jones,56,Female,36856,759,Standard Checking,6710.94,1,0,0,None,0,0,0
CUST-03101,William Garcia,40,Male,81454,629,Money Market,44917.18,0,0,0,Low,18.6,0,0
CUST-03102,Matthew Johnson,58,Female,80641,565,Standard Checking,13485.36,0,1,0,High,79.7,0,0
CUST-03103,Richard Jones,61,Female,44807,686,Premium Checking,53656.54,1,0,0,High,88.1,0,0
CUST-03104,Margaret Davis,52,Male,49331,685,Standard Checking,4808.26,1,1,0,Medium,40,0,0
CUST-03105,Daniel Smith,40,Female,62037,667,Standard Checking,5554.7,0,0,0,Medium,58.9,0,0
CUST-03106,Karen Lopez,75,Male,39940,794,Standard Checking,11621.26,1,1,1,High,98.3,0,0
CUST-03107,Daniel Hernandez,65,Male,46634,739,Premium Checking,61589.82,1,0,0,Medium,48.8,0,0
CUST-03108,Michael Anderson,75,Male,44441,546,Standard Checking,5891.91,1,0,0,Medium,47.9,0,1
CUST-03109,Nancy Hernandez,74,Female,69115,644,Savings,5724.19,1,0,0,Medium,30.5,0,0
CUST-03110,Mark Thomas,56,Male,99557,714,Savings,13684.03,0,0,0,High,80,0,0
CUST-03111,John Martin,45,Male,86947,709,Savings,100.86,1,0,0,Medium,51.8,0,0
CUST-03112,Susan Williams,81,Female,81480,757,Savings,2148.71,1,0,1,None,0,0,1
CUST-03113,James Anderson,79,Male,28349,785,Premium Checking,19966.45,0,0,0,Medium,61.4,0,0
CUST-03114,James Taylor,79,Female,93541,708,Savings,9165.03,0,0,0,Low,24,0,0
CUST-03115,Mary Martin,43,Male,34956,722,Savings,1406.02,0,0,0,High,82.4,0,0
CUST-03116,Jennifer Davis,68,Female,20110,583,Standard Checking,7138.76,1,0,0,High,81.8,0,0
CUST-03117,Mark Thomas,67,Female,32061,632,Premium Checking,41594.63,1,0,1,High,88.8,0,0
CUST-03118,Charles Smith,53,Female,46822,641,Standard Checking,11350.35,1,0,0,Medium,47.7,0,0
CUST-03119,John Williams,43,Female,17699,580,Standard Checking,3876.66,1,0,0,Medium,67.6,0,1
CUST-03120,Robert Lopez,50,Female,69980,733,Standard Checking,6546.27,0,1,0,Medium,63.8,0,0
CUST-03121,Barbara Martin,85,Male,74315,688,Savings,7386.32,0,0,0,Medium,33,0,0
CUST-03122,Richard Martin,25,Female,40492,808,Standard Checking,11483.34,1,1,0,Low,16.1,0,0
CUST-03123,William Miller,83,Female,27363,725,Premium Checking,63770.48,1,1,0,High,89.8,0,0
CUST-03124,Patricia Jackson,40,Male,77774,702,Savings,4441.35,1,1,0,Medium,63.2,0,0
CUST-03125,Nancy Jackson,72,Female,30893,789,Savings,10905.17,1,0,0,Medium,69.1,0,0
CUST-03126,Jennifer Gonzalez,60,Male,21801,629,Standard Checking,14607.31,0,0,0,Medium,49,0,0
CUST-03127,David Gonzalez,38,Male,47466,552,Premium Checking,29129,1,0,0,Medium,60.2,0,0
CUST-03128,Richard Martin,39,Male,49677,745,Standard Checking,12238.44,1,0,0,Medium,63.6,0,0
CUST-03129,Joseph Gonzalez,26,Female,57338,709,Savings,8922.11,0,0,0,High,79.6,0,0
CUST-03130,Nancy Hernandez,51,Female,71965,670,Standard Checking,5741.03,1,0,0,Low,30,0,0
CUST-03131,Charles Davis,76,Female,76486,646,Standard Checking,11856.35,0,0,1,Medium,35.2,0,0
CUST-03132,Karen Davis,43,Male,26053,629,Standard Checking,4921.83,1,1,0,Low,9.8,0,0
CUST-03133,Elizabeth Thomas,18,Female,17690,679,Standard Checking,5059.89,1,0,0,High,89.5,0,0
CUST-03134,Charles Hernandez,22,Female,61688,694,Standard Checking,7531.82,0,0,0,Low,20.8,0,0
CUST-03135,Richard Rodriguez,58,Male,50252,728,Savings,6892.68,1,1,0,Low,18.2,0,0
CUST-03136,Karen Jackson,80,Female,38988,579,Standard Checking,2038.71,1,0,0,Low,26.2,0,1
CUST-03137,Jessica Miller,39,Male,45596,757,Savings,427.37,1,0,0,High,91.2,0,0
CUST-03138,Charles Lopez,85,Male,32268,666,Premium Checking,9390.16,0,0,0,Low,19,0,0
CUST-03139,Joseph Wilson,65,Female,116260,684,Standard Checking,5057.16,1,0,0,Medium,43.4,0,0
CUST-03140,David Martinez,83,Male,17931,628,Standard Checking,7874.07,0,0,0,High,97.4,0,0
CUST-03141,Anthony Hernandez,33,Female,60574,712,Standard Checking,3121.98,1,0,0,Low,14.1,0,0
CUST-03142,Jennifer Johnson,70,Female,25782,808,Standard Checking,8537.52,1,0,0,Low,22.6,0,0
CUST-03143,David Jackson,82,Male,35224,735,Savings,4999.27,1,1,1,Medium,35.6,0,0
CUST-03144,Jennifer Wilson,81,Male,39357,649,Savings,9180.74,0,0,0,Medium,41.7,0,0
CUST-03145,Karen Garcia,85,Female,30006,557,Standard Checking,10169.18,1,0,0,High,96.2,0,0
CUST-03146,Thomas Martinez,80,Male,43767,637,Premium Checking,68642.95,0,0,0,None,0,0,0
CUST-03147,Margaret Smith,79,Female,13172,641,Standard Checking,6496.2,1,1,0,Medium,55.8,0,0
CUST-03148,John Davis,62,Female,22775,709,Standard Checking,10903.18,1,0,0,Medium,31.6,0,0
CUST-03149,Linda Martin,69,Female,19390,634,Money Market,126700.16,0,0,0,Medium,67.8,0,0
CUST-03150,Nancy Anderson,82,Female,26618,625,Savings,5742.71,1,0,0,Medium,66,0,0
CUST-03151,Lisa Miller,19,Male,32933,655,Standard Checking,12323.34,1,0,1,Medium,69.8,0,0
CUST-03152,David Miller,66,Male,48872,676,Savings,9771.78,0,0,0,High,72.9,0,0
CUST-03153,Mark Brown,39,Male,35536,657,Standard Checking,14838.43,1,0,0,Medium,30.1,0,0
CUST-03154,Matthew Lopez,46,Female,31734,651,Savings,7712.21,0,0,0,Medium,56.8,0,0
CUST-03155,Betty Garcia,52,Male,37722,584,Money Market,23615.66,1,0,0,None,0,0,0
CUST-03156,Susan Lopez,41,Female,34576,711,Standard Checking,13793.87,0,0,1,High,71.4,0,0
CUST-03157,David Jackson,47,Female,40713,607,Standard Checking,6081.81,1,0,0,Medium,33.8,0,0
CUST-03158,Christopher Jones,59,Male,41480,743,Money Market,130628.39,0,0,1,High,96.3,0,0
CUST-03159,Susan Thomas,67,Male,33193,757,Standard Checking,12395.39,0,0,0,Low,7.5,0,0
CUST-03160,Matthew Gonzalez,77,Female,22302,593,Premium Checking,5634.23,1,0,0,Medium,49.2,0,0
CUST-03161,Matthew Martin,47,Male,47858,801,Standard Checking,6655.27,0,0,1,Low,21.2,0,0
CUST-03162,Nancy Brown,29,Female,74447,757,Savings,4363.7,1,0,0,High,94.4,0,0
CUST-03163,David Taylor,66,Female,28844,691,Standard Checking,14433.91,0,0,0,Medium,31.7,0,0
CUST-03164,Michael Wilson,63,Female,46408,610,Premium Checking,56849.92,1,0,0,Low,15.4,0,0
CUST-03165,Betty Hernandez,60,Female,39267,500,Savings,7014.42,1,0,1,High,82.4,0,1
CUST-03166,Margaret Rodriguez,19,Female,65517,680,Money Market,101119.24,1,0,0,Medium,34.8,0,0
CUST-03167,Daniel Gonzalez,71,Female,31771,688,Standard Checking,1960.29,1,0,0,Medium,40.3,0,0
CUST-03168,Daniel Moore,52,Male,44004,742,Standard Checking,7192.42,0,0,0,High,82.1,0,0
CUST-03169,Margaret Hernandez,69,Female,46081,542,Savings,13415.49,1,0,1,High,98.5,0,0
CUST-03170,Joseph Jackson,50,Male,55674,749,Standard Checking,13044.28,1,0,0,Medium,43.3,0,0
CUST-03171,James Brown,68,Male,28264,758,Savings,1787.44,1,0,0,Low,28.7,0,0
CUST-03172,Susan Wilson,43,Female,57068,709,Savings,7314.02,1,0,1,Medium,34.1,0,0
CUST-03173,John Taylor,79,Female,37558,585,Premium Checking,42844.85,0,0,0,High,82.3,0,0
CUST-03174,John Thomas,78,Female,63393,663,Money Market,57785.06,1,0,1,High,79.5,0,0
CUST-03175,Susan Martin,43,Male,40178,599,Standard Checking,14018.13,1,0,1,Low,26.3,0,0
CUST-03176,Mark Gonzalez,54,Female,91715,588,Standard Checking,3086.94,0,0,0,Medium,42.4,0,1
CUST-03177,Joseph Wilson,47,Male,21924,598,Money Market,95629.32,1,1,0,Low,11.6,0,0
CUST-03178,Lisa Jackson,28,Male,64324,695,Premium Checking,60999.88,0,0,0,Medium,67.1,0,0
CUST-03179,Jennifer Martinez,70,Female,57325,621,Premium Checking,66057.66,1,1,0,Medium,34.8,0,0
CUST-03180,Anthony Anderson,58,Male,61729,663,Standard Checking,5055.67,1,0,0,Low,18.7,0,0
CUST-03181,Christopher Martin,22,Male,82998,726,Savings,3423.6,1,0,1,High,91.5,0,0
CUST-03182,Betty Garcia,83,Female,19951,679,Savings,8103.6,1,1,0,Medium,53.8,0,0
CUST-03183,Daniel Martinez,30,Male,144823,652,Standard Checking,7969.59,1,0,1,None,0,0,1
CUST-03184,Michael Taylor,80,Female,63543,670,Standard Checking,12266.44,0,0,1,None,0,1,0
CUST-03185,Sarah Taylor,42,Female,128624,792,Standard Checking,6221.64,1,0,0,Medium,33.9,0,0
CUST-03186,William Martinez,61,Female,124562,770,Savings,3790.85,1,0,0,High,86.2,0,0
CUST-03187,Elizabeth Miller,31,Male,60726,508,Standard Checking,12469.65,0,0,0,High,79.8,0,1
CUST-03188,Jessica Moore,76,Male,55766,646,Money Market,147807.11,0,0,0,High,70.7,0,0
CUST-03189,Jennifer Martin,73,Male,71307,681,Premium Checking,65959.3,1,0,1,None,0,0,0
CUST-03190,James Smith,69,Female,15669,824,Premium Checking,20387.04,0,0,1,Medium,59.3,1,0
CUST-03191,Barbara Johnson,83,Male,46909,667,Standard Checking,6925.04,1,0,0,Medium,31.5,0,0
CUST-03192,Patricia Taylor,85,Male,79574,651,Standard Checking,12694.34,0,0,0,Medium,44.6,0,0
CUST-03193,Patricia Hernandez,29,Non-Binary,105241,663,Standard Checking,9044.67,1,0,0,Medium,59.6,0,0
CUST-03194,Nancy Brown,85,Male,41888,671,Standard Checking,11877.67,1,0,0,High,70.2,0,0
CUST-03195,James Miller,60,Female,58707,695,Standard Checking,6979.81,0,1,1,Medium,64.5,0,0
CUST-03196,Sandra Moore,23,Female,65268,705,Standard Checking,14707.06,1,0,1,Medium,56.8,0,0
CUST-03197,William Williams,32,Female,47045,666,Savings,12006.87,1,1,0,High,76.1,0,0
CUST-03198,Linda Jackson,59,Female,30736,809,Standard Checking,8999.09,1,1,0,High,98.8,0,0
CUST-03199,Patricia Moore,48,Female,35198,682,Savings,12201.68,0,0,0,None,0,0,0
CUST-03200,Karen Hernandez,70,Female,29076,761,Standard Checking,4839.11,1,0,0,High,77.9,0,0
CUST-03201,Anthony Wilson,23,Female,23012,685,Standard Checking,14662.79,0,0,0,Medium,39.8,0,0
CUST-03202,Matthew Moore,50,Male,45033,650,Savings,6254.07,1,0,1,Medium,65.2,0,0
CUST-03203,Margaret Thomas,46,Male,148505,712,Savings,5587.29,1,0,0,High,72.9,0,0
CUST-03204,John Anderson,38,Male,55451,511,Standard Checking,11824.11,1,0,0,High,85.4,0,1
CUST-03205,Anthony Brown,71,Male,42468,668,Money Market,59639.12,0,0,0,Medium,30.4,0,0
CUST-03206,Robert Taylor,73,Female,59067,475,Savings,11536.09,1,0,0,High,77.2,0,1
CUST-03207,Michael Thomas,38,Female,32437,594,Premium Checking,28504.7,0,0,1,Medium,36.1,0,0
CUST-03208,Susan Thomas,72,Female,21366,624,Standard Checking,9566.57,0,0,1,None,0,0,1
CUST-03209,Michael Rodriguez,75,Male,34731,678,Standard Checking,12675.49,1,0,1,None,0,0,0
CUST-03210,Patricia Hernandez,81,Male,27857,703,Standard Checking,10910.04,0,0,0,Medium,57.2,0,0
CUST-03211,Mary Lopez,63,Female,19449,563,Standard Checking,8683.17,1,0,0,Low,6.1,0,0
CUST-03212,Barbara Brown,39,Male,37231,645,Standard Checking,11429.22,1,0,0,Medium,68.6,0,0
CUST-03213,Sarah Miller,77,Female,62571,655,Savings,7492.55,0,0,0,None,0,0,1
CUST-03214,Mark Smith,28,Female,59714,823,Premium Checking,7871.5,1,0,0,Medium,31.2,1,0
CUST-03215,Betty Gonzalez,64,Female,56141,675,Savings,5127.81,0,0,0,High,80.7,0,0
CUST-03216,Jennifer Garcia,48,Male,112947,590,Standard Checking,12715.03,0,0,0,Medium,34.1,0,0
CUST-03217,Barbara Davis,35,Male,37190,739,Standard Checking,4524.84,1,0,0,Medium,55.4,0,0
CUST-03218,Lisa Jackson,39,Male,60864,661,Standard Checking,3807.95,0,0,0,Medium,49.5,0,0
CUST-03219,Robert Moore,73,Female,40369,732,Savings,3332.69,1,0,1,Medium,33.5,0,0
CUST-03220,Sandra Jones,34,Female,99801,750,Premium Checking,48050.68,1,1,0,High,86.5,0,0
CUST-03221,Sandra Martinez,55,Male,32720,620,Standard Checking,3032.31,0,0,0,Medium,30.8,0,0
CUST-03222,James Martinez,42,Male,71087,651,Standard Checking,13020.03,1,0,1,High,75.8,0,0
CUST-03223,Robert Lopez,49,Female,55541,653,Money Market,103775.6,1,0,0,High,99.6,0,0
CUST-03224,Nancy Miller,32,Male,90189,741,Premium Checking,30928.14,1,0,0,Medium,56.2,0,0
CUST-03225,William Lopez,30,Female,49248,793,Standard Checking,2155.33,0,0,0,High,97.7,0,0
CUST-03226,Daniel Smith,75,Male,43550,796,Standard Checking,273.89,1,1,0,High,90.7,0,0
CUST-03227,David Anderson,67,Female,40999,665,Standard Checking,1264.98,1,0,0,Medium,47.7,0,0
CUST-03228,Mary Martin,28,Female,45405,787,Savings,10172.98,1,0,0,Medium,45.1,0,0
CUST-03229,Michael Lopez,30,Female,19290,706,Standard Checking,1594.51,0,0,0,Medium,54.9,0,0
CUST-03230,Nancy Moore,67,Male,37772,654,Savings,7109.22,1,0,0,Medium,65,0,0
CUST-03231,John Miller,55,Male,36642,624,Savings,12055,1,0,0,High,79,0,0
CUST-03232,David Moore,18,Female,27717,713,Standard Checking,5396.98,1,0,0,High,75.3,1,0
CUST-03233,Barbara Garcia,56,Female,37029,791,Standard Checking,753.29,0,0,0,None,0,0,0
CUST-03234,Robert Smith,44,Female,31289,765,Standard Checking,13256.91,1,1,0,Medium,31.9,0,0
CUST-03235,Barbara Hernandez,53,Male,37922,624,Standard Checking,10638.48,1,0,0,High,90,0,0
CUST-03236,Patricia Moore,49,Male,66985,704,Savings,576.33,0,0,0,Low,9.5,0,0
CUST-03237,Patricia Taylor,58,Female,67069,620,Standard Checking,4901.18,1,0,0,Medium,35.1,0,0
CUST-03238,Mary Johnson,32,Male,107940,694,Standard Checking,5616.25,1,0,0,Medium,69.7,0,0
CUST-03239,Barbara Garcia,48,Male,57185,712,Standard Checking,13036.7,1,0,0,Low,14.6,0,0
CUST-03240,Elizabeth Thomas,23,Male,22920,701,Standard Checking,1333.49,1,0,0,Medium,53.3,0,0
CUST-03241,Susan Miller,69,Female,41580,749,Standard Checking,11560.8,0,0,0,Medium,63.6,0,0
CUST-03242,Margaret Jackson,39,Male,35613,629,Standard Checking,14613.5,1,0,0,High,71,0,0
CUST-03243,Daniel Taylor,48,Female,29995,773,Savings,5814.58,1,1,0,Medium,51.1,0,0
CUST-03244,William Gonzalez,63,Male,83823,654,Standard Checking,405.24,1,0,0,High,83.5,0,0
CUST-03245,Nancy Jones,84,Male,61528,600,Standard Checking,3640.22,0,0,0,Medium,54.5,0,1
CUST-03246,Daniel Jones,60,Female,50775,750,Standard Checking,1944.41,0,1,0,Medium,62.1,0,0
CUST-03247,Elizabeth Martinez,18,Male,23341,712,Standard Checking,11845.87,1,1,1,High,99.4,0,0
CUST-03248,Anthony Miller,61,Male,47053,747,Savings,5303.29,1,0,1,High,73.2,0,0
CUST-03249,Betty Anderson,74,Female,156866,690,Standard Checking,13479.97,1,0,0,Medium,57.8,0,0
CUST-03250,Michael Anderson,26,Male,32260,527,Savings,13713.09,1,1,0,Medium,61.4,0,0
CUST-03251,John Jackson,22,Male,43956,621,Premium Checking,44721.27,1,0,0,Medium,63.6,0,0
CUST-03252,Elizabeth Anderson,26,Female,98165,688,Premium Checking,62147.17,0,0,0,None,0,0,0
CUST-03253,John Garcia,62,Female,39367,675,Money Market,79772.85,1,0,1,High,77.4,0,0
CUST-03254,Barbara Anderson,41,Male,38953,806,Savings,1339.71,1,0,0,High,74.2,0,0
CUST-03255,Jennifer Gonzalez,59,Male,43723,624,Premium Checking,25650.32,0,0,0,Low,9.1,0,0
CUST-03256,Mark Jackson,39,Male,58296,740,Standard Checking,782.66,1,0,0,High,87.8,0,0
CUST-03257,John Davis,77,Female,30705,720,Savings,6682.59,1,0,0,Medium,68.1,0,0
CUST-03258,Linda Martin,54,Female,77781,511,Standard Checking,7711.24,1,0,0,Medium,34.8,0,1
CUST-03259,Joseph Brown,56,Male,40247,678,Standard Checking,8263.36,1,0,0,None,0,0,1
CUST-03260,Charles Williams,70,Female,54347,687,Premium Checking,11637.62,1,0,1,Low,26.5,0,0
CUST-03261,Richard Davis,45,Female,39800,771,Standard Checking,3137.26,1,0,0,Medium,68.9,0,0
CUST-03262,Daniel Thomas,32,Male,25140,559,Savings,6643.59,0,0,0,Medium,57.4,0,1
CUST-03263,Richard Williams,77,Male,16352,734,Standard Checking,4151.45,1,0,0,Low,7.6,1,0
CUST-03264,Jessica Rodriguez,77,Male,54959,707,Standard Checking,8875.87,1,0,0,Medium,64.9,1,0
CUST-03265,Margaret Wilson,23,Female,19773,772,Savings,8394.3,0,0,1,High,96.7,0,0
CUST-03266,Richard Miller,69,Female,71840,635,Standard Checking,11823.75,1,1,1,High,87.5,0,0
CUST-03267,Joseph Miller,29,Male,52238,734,Standard Checking,2703.55,0,0,0,Medium,52.6,0,0
CUST-03268,Jennifer Johnson,36,Female,134874,602,Standard Checking,12250.49,1,0,0,Low,18.8,0,0
CUST-03269,William Taylor,19,Female,36612,824,Savings,5260.31,0,0,0,Medium,42.6,0,0
CUST-03270,Robert Lopez,72,Male,116695,650,Savings,8552.27,0,0,1,Medium,67.2,0,0
CUST-03271,James Martinez,32,Male,42385,575,Standard Checking,3464.56,1,0,0,Medium,44.3,0,1
CUST-03272,David Thomas,81,Female,78005,619,Standard Checking,7188.65,1,0,0,Medium,49.3,0,0
CUST-03273,Susan Davis,32,Male,64398,747,Money Market,83454.13,0,0,0,High,71.2,0,0
CUST-03274,Lisa Taylor,60,Male,19593,677,Money Market,111264.54,0,0,0,Medium,59.9,0,0
CUST-03275,Matthew Moore,34,Male,242012,750,Premium Checking,64099.6,1,0,0,High,77.1,0,0
CUST-03276,Barbara Taylor,41,Male,110112,790,Savings,9036.23,1,0,0,Medium,39.4,0,0
CUST-03277,Margaret Wilson,47,Female,59801,748,Savings,11278.89,0,0,0,High,76.7,0,0
CUST-03278,Jessica Wilson,84,Male,95263,745,Standard Checking,13231.57,1,0,0,Low,23.2,1,0
CUST-03279,William Brown,68,Female,56216,610,Standard Checking,12274.02,1,0,0,Medium,66,1,0
CUST-03280,Matthew Hernandez,77,Male,76346,626,Savings,13422.84,1,0,0,Medium,54.9,0,0
CUST-03281,Jennifer Anderson,20,Female,53013,597,Standard Checking,9236.21,0,0,0,Low,18,0,0
CUST-03282,Robert Hernandez,22,Male,29123,682,Standard Checking,825.26,1,1,0,High,89.6,0,0
CUST-03283,Matthew Moore,45,Female,46590,814,Standard Checking,14560.08,1,0,0,High,84.7,0,0
CUST-03284,Sandra Gonzalez,28,Female,37733,662,Standard Checking,11681.96,0,0,0,High,87.5,0,0
CUST-03285,David Wilson,32,Female,67249,802,Premium Checking,56522.77,0,0,0,High,70.9,0,0
CUST-03286,Margaret Moore,65,Female,28942,567,Premium Checking,7361.82,0,0,0,High,84.3,0,0
CUST-03287,Anthony Jackson,63,Male,52780,648,Premium Checking,55900.82,1,0,0,Medium,61.3,0,0
CUST-03288,Lisa Anderson,45,Female,24227,615,Standard Checking,206.49,1,0,0,Low,14,0,1
CUST-03289,William Davis,24,Female,72072,710,Savings,6555.97,1,0,0,High,91.2,0,0
CUST-03290,Karen Smith,23,Female,26649,705,Savings,14602.38,0,0,0,High,72.9,0,0
CUST-03291,Patricia Wilson,75,Female,66292,563,Premium Checking,42976.66,1,0,1,Medium,63.7,0,0
CUST-03292,Matthew Johnson,85,Male,51998,621,Savings,5914.67,1,0,0,None,0,0,1
CUST-03293,Jessica Williams,72,Male,82570,760,Premium Checking,62451.38,1,0,0,None,0,0,0
CUST-03294,Betty Davis,84,Female,45448,747,Premium Checking,59799.04,1,0,0,Low,28.9,1,0
CUST-03295,Jennifer Thomas,66,Female,73641,621,Standard Checking,14652.28,1,0,0,High,86.6,0,0
CUST-03296,Lisa Thomas,68,Male,52809,627,Standard Checking,2041.83,1,0,0,Medium,48.2,0,0
CUST-03297,Michael Gonzalez,76,Female,60726,671,Savings,10442.78,0,0,1,High,98.2,0,0
CUST-03298,Richard Jones,23,Female,20012,618,Standard Checking,6799.49,1,1,0,Low,22.7,0,0
CUST-03299,Matthew Martin,68,Female,35531,708,Standard Checking,2330.76,0,0,0,Medium,53.5,0,0
CUST-03300,Nancy Moore,55,Male,45182,665,Premium Checking,37430.1,1,0,0,Medium,37.8,0,0
CUST-03301,Joseph Moore,28,Male,97262,748,Standard Checking,8941.36,1,0,0,Medium,56.8,0,0
CUST-03302,Mary Martinez,69,Male,58275,662,Savings,2737.29,0,0,0,High,93.5,0,0
CUST-03303,Daniel Gonzalez,37,Female,20755,742,Savings,6941.6,0,0,0,Medium,51.2,0,0
CUST-03304,Sarah Anderson,27,Female,61017,643,Premium Checking,37050.03,0,0,0,Medium,55.8,0,0
CUST-03305,Barbara Anderson,43,Female,31614,645,Savings,1755.49,1,0,1,Low,15.1,0,0
CUST-03306,Richard Moore,65,Female,33019,676,Savings,14634.15,1,0,0,High,85.5,0,0
CUST-03307,Joseph Hernandez,31,Female,47616,571,Standard Checking,172.96,1,0,0,High,95.4,0,1
CUST-03308,Charles Williams,76,Female,56294,674,Savings,9361.08,0,0,0,Medium,30.4,0,0
CUST-03309,Michael Wilson,29,Male,33228,756,Savings,8445.58,0,0,0,Medium,52.8,0,0
CUST-03310,Susan Gonzalez,40,Male,20467,599,Standard Checking,220.49,1,0,1,High,86.5,0,1
CUST-03311,Barbara Rodriguez,56,Male,44865,749,Savings,9324.51,1,0,1,High,83.7,0,0
CUST-03312,James Jackson,26,Male,43828,685,Savings,11962.26,0,0,0,Medium,56.9,0,0
CUST-03313,David Jackson,42,Male,100386,692,Standard Checking,923.94,1,0,0,High,79.4,0,0
CUST-03314,Sarah Lopez,34,Male,50078,708,Standard Checking,7551.2,0,0,0,Medium,34.2,0,0
CUST-03315,Daniel Smith,59,Male,88380,659,Money Market,80189.75,0,0,0,Medium,44.8,0,0
CUST-03316,Charles Martin,46,Female,141219,704,Standard Checking,11905.43,1,0,0,Low,9.7,0,0
CUST-03317,Mark Taylor,77,Male,28180,663,Standard Checking,12350.9,1,0,0,High,95.4,0,0
CUST-03318,Robert Williams,84,Female,102262,638,Premium Checking,15710.79,1,1,0,High,70.8,1,0
CUST-03319,Mary Williams,74,Female,78137,762,Money Market,129606.5,1,0,1,None,0,0,0
CUST-03320,Linda Thomas,31,Female,16170,592,Standard Checking,10823.64,1,0,0,None,0,0,1
CUST-03321,Jennifer Gonzalez,56,Female,44623,645,Savings,4157.57,1,0,0,Medium,54.2,0,0
CUST-03322,Sandra Thomas,33,Female,69757,737,Standard Checking,14629.19,1,0,0,Medium,59,0,0
CUST-03323,Margaret Thomas,35,Female,58042,615,Standard Checking,10788.81,1,0,0,Low,27.5,0,0
CUST-03324,John Gonzalez,37,Male,112281,667,Money Market,74282.35,1,0,0,Medium,58,0,0
CUST-03325,Susan Davis,63,Male,65850,583,Savings,10426.38,1,0,0,Medium,45.5,0,0
CUST-03326,Barbara Davis,62,Male,23983,650,Standard Checking,1994.54,1,0,0,Low,12.7,0,0
CUST-03327,Christopher Rodriguez,21,Female,72860,579,Standard Checking,3923.72,1,0,0,High,87,0,1
CUST-03328,James Garcia,37,Male,27679,629,Standard Checking,6378.42,1,0,1,High,88.9,0,0
CUST-03329,Daniel Jackson,28,Female,37186,691,Premium Checking,22057.15,1,0,0,High,74.4,0,0
CUST-03330,Daniel Hernandez,82,Male,84894,676,Standard Checking,9701.82,0,0,0,Low,7.5,0,0
CUST-03331,David Gonzalez,35,Female,80240,756,Standard Checking,8709.47,1,0,0,Low,6.2,0,0
CUST-03332,David Moore,56,Female,49969,730,Premium Checking,61233.51,1,0,1,High,78.2,0,0
CUST-03333,Daniel Anderson,61,Male,34123,654,Money Market,49756.7,1,0,1,Medium,52.1,0,0
CUST-03334,James Miller,35,Male,44352,746,Standard Checking,12807.59,1,0,0,None,0,0,0
CUST-03335,Daniel Gonzalez,64,Female,46346,670,Premium Checking,7212,1,0,0,Low,23.2,0,0
CUST-03336,Barbara Moore,48,Female,36925,632,Standard Checking,3336.86,0,0,0,Medium,48.6,0,0
CUST-03337,Lisa Jackson,56,Male,86486,593,Savings,4817.43,1,1,0,Medium,61.5,0,0
CUST-03338,Joseph Davis,55,Female,39826,782,Standard Checking,11051.76,1,0,0,Medium,56.1,0,0
CUST-03339,Charles Martinez,64,Male,43007,769,Savings,6113.07,1,0,0,None,0,0,0
CUST-03340,Michael Moore,25,Male,43600,665,Savings,6739.55,0,0,0,High,88,0,0
CUST-03341,Jessica Martin,82,Male,69466,674,Money Market,13261.29,0,0,1,High,78.2,0,0
CUST-03342,Anthony Garcia,30,Female,55667,663,Standard Checking,546.43,0,0,1,None,0,0,1
CUST-03343,Anthony Rodriguez,72,Male,54673,546,Money Market,132185.19,0,0,0,Medium,55,0,0
CUST-03344,Christopher Gonzalez,60,Male,30597,672,Premium Checking,51127.2,1,0,0,Medium,54.3,0,0
CUST-03345,Matthew Davis,21,Female,55126,530,Savings,3380.5,1,0,0,High,85.7,0,1
CUST-03346,Jessica Gonzalez,77,Female,71185,597,Standard Checking,14721.92,1,0,0,High,81.9,0,0
CUST-03347,Richard Taylor,29,Female,41266,679,Standard Checking,1518.13,1,0,1,High,75.1,0,0
CUST-03348,Daniel Martin,76,Male,52730,736,Standard Checking,13264.89,1,0,0,Medium,64.5,0,0
CUST-03349,Robert Taylor,71,Male,77682,562,Premium Checking,43979.26,1,0,0,Low,28.2,0,0
CUST-03350,Margaret Rodriguez,61,Non-Binary,32836,668,Standard Checking,11065.19,0,0,0,Medium,48.3,0,0
CUST-03351,Mary Moore,33,Female,33068,674,Savings,9567.69,0,0,0,Medium,34.5,0,0
CUST-03352,William Garcia,23,Female,46153,668,Premium Checking,40820.81,0,0,0,Medium,40.6,0,0
CUST-03353,David Garcia,31,Female,72404,703,Standard Checking,1345.64,0,1,0,Medium,36.2,0,0
CUST-03354,Jennifer Gonzalez,75,Female,11036,733,Money Market,52353.29,1,0,0,Low,21.3,0,0
CUST-03355,David Wilson,48,Male,44453,683,Standard Checking,4934.62,1,0,0,Medium,58.7,0,0
CUST-03356,Mary Davis,58,Male,34463,787,Standard Checking,3814.61,0,1,0,Medium,30.5,0,0
CUST-03357,John Williams,52,Male,58613,664,Standard Checking,9387.15,0,0,0,High,76.4,1,0
CUST-03358,James Jackson,27,Male,46667,608,Premium Checking,26429.3,0,0,1,Medium,35.3,0,0
CUST-03359,Sarah Taylor,47,Female,86802,806,Savings,3657.54,1,0,0,High,95.4,0,0
CUST-03360,Karen Gonzalez,61,Male,67836,850,Savings,8314.17,0,0,1,High,91.9,0,0
CUST-03361,John Smith,72,Female,43747,721,Standard Checking,11706.71,1,1,1,Medium,51.1,0,0
CUST-03362,Patricia Gonzalez,35,Female,29460,520,Savings,13040.24,1,0,0,Medium,31.4,0,0
CUST-03363,Thomas Hernandez,56,Non-Binary,58383,698,Standard Checking,6425.6,1,0,0,High,83.4,0,0
CUST-03364,Mary Thomas,59,Female,42206,631,Standard Checking,14641.53,1,0,0,Low,28.1,0,0
CUST-03365,Mary Jackson,71,Female,44258,784,Premium Checking,24195.74,1,0,0,High,86.6,0,0
CUST-03366,Daniel Jackson,47,Female,27413,679,Savings,6067.05,1,1,1,Low,22,0,0
CUST-03367,Matthew Thomas,37,Female,52908,632,Standard Checking,5902.92,1,0,0,High,88.3,0,0
CUST-03368,Nancy Jackson,59,Female,38037,703,Savings,6625.36,1,1,0,Medium,33.2,0,0
CUST-03369,William Smith,22,Female,39995,770,Standard Checking,11220.58,1,1,0,High,90.7,0,0
CUST-03370,Elizabeth Jackson,67,Female,8030,622,Savings,4831.08,1,1,0,Medium,63.3,0,0
CUST-03371,James Johnson,58,Male,49846,734,Standard Checking,1578.63,0,0,0,Medium,60.9,0,0
CUST-03372,Jessica Lopez,56,Male,30463,547,Money Market,89803.18,1,0,0,Medium,36,0,0
CUST-03373,Linda Moore,74,Male,63448,673,Standard Checking,9272.03,1,0,0,Low,27.2,0,0
CUST-03374,Mary Gonzalez,74,Male,50794,583,Standard Checking,14107.91,0,0,0,Medium,31.4,0,0
CUST-03375,Jennifer Garcia,54,Male,23509,620,Standard Checking,2062.26,0,0,1,High,81.2,0,0
CUST-03376,William Thomas,24,Female,46546,763,Savings,8024.6,0,1,0,High,82,0,0
CUST-03377,David Miller,22,Female,54582,655,Standard Checking,3284.02,0,0,0,Medium,55.7,0,0
CUST-03378,Elizabeth Martinez,68,Male,139152,628,Standard Checking,11355.85,0,0,0,Medium,49.9,0,0
CUST-03379,Sandra Martin,25,Female,66150,762,Standard Checking,5339.54,1,0,0,High,98.4,0,0
CUST-03380,Sarah Martin,73,Female,25702,720,Standard Checking,9587.29,1,1,1,Low,29.3,0,0
CUST-03381,Mark Rodriguez,28,Female,129519,548,Savings,2627.44,1,1,0,Low,28.4,0,1
CUST-03382,Joseph Brown,39,Female,42725,675,Money Market,91254.94,1,0,0,Medium,53.8,0,0
CUST-03383,Linda Rodriguez,28,Male,42633,684,Savings,278.28,0,0,0,High,74.3,0,0
CUST-03384,Richard Rodriguez,77,Male,129436,734,Savings,12619.15,1,0,0,Medium,49.5,0,0
CUST-03385,Betty Brown,32,Female,35802,660,Premium Checking,12650.64,1,0,0,High,89.1,0,0
CUST-03386,Thomas Thomas,55,Male,45316,815,Savings,3346.62,1,0,0,Medium,48.1,0,0
CUST-03387,Joseph Williams,18,Male,21684,700,Savings,5051.56,1,0,0,High,86.7,0,0
CUST-03388,Matthew Martin,63,Female,48072,569,Standard Checking,2292.15,1,1,1,High,82.2,0,1
CUST-03389,Robert Jones,60,Female,45454,653,Standard Checking,10111.51,0,0,1,Medium,51.7,0,0
CUST-03390,Karen Anderson,39,Male,40178,756,Premium Checking,69713.04,1,0,1,Medium,46.1,0,0
CUST-03391,Sarah Anderson,20,Male,53058,659,Money Market,131535.51,0,0,0,Low,14,0,0
CUST-03392,Mary Gonzalez,31,Male,32548,687,Standard Checking,13425.62,1,0,0,Low,18.9,0,0
CUST-03393,Patricia Martinez,19,Male,101953,677,Money Market,104786.63,0,0,0,High,90.4,0,0
CUST-03394,Richard Martinez,78,Female,49473,509,Standard Checking,4010.29,1,0,0,High,94.3,0,1
CUST-03395,Mark Rodriguez,49,Male,33358,651,Premium Checking,56493.05,1,0,1,Low,26,0,0
CUST-03396,Linda Williams,55,Female,24434,648,Standard Checking,6162.37,1,0,0,Medium,40,0,0
CUST-03397,Jessica Wilson,63,Female,50194,795,Premium Checking,23995.65,1,0,0,High,95.3,0,0
CUST-03398,William Hernandez,59,Female,77592,772,Money Market,102944.24,0,0,0,Low,25.4,0,0
CUST-03399,John Jones,23,Female,58576,597,Savings,1482.32,1,0,0,Low,10.2,0,1
CUST-03400,Mark Martinez,58,Male,132290,575,Standard Checking,3538.12,0,0,0,Medium,63.7,0,1
CUST-03401,Richard Brown,42,Female,133732,730,Savings,761.75,1,0,0,Low,22.5,0,0
CUST-03402,Lisa Gonzalez,28,Female,25858,680,Premium Checking,7363.57,1,0,0,Medium,48.9,0,0
CUST-03403,Barbara Jones,58,Female,23263,691,Money Market,43188.96,0,0,0,Medium,35.9,0,0
CUST-03404,Elizabeth Rodriguez,74,Male,33360,598,Standard Checking,9273.95,0,0,0,Medium,41.6,0,0
CUST-03405,Karen Miller,63,Male,69750,675,Premium Checking,50552.45,1,0,0,Medium,60.2,0,0
CUST-03406,Mary Miller,65,Male,59575,631,Savings,8776.23,0,0,0,High,75.4,0,0
CUST-03407,Linda Miller,80,Female,81258,600,Money Market,82253.16,0,0,0,High,93.2,0,0
CUST-03408,Christopher Wilson,56,Female,29207,655,Savings,277.08,0,0,0,Medium,57.7,0,0
CUST-03409,Betty Jackson,27,Female,20192,667,Money Market,31446.52,1,0,1,High,94.3,0,0
CUST-03410,Robert Moore,82,Female,36472,593,Premium Checking,48778.65,0,0,0,High,92.7,0,0
CUST-03411,Karen Lopez,76,Male,65728,653,Savings,5687.59,1,0,0,High,84,1,0
CUST-03412,Daniel Taylor,53,Female,53148,630,Standard Checking,1755.74,1,0,0,Low,26,0,0
CUST-03413,Richard Johnson,44,Female,91381,666,Premium Checking,53148.97,1,0,0,Low,14.5,0,0
CUST-03414,Matthew Gonzalez,72,Male,34338,650,Standard Checking,1551.45,1,0,1,Low,18.7,0,0
CUST-03415,Betty Miller,70,Female,80642,796,Standard Checking,8613.1,1,0,0,None,0,1,0
CUST-03416,Margaret Martinez,77,Female,36186,696,Savings,13521.35,1,0,0,High,94.2,0,0
CUST-03417,Daniel Garcia,78,Male,72343,645,Standard Checking,372,0,0,0,Low,11.2,0,0
CUST-03418,John Williams,53,Female,71747,749,Standard Checking,989.61,1,0,0,Medium,63.3,0,0
CUST-03419,Sarah Hernandez,44,Female,107785,533,Standard Checking,2485.09,1,1,0,High,75.8,0,1
CUST-03420,Nancy Martin,58,Male,25095,719,Savings,14597.6,1,0,0,Low,22.8,0,0
CUST-03421,Robert Jackson,45,Female,97895,694,Premium Checking,10695.77,0,0,1,Medium,49.2,1,0
CUST-03422,Nancy Jackson,33,Male,61266,700,Savings,7068.05,1,0,0,Medium,36.3,0,0
CUST-03423,Sandra Anderson,52,Female,50522,643,Standard Checking,675.84,1,0,0,Low,13.5,0,0
CUST-03424,Sandra Thomas,53,Male,45859,738,Premium Checking,17883.93,0,1,1,High,71.2,0,0
CUST-03425,Lisa Rodriguez,73,Male,47268,704,Premium Checking,19224.07,0,0,0,Medium,30.2,0,0
CUST-03426,Patricia Anderson,36,Male,49996,740,Savings,11355.58,0,0,0,Medium,40.1,0,0
CUST-03427,Matthew Lopez,74,Male,21929,618,Standard Checking,8470.86,1,0,1,Medium,58.8,0,0
CUST-03428,Daniel Williams,50,Male,55382,757,Standard Checking,3770.49,1,1,0,Medium,45.6,0,0
CUST-03429,Daniel Wilson,40,Male,52876,642,Savings,2724.32,0,0,0,High,91.2,0,0
CUST-03430,Thomas Jackson,80,Male,35278,576,Savings,7758.24,1,1,0,High,95.8,0,0
CUST-03431,Jennifer Brown,39,Male,49832,808,Premium Checking,43845.72,1,0,0,Medium,63.4,0,0
CUST-03432,Michael Jackson,84,Female,85106,738,Standard Checking,10073.17,1,0,0,Medium,52.8,0,0
CUST-03433,Thomas Thomas,76,Female,36047,814,Savings,4013.15,1,1,0,Medium,38.7,0,0
CUST-03434,Joseph Davis,42,Male,27734,678,Money Market,147199.9,1,1,0,High,83.2,0,0
CUST-03435,Charles Davis,34,Female,34154,749,Premium Checking,50062.5,0,0,0,Medium,38.3,0,0
CUST-03436,Sarah Thomas,56,Female,17270,766,Standard Checking,11424.55,0,0,0,High,99.8,0,0
CUST-03437,Karen Jackson,56,Male,120012,655,Standard Checking,1152.77,0,0,0,High,98,0,0
CUST-03438,Elizabeth Taylor,41,Male,32347,567,Money Market,53088.86,1,0,0,High,91.9,0,0
CUST-03439,Richard Gonzalez,55,Female,92168,708,Savings,12241.72,0,0,0,Low,21.3,0,0
CUST-03440,Michael Martinez,74,Male,26364,699,Standard Checking,144.75,1,1,0,High,72.8,0,0
CUST-03441,Mary Brown,61,Female,35978,702,Standard Checking,3397.77,1,0,1,Low,14.3,0,0
CUST-03442,Matthew Garcia,53,Female,50617,680,Savings,4513.73,0,0,0,Medium,53.4,0,0
CUST-03443,Lisa Moore,62,Female,67641,643,Money Market,93656.11,1,0,0,Low,12.5,0,0
CUST-03444,Daniel Garcia,43,Female,47341,637,Premium Checking,69931.48,1,0,0,Medium,49.3,0,0
CUST-03445,Mark Taylor,28,Female,22702,728,Standard Checking,6319.81,0,1,0,High,72.5,0,0
CUST-03446,Susan Hernandez,69,Female,47679,463,Standard Checking,9728.29,0,0,0,Medium,64.1,0,1
CUST-03447,Betty Jackson,42,Female,92009,560,Savings,6103.7,1,0,0,Low,20.2,0,1
CUST-03448,Sandra Johnson,48,Male,57691,550,Savings,2650.33,1,1,0,Low,29.7,0,1
CUST-03449,Margaret Williams,62,Female,148427,538,Savings,7760.68,1,0,0,Low,26,0,1
CUST-03450,David Garcia,84,Female,53407,670,Standard Checking,10862.6,1,0,0,Medium,62.5,0,0
CUST-03451,Mark Wilson,57,Female,81358,719,Standard Checking,2362.77,1,0,0,High,73.9,0,0
CUST-03452,Charles Thomas,63,Male,63742,716,Standard Checking,5338.56,1,0,0,Low,9,0,0
CUST-03453,Christopher Miller,71,Male,35715,594,Money Market,23400.74,0,0,0,None,0,0,0
CUST-03454,Sandra Davis,58,Female,47532,560,Standard Checking,9863.04,0,0,0,High,70.1,0,0
CUST-03455,Charles Martin,55,Female,85507,691,Savings,14993.17,1,0,0,Medium,62.6,0,0
CUST-03456,Jessica Miller,53,Male,41213,715,Savings,2643.54,0,1,0,High,81,0,0
CUST-03457,William Gonzalez,61,Male,59859,720,Premium Checking,55420.98,1,0,0,None,0,0,0
CUST-03458,James Davis,74,Female,35930,580,Premium Checking,57872.21,0,0,0,High,76,0,0
CUST-03459,Lisa Brown,83,Male,78008,737,Standard Checking,3700.12,1,0,1,Medium,47.2,0,0
CUST-03460,John Williams,47,Male,51090,692,Standard Checking,2975.86,1,0,0,Low,26.9,0,0
CUST-03461,Nancy Gonzalez,27,Female,75534,610,Standard Checking,14836.97,0,0,0,High,81.5,0,0
CUST-03462,Linda Miller,78,Female,91369,636,Premium Checking,56524.73,0,0,0,Medium,67.5,0,0
CUST-03463,Anthony Smith,80,Male,68582,617,Savings,1315.4,0,0,1,High,71.3,0,1
CUST-03464,Anthony Thomas,53,Female,44787,623,Savings,7832.43,1,0,0,Low,12,0,0
CUST-03465,Jennifer Miller,71,Female,45198,756,Savings,1288.17,0,0,0,High,78.7,0,0
CUST-03466,Barbara Rodriguez,82,Female,17105,716,Standard Checking,5888.42,1,0,0,Medium,66.1,0,0
CUST-03467,Anthony Hernandez,21,Male,60728,602,Savings,9620.11,1,0,0,Medium,36.6,0,0
CUST-03468,Elizabeth Smith,72,Male,82844,648,Standard Checking,759.44,0,0,1,None,0,0,1
CUST-03469,Sarah Brown,71,Male,26395,722,Money Market,55633.64,1,0,0,High,77.9,0,0
CUST-03470,Robert Rodriguez,81,Male,45328,538,Premium Checking,74495.79,1,0,1,High,72.7,0,0
CUST-03471,Anthony Taylor,39,Male,44871,721,Savings,9903.11,1,1,0,Medium,43.1,0,0
CUST-03472,John Thomas,42,Male,61816,818,Standard Checking,13872.33,1,0,0,Low,23.8,0,0
CUST-03473,Robert Thomas,76,Male,52750,702,Standard Checking,4113.44,1,0,1,Medium,43.4,0,0
CUST-03474,John Martin,74,Male,31071,667,Savings,14349.32,1,0,1,Medium,63.4,0,0
CUST-03475,Joseph Williams,71,Male,109711,573,Money Market,52209.4,1,0,0,High,83.9,1,0
CUST-03476,Karen Wilson,61,Male,21286,518,Standard Checking,7566.53,1,0,0,Medium,50.8,0,1
CUST-03477,Jessica Taylor,69,Female,36205,644,Savings,1592.89,1,0,0,High,82.7,0,0
CUST-03478,Margaret Martin,33,Female,25187,714,Standard Checking,14334.17,0,0,0,Medium,62.1,0,0
CUST-03479,Daniel Moore,33,Male,58563,668,Standard Checking,11882.46,1,0,1,High,97.6,1,0
CUST-03480,Sarah Wilson,72,Male,61833,765,Savings,98.47,1,0,0,High,98.4,0,0
CUST-03481,Sarah Anderson,78,Female,46241,705,Standard Checking,11904.27,0,0,0,Medium,37.9,0,0
CUST-03482,Joseph Garcia,57,Male,26734,624,Savings,8322.45,0,1,0,Medium,47.6,0,0
CUST-03483,Anthony Anderson,38,Female,30751,768,Premium Checking,74361.7,1,0,0,Medium,65.3,0,0
CUST-03484,Sarah Brown,83,Female,76580,721,Standard Checking,10533.92,1,0,0,High,95.1,0,0
CUST-03485,Daniel Davis,25,Male,47104,569,Standard Checking,10007.8,1,0,0,High,85.6,0,0
CUST-03486,Joseph Williams,27,Female,39051,610,Savings,10245.97,1,0,0,High,73.5,0,0
CUST-03487,Sandra Anderson,74,Female,34603,645,Savings,13140.66,1,0,0,High,83,0,0
CUST-03488,Richard Rodriguez,21,Male,46168,803,Savings,11413.3,1,0,0,High,85.2,0,0
CUST-03489,Mary Davis,60,Male,65165,731,Savings,13669.21,1,0,0,High,91.2,0,0
CUST-03490,Mark Martin,80,Female,43374,607,Savings,5762.62,1,1,0,High,93.5,0,0
CUST-03491,Thomas Gonzalez,60,Female,60865,850,Premium Checking,5119.91,1,0,0,High,73.4,0,0
CUST-03492,James Johnson,84,Male,22440,735,Standard Checking,14787.75,1,0,0,High,89.5,0,0
CUST-03493,Sandra Anderson,68,Male,86438,596,Standard Checking,8872.62,1,0,0,Medium,36.6,0,0
CUST-03494,Barbara Wilson,73,Male,48099,659,Money Market,129111.01,1,0,0,Medium,68.3,0,0
CUST-03495,Matthew Johnson,60,Female,30021,643,Premium Checking,59674.76,0,0,0,None,0,0,0
CUST-03496,Sarah Miller,41,Female,61109,621,Money Market,24450.87,1,1,0,High,73,0,0
CUST-03497,Mark Garcia,51,Male,53659,771,Savings,5509.18,0,0,0,Medium,34.7,0,0
CUST-03498,Susan Davis,76,Female,27952,671,Savings,769.24,1,0,1,High,78.7,0,0
CUST-03499,Anthony Johnson,19,Male,46130,745,Standard Checking,13723.57,1,0,0,Medium,36.1,0,0
CUST-03500,Thomas Jones,19,Female,37839,671,Standard Checking,7254.42,0,0,0,Medium,53.5,0,0
CUST-03501,Susan Martin,27,Male,26007,654,Savings,7805.68,0,0,1,Medium,52.9,1,0
CUST-03502,Christopher Williams,40,Female,39703,638,Savings,5461.2,1,0,0,Low,13.4,0,0
CUST-03503,Robert Thomas,32,Female,29066,681,Savings,13805.71,0,0,0,Medium,64.6,0,0
CUST-03504,Sarah Taylor,34,Female,26593,625,Standard Checking,2809.64,1,0,0,Medium,61.6,0,0
CUST-03505,David Taylor,31,Male,62852,677,Savings,5891.29,1,0,0,Low,26.5,0,0
CUST-03506,Jessica Johnson,33,Female,57116,640,Standard Checking,5720.7,1,0,1,Medium,45.7,0,0
CUST-03507,Patricia Miller,49,Female,43113,585,Standard Checking,7568.18,1,1,1,Medium,54,0,0
CUST-03508,Mary Garcia,40,Non-Binary,15981,654,Savings,14538.33,1,0,1,Medium,34.3,0,0
CUST-03509,Thomas Miller,51,Male,47299,555,Money Market,118114.58,1,0,0,Low,23.7,1,0
CUST-03510,Matthew Jones,33,Female,71700,774,Money Market,92365.27,0,0,1,Low,25.5,0,0
CUST-03511,Robert Martin,51,Male,89812,715,Premium Checking,72620.23,1,1,0,Medium,30.9,0,0
CUST-03512,Jessica Jackson,50,Male,81535,647,Savings,3972.4,0,0,0,Medium,52.6,0,0
CUST-03513,William Jones,85,Male,27041,556,Savings,6229.78,0,1,1,Low,13.6,0,1
CUST-03514,Linda Rodriguez,60,Male,33227,681,Savings,6363.06,0,0,0,Medium,47.8,0,0
CUST-03515,Robert Martinez,81,Male,45102,695,Savings,3512.88,1,0,0,Medium,63.3,0,0
CUST-03516,Matthew Johnson,35,Male,47176,709,Premium Checking,58764.73,1,0,0,Medium,48.9,0,0
CUST-03517,William Hernandez,85,Male,49770,625,Savings,2827.12,0,0,0,High,81.1,0,0
CUST-03518,Patricia Johnson,78,Female,85801,694,Premium Checking,61529.79,0,1,0,Low,14.6,0,0
CUST-03519,Daniel Garcia,37,Male,54053,813,Standard Checking,12742.75,1,1,0,High,100,0,0
CUST-03520,Anthony Wilson,28,Female,89936,643,Money Market,104686.97,1,0,0,High,98.7,0,0
CUST-03521,James Moore,63,Female,33289,752,Standard Checking,5875.17,1,0,0,High,84,0,0
CUST-03522,Michael Smith,81,Female,40347,679,Money Market,63098.69,1,0,0,High,91.7,0,0
CUST-03523,James Smith,45,Female,39647,670,Standard Checking,13359.58,1,0,0,Low,23.5,0,0
CUST-03524,Lisa Brown,65,Male,47659,689,Savings,11879.08,1,0,0,None,0,0,0
CUST-03525,Patricia Moore,52,Female,24878,642,Savings,6268.86,1,0,0,High,97.3,0,0
CUST-03526,Anthony Hernandez,25,Female,128115,689,Standard Checking,9310.7,1,0,0,High,74,0,0
CUST-03527,Anthony Smith,39,Female,51442,747,Money Market,17581.09,1,0,0,Medium,33,0,0
CUST-03528,Margaret Martinez,41,Female,27674,743,Premium Checking,51833.77,1,0,0,High,71.6,0,0
CUST-03529,William Brown,83,Female,28462,760,Savings,7016.31,0,0,0,Medium,58.6,0,0
CUST-03530,Margaret Garcia,81,Male,51029,636,Savings,7063.62,0,0,0,High,78,0,0
CUST-03531,Sandra Thomas,82,Female,65916,684,Standard Checking,13073.5,1,1,0,Medium,54.8,0,0
CUST-03532,Mary Moore,31,Female,78430,832,Standard Checking,11199.69,1,0,0,High,76.8,0,0
CUST-03533,Elizabeth Taylor,42,Male,50194,611,Premium Checking,58150.89,1,0,0,Medium,60,0,0
CUST-03534,Richard Moore,20,Female,66501,672,Money Market,70974.74,0,1,0,Low,25.2,0,0
CUST-03535,Nancy Gonzalez,22,Female,58112,595,Standard Checking,5505.45,1,0,0,Medium,31.4,0,0
CUST-03536,Thomas Jones,82,Female,46512,687,Standard Checking,2902.55,0,0,0,Low,16.8,0,0
CUST-03537,David Miller,71,Female,41344,752,Savings,14295.16,0,0,0,High,98.3,0,0
CUST-03538,Mark Martinez,36,Male,49688,800,Savings,2323.38,1,0,0,Medium,33.7,0,0
CUST-03539,Thomas Anderson,71,Female,46260,610,Standard Checking,6742.21,1,0,0,High,76,0,0
CUST-03540,Sarah Jackson,27,Female,48870,622,Money Market,141797.41,0,0,0,High,82.9,0,0
CUST-03541,Sandra Johnson,33,Female,61371,790,Standard Checking,13363.88,1,0,1,Medium,43.8,0,0
CUST-03542,Betty Brown,63,Male,110187,467,Standard Checking,10665.96,0,0,0,Low,16.6,0,1
CUST-03543,John Miller,46,Male,29666,635,Savings,3645.67,1,0,0,Low,29.8,1,0
CUST-03544,Lisa Moore,32,Female,51401,747,Premium Checking,19430.59,1,1,0,Medium,61.1,0,0
CUST-03545,Elizabeth Miller,65,Male,58448,560,Standard Checking,14209.65,0,0,0,Medium,67.5,0,0
CUST-03546,Linda Garcia,28,Female,40714,606,Money Market,117729.41,1,0,0,High,74.6,0,0
CUST-03547,Nancy Smith,51,Male,84118,768,Standard Checking,13428.05,1,0,0,High,82.9,0,0
CUST-03548,Patricia Wilson,53,Female,38444,540,Standard Checking,3309.52,1,0,0,Medium,46.8,1,1
CUST-03549,Thomas Martin,47,Male,68684,538,Savings,1395.25,1,0,0,Low,26.4,0,1
CUST-03550,Sarah Hernandez,36,Female,92020,738,Standard Checking,4295.15,1,0,0,High,93.7,0,0
CUST-03551,Mark Wilson,85,Female,59804,793,Savings,8305.49,1,0,0,Low,25.2,0,0
CUST-03552,William Anderson,50,Male,44887,780,Standard Checking,12916.76,0,0,0,Medium,44.9,0,0
CUST-03553,Barbara Martinez,39,Female,62341,498,Standard Checking,10165.04,1,0,0,Medium,43.8,0,1
CUST-03554,Charles Jackson,53,Male,40192,782,Standard Checking,11608.58,0,0,0,Medium,31,0,0
CUST-03555,Jennifer Martin,40,Female,34393,685,Savings,13711.23,0,0,0,Medium,45.6,0,0
CUST-03556,Lisa Garcia,80,Female,58869,623,Savings,132.2,1,1,0,Medium,54,0,1
CUST-03557,Linda Smith,43,Male,71320,614,Standard Checking,9783.82,1,0,0,Low,17.9,0,0
CUST-03558,Nancy Taylor,77,Male,51434,728,Savings,5812.54,0,0,0,Low,8.1,0,0
CUST-03559,Thomas Anderson,22,Female,64821,710,Savings,9212.76,1,0,1,Medium,56.7,0,0
CUST-03560,Michael Jackson,71,Male,155306,778,Premium Checking,69011.92,1,0,1,Medium,36.2,0,0
CUST-03561,Nancy Williams,55,Male,90220,636,Money Market,71861.92,1,0,1,Medium,58.6,0,0
CUST-03562,Sandra Hernandez,79,Female,36961,645,Savings,10783.4,1,0,1,High,76.3,0,0
CUST-03563,Karen Jackson,42,Male,53778,736,Savings,13227.81,1,0,0,Medium,69.3,0,0
CUST-03564,William Martinez,29,Female,57012,624,Premium Checking,27607.77,1,0,0,Low,24.5,0,0
CUST-03565,Mary Smith,39,Female,32201,737,Savings,2947.6,1,0,0,Medium,68.2,0,0
CUST-03566,Sandra Thomas,26,Male,66689,601,Standard Checking,11064.94,0,0,1,Medium,57.4,0,0
CUST-03567,Sarah Taylor,46,Male,33593,822,Standard Checking,818.85,1,0,0,Medium,34.5,1,0
CUST-03568,Jennifer Wilson,61,Female,68623,819,Premium Checking,32379.03,1,0,0,Medium,69.9,0,0
CUST-03569,Daniel Anderson,44,Male,128874,628,Savings,12139.99,0,1,1,High,71.1,0,0
CUST-03570,Susan Williams,72,Male,46024,684,Standard Checking,961.68,1,0,0,High,87.1,0,0
CUST-03571,Lisa Jackson,22,Female,60999,688,Premium Checking,23168.07,0,0,0,Medium,59.5,0,0
CUST-03572,Matthew Lopez,69,Female,56724,670,Money Market,144889.1,1,0,0,Medium,59.8,0,0
CUST-03573,Mary Williams,30,Male,30733,609,Standard Checking,12316.36,0,0,0,Low,26.2,0,0
CUST-03574,Sarah Smith,59,Female,33921,687,Savings,12316.16,0,0,0,Medium,31.6,0,0
CUST-03575,Karen Garcia,32,Female,58667,576,Standard Checking,13838.73,0,0,0,Low,16.8,0,0
CUST-03576,Robert Smith,35,Female,52347,787,Premium Checking,21730.02,1,0,0,Medium,48.7,1,0
CUST-03577,Charles Smith,67,Female,45858,792,Standard Checking,10812.86,1,1,0,High,80.1,0,0
CUST-03578,Anthony Thomas,19,Female,78124,774,Standard Checking,13341.76,1,0,0,High,79.3,0,0
CUST-03579,Barbara Davis,30,Male,61885,779,Premium Checking,5616.37,1,0,1,Low,6.2,0,0
CUST-03580,Betty Thomas,85,Male,147548,731,Standard Checking,4957.65,0,0,1,High,71.6,0,0
CUST-03581,Margaret Smith,64,Male,30815,616,Standard Checking,10731.62,1,0,0,Medium,48.5,0,0
CUST-03582,Patricia Martinez,67,Male,40126,588,Savings,6127.18,1,0,0,Medium,30.5,0,0
CUST-03583,David Taylor,29,Male,101372,604,Standard Checking,6708.8,1,1,0,Low,25.5,0,0
CUST-03584,Matthew Miller,30,Male,114009,711,Premium Checking,21650.69,1,0,0,Low,6.6,0,0
CUST-03585,Barbara Miller,26,Female,31899,586,Money Market,86691.2,0,0,1,High,89.5,0,0
CUST-03586,Barbara Anderson,76,Male,40350,692,Standard Checking,12372.64,1,0,0,Medium,37.7,0,0
CUST-03587,Mary Wilson,62,Female,44824,718,Money Market,126287.26,1,0,0,Medium,57,0,0
CUST-03588,Richard Brown,60,Male,99139,667,Standard Checking,14205.72,0,0,0,High,72.9,0,0
CUST-03589,Susan Wilson,40,Female,45807,682,Savings,8107.73,0,0,1,Medium,36.4,0,0
CUST-03590,Jessica Miller,62,Female,45029,850,Standard Checking,9893.78,0,0,0,Medium,60,0,0
CUST-03591,Charles Johnson,40,Female,42951,677,Premium Checking,6892.3,1,0,0,Low,21.8,0,0
CUST-03592,Elizabeth Moore,51,Female,51762,708,Premium Checking,60731.92,0,0,1,None,0,0,0
CUST-03593,Mark Taylor,33,Female,58204,762,Money Market,40696.35,1,1,0,High,85.2,0,0
CUST-03594,Robert Lopez,80,Female,125398,743,Premium Checking,7172.94,1,0,0,Medium,31.8,0,0
CUST-03595,Jennifer Rodriguez,68,Male,101932,738,Standard Checking,14580.6,1,0,1,None,0,0,0
CUST-03596,Karen Smith,49,Female,28540,699,Savings,5962.41,0,0,0,Medium,32,0,0
CUST-03597,Nancy Anderson,55,Male,44633,699,Savings,2074.41,1,0,0,High,76.7,0,0
CUST-03598,Christopher Garcia,73,Male,49523,552,Standard Checking,4223.97,1,0,0,High,71.6,0,1
CUST-03599,Charles Moore,34,Male,39267,801,Standard Checking,13665.41,0,0,0,Medium,34,0,0
CUST-03600,Jennifer Gonzalez,56,Male,80927,638,Premium Checking,16832.13,1,0,0,Medium,48.7,1,0
CUST-03601,James Gonzalez,58,Male,96200,741,Money Market,106688.64,1,0,0,Medium,55.6,0,0
CUST-03602,Michael Anderson,65,Male,38565,663,Premium Checking,49314.91,0,0,0,Medium,43.5,0,0
CUST-03603,Barbara Smith,45,Male,49316,850,Premium Checking,68670.88,0,1,1,Medium,43,0,0
CUST-03604,Joseph Brown,67,Male,76765,622,Standard Checking,1042.55,1,0,0,Medium,45.3,0,1
CUST-03605,Richard Jones,18,Male,83633,845,Savings,7117.29,0,1,0,High,75.8,0,0
CUST-03606,Mark Johnson,67,Female,38103,671,Standard Checking,7564.84,1,0,0,High,81.3,0,0
CUST-03607,Daniel Smith,36,Male,62259,731,Standard Checking,5264.89,1,0,1,Low,16.8,0,0
CUST-03608,Jessica Garcia,76,Female,34665,681,Savings,727.48,1,0,0,Low,16.2,0,0
CUST-03609,Daniel Thomas,85,Male,83142,791,Savings,13874.07,0,0,0,High,76.5,0,0
CUST-03610,Susan Williams,84,Female,34071,689,Standard Checking,8999.57,1,0,0,High,81.2,0,0
CUST-03611,Joseph Williams,58,Male,51844,702,Savings,7292.47,1,0,0,High,81,0,0
CUST-03612,Daniel Johnson,27,Female,38657,687,Savings,5382.8,0,0,0,High,74.2,0,0
CUST-03613,James Rodriguez,45,Male,29989,719,Savings,10169.3,1,0,0,Medium,54.9,0,0
CUST-03614,William Miller,51,Female,36852,615,Standard Checking,7945.76,0,0,0,Medium,61.8,0,0
CUST-03615,John Moore,56,Male,41237,525,Money Market,145483.49,1,0,1,Low,27.4,0,0
CUST-03616,David Miller,73,Female,91506,712,Premium Checking,38759.58,1,0,0,Low,26.2,0,0
CUST-03617,William Smith,69,Male,38730,829,Standard Checking,7851.31,1,1,0,Low,21.4,0,0
CUST-03618,Mark Wilson,20,Female,50825,651,Money Market,118692.93,1,0,0,High,90.6,0,0
CUST-03619,Karen Garcia,40,Female,35015,733,Money Market,10039.15,1,0,0,Medium,62.9,0,0
CUST-03620,Michael Martinez,34,Female,77684,576,Savings,3206.31,0,1,0,Medium,43.4,0,1
CUST-03621,Michael Johnson,43,Female,83119,641,Savings,2462.24,1,0,0,Medium,58.9,0,0
CUST-03622,Sandra Brown,35,Male,72553,683,Standard Checking,10870.59,1,0,0,High,81,0,0
CUST-03623,Christopher Taylor,63,Male,41062,677,Standard Checking,3872.86,1,1,0,Medium,37.8,0,0
CUST-03624,James Martinez,48,Female,35160,758,Premium Checking,41114.31,1,1,1,High,75.2,0,0
CUST-03625,Charles Anderson,26,Male,30921,552,Money Market,82925.32,1,0,0,High,94.5,0,0
CUST-03626,Elizabeth Jackson,52,Female,72001,668,Savings,3798.89,1,0,0,High,93.9,0,0
CUST-03627,Barbara Thomas,77,Male,38955,636,Savings,9201.97,1,0,0,Low,29.5,0,0
CUST-03628,William Anderson,80,Female,75025,616,Standard Checking,10450.97,0,1,0,Medium,37.7,0,0
CUST-03629,Sandra Taylor,69,Female,31970,628,Premium Checking,22718.16,0,0,0,Medium,67.7,0,0
CUST-03630,Susan Moore,65,Male,44165,699,Standard Checking,8399.14,0,0,1,Low,24.6,0,0
CUST-03631,Betty Johnson,78,Female,39035,690,Standard Checking,11594.14,0,0,0,Medium,62.4,0,0
CUST-03632,Patricia Moore,41,Male,34291,666,Savings,1753.67,0,0,1,High,81,0,0
CUST-03633,Michael Gonzalez,75,Male,20484,585,Standard Checking,5909.68,0,0,0,Medium,31.9,0,0
CUST-03634,Joseph Smith,81,Female,25287,661,Standard Checking,4469.94,1,0,0,High,91.5,0,0
CUST-03635,David Martinez,47,Male,86170,758,Premium Checking,6605.93,1,1,1,Medium,44.2,0,0
CUST-03636,Matthew Jones,46,Female,32270,564,Standard Checking,11436.82,1,0,0,Medium,47.9,0,0
CUST-03637,Jessica Hernandez,27,Female,68523,630,Money Market,64534.53,1,1,0,None,0,0,0
CUST-03638,Christopher Garcia,56,Female,49393,599,Standard Checking,7490,1,0,1,Medium,69.3,0,0
CUST-03639,William Gonzalez,72,Male,41263,602,Standard Checking,10790.16,1,0,0,Medium,54,0,0
CUST-03640,Lisa Davis,45,Female,39657,663,Standard Checking,7881.23,1,1,0,Medium,68.2,0,0
CUST-03641,Susan Smith,35,Male,47049,635,Savings,5410.64,1,0,0,High,73.7,0,0
CUST-03642,Thomas Jones,58,Male,68398,620,Standard Checking,3107.54,0,0,0,Low,18,0,0
CUST-03643,Matthew Johnson,82,Female,26532,681,Standard Checking,13324.15,0,1,0,Medium,58.3,0,0
CUST-03644,Matthew Rodriguez,63,Male,47433,570,Savings,8785.97,0,0,0,High,75.1,0,0
CUST-03645,Patricia Taylor,77,Female,59416,819,Standard Checking,9626.41,1,0,1,High,90.3,0,0
CUST-03646,Thomas Moore,26,Male,71119,640,Savings,9273.86,0,1,0,Medium,68.4,0,0
CUST-03647,Jessica Davis,62,Male,81236,653,Savings,3596.72,1,0,0,Medium,45.2,0,0
CUST-03648,Betty Hernandez,77,Male,44724,655,Standard Checking,4877.53,1,0,0,Medium,47.8,0,0
CUST-03649,Christopher Moore,45,Male,24326,612,Standard Checking,12679.3,1,0,0,High,75.4,0,0
CUST-03650,Daniel Martinez,20,Male,60056,767,Savings,6763.63,1,0,0,Medium,63.8,0,0
CUST-03651,Richard Taylor,68,Male,46187,698,Money Market,133101.53,0,0,0,High,71.8,0,0
CUST-03652,Sarah Martinez,25,Female,89535,504,Savings,6576.32,1,1,0,None,0,0,1
CUST-03653,Jessica Martin,76,Male,54177,593,Standard Checking,3528.91,1,1,0,High,74.4,0,1
CUST-03654,Robert Gonzalez,78,Male,89993,634,Premium Checking,19791.85,1,0,0,High,90.5,0,0
CUST-03655,Sarah Taylor,75,Male,37692,724,Premium Checking,33854.56,0,1,0,High,90,0,0
CUST-03656,William Wilson,29,Female,89977,763,Premium Checking,39197.67,1,0,1,Low,27.7,0,0
CUST-03657,Thomas Brown,26,Male,53017,670,Premium Checking,16203.85,1,0,0,High,93.1,0,0
CUST-03658,Sarah Martin,66,Female,60406,791,Standard Checking,8302.14,0,0,0,Medium,52,0,0
CUST-03659,Lisa Anderson,34,Male,20776,734,Savings,835.23,0,1,0,Low,25.6,0,0
CUST-03660,David Lopez,71,Male,85406,830,Standard Checking,4297.05,1,0,0,Low,7.2,0,0
CUST-03661,William Gonzalez,61,Male,44717,640,Premium Checking,31799.77,1,0,0,Medium,43,0,0
CUST-03662,Joseph Anderson,49,Male,62789,651,Standard Checking,4269.06,1,0,0,Medium,44.5,0,0
CUST-03663,Margaret Jones,52,Female,41599,694,Premium Checking,36412.11,1,0,0,Medium,35.4,0,0
CUST-03664,Daniel Jackson,66,Male,87216,628,Savings,4212.19,0,0,1,High,75.2,0,0
CUST-03665,Betty Martin,71,Male,54906,734,Savings,2508.34,0,0,0,High,97.7,0,0
CUST-03666,Betty Wilson,33,Male,52762,593,Savings,14272.59,1,0,0,High,82.6,0,0
CUST-03667,Margaret Taylor,29,Male,126349,576,Savings,9396.96,1,0,1,Medium,45,0,0
CUST-03668,Sarah Williams,25,Female,14101,676,Premium Checking,70457.31,1,1,0,Low,7,0,0
CUST-03669,Mary Smith,38,Female,39938,783,Standard Checking,9905.1,1,0,0,High,84.1,0,0
CUST-03670,Elizabeth Jackson,65,Male,45339,714,Premium Checking,18819.49,1,0,0,Low,27.1,0,0
CUST-03671,Thomas Lopez,25,Male,32401,737,Standard Checking,301.68,1,0,0,Medium,32.4,0,0
CUST-03672,James Lopez,45,Female,57871,796,Money Market,60500.1,0,0,1,Medium,49,0,0
CUST-03673,Thomas Williams,27,Female,25101,710,Standard Checking,8584.78,0,0,0,None,0,0,0
CUST-03674,David Taylor,69,Female,25616,655,Premium Checking,60138.89,0,0,0,High,77,0,0
CUST-03675,Daniel Williams,32,Female,60987,781,Standard Checking,6348.1,1,0,0,Low,9.8,0,0
CUST-03676,Linda Martin,21,Male,31031,747,Money Market,91464.14,0,0,0,Medium,63.6,1,0
CUST-03677,Patricia Miller,79,Female,63317,628,Premium Checking,27821.11,1,1,0,None,0,1,0
CUST-03678,Susan Wilson,21,Female,36344,620,Standard Checking,10740.41,1,1,0,Low,6.2,0,0
CUST-03679,Patricia Thomas,58,Female,32246,676,Standard Checking,14929.42,1,0,0,Medium,66,1,0
CUST-03680,Lisa Smith,72,Male,29920,742,Savings,13127.72,1,0,0,Low,19.6,0,0
CUST-03681,Thomas Martinez,45,Female,30457,611,Premium Checking,41448.52,0,0,1,High,96.6,0,0
CUST-03682,Nancy Thomas,64,Male,39570,689,Standard Checking,5316.25,1,0,0,High,81.6,0,0
CUST-03683,Jessica Davis,26,Male,32896,743,Standard Checking,2501.37,1,0,0,Medium,32.3,0,0
CUST-03684,Mark Miller,19,Female,46051,662,Standard Checking,3209.43,1,1,0,Medium,35.5,0,0
CUST-03685,Margaret Garcia,84,Female,19336,699,Savings,13026.68,1,1,0,High,89.3,0,0
CUST-03686,Jessica Martin,65,Female,32096,714,Premium Checking,15335.89,1,0,1,Low,5.3,0,0
CUST-03687,Jessica Miller,45,Female,91544,732,Savings,12916.51,1,1,0,Medium,46.9,0,0
CUST-03688,William Wilson,31,Female,26142,685,Savings,12917.81,0,0,0,High,99.4,0,0
CUST-03689,David Wilson,63,Female,35184,671,Premium Checking,59629.2,0,1,0,Medium,58.5,0,0
CUST-03690,Michael Smith,30,Female,91086,751,Premium Checking,73607.88,0,0,0,Medium,62.4,0,0
CUST-03691,Betty Gonzalez,33,Male,48028,500,Savings,1923.5,1,0,0,Medium,48.9,0,1
CUST-03692,Karen Williams,57,Female,20718,740,Savings,6246.34,1,0,1,High,72.9,0,0
CUST-03693,Karen Brown,47,Male,66028,720,Standard Checking,14890.6,1,0,1,High,71.8,0,0
CUST-03694,Mark Hernandez,82,Female,88676,786,Standard Checking,10482.04,0,0,0,None,0,0,0
CUST-03695,Mary Wilson,75,Male,48429,720,Savings,9719.35,1,0,1,Medium,50.7,0,0
CUST-03696,Barbara Taylor,65,Male,37078,607,Standard Checking,3442.66,1,0,0,Medium,50,0,0
CUST-03697,Barbara Lopez,66,Male,20515,687,Savings,11063.21,0,1,0,Medium,40.4,0,0
CUST-03698,James Gonzalez,19,Female,38449,611,Savings,8236.34,1,0,0,Medium,50.8,0,0
CUST-03699,Susan Johnson,31,Male,26287,760,Standard Checking,7247.98,1,0,0,Low,29.7,0,0
CUST-03700,Barbara Thomas,34,Male,48813,507,Savings,3548.22,1,0,0,High,90.4,0,1
CUST-03701,Patricia Davis,48,Female,74151,567,Savings,1915.21,0,0,0,Medium,36.4,0,1
CUST-03702,Mary Martinez,27,Male,29896,595,Premium Checking,37274.37,0,0,0,None,0,0,0
CUST-03703,William Anderson,54,Male,69044,566,Standard Checking,7602.46,1,0,0,Medium,34.7,0,0
CUST-03704,Richard Taylor,81,Male,20400,657,Money Market,26902.15,1,0,0,Low,22.3,0,0
CUST-03705,Sandra Thomas,47,Female,43310,650,Savings,3826.12,0,0,0,Medium,56,0,0
CUST-03706,Margaret Johnson,51,Female,17953,738,Standard Checking,10179.19,0,0,0,High,72.5,1,0
CUST-03707,Karen Martin,35,Female,53693,546,Savings,2673.54,1,0,0,High,71.6,0,1
CUST-03708,Anthony Wilson,80,Male,86120,642,Standard Checking,6143.74,1,0,0,High,77.7,1,0
CUST-03709,John Lopez,66,Male,39439,698,Standard Checking,4184.14,0,0,0,None,0,0,1
CUST-03710,Linda Johnson,73,Male,53147,614,Money Market,147016.81,1,0,0,None,0,0,0
CUST-03711,Patricia Wilson,75,Female,38109,564,Savings,3376.55,1,0,0,Low,6,0,1
CUST-03712,Jessica Jackson,44,Female,58502,729,Savings,14599,0,0,0,Medium,53.6,0,0
CUST-03713,Mary Lopez,72,Female,73521,719,Savings,5014.39,1,0,1,Medium,56.3,0,0
CUST-03714,Mark Wilson,36,Female,48687,531,Standard Checking,13091.14,1,0,0,Low,19.6,0,0
CUST-03715,Jennifer Gonzalez,40,Male,37580,649,Standard Checking,5089.69,1,1,1,High,86.7,0,0
CUST-03716,Patricia Moore,64,Male,56583,637,Standard Checking,7713.15,0,0,0,Medium,61.1,0,0
CUST-03717,Barbara Martin,83,Female,121489,807,Standard Checking,13717.89,1,0,0,Medium,39.1,0,0
CUST-03718,Anthony Jackson,68,Female,57381,547,Savings,3316.6,1,0,0,High,99.7,0,1
CUST-03719,Linda Miller,45,Female,25936,648,Standard Checking,6941.15,1,0,0,High,72,0,0
CUST-03720,Jessica Jackson,74,Female,126255,733,Savings,14224.12,1,0,1,High,98.3,0,0
CUST-03721,Jennifer Martin,75,Female,32619,671,Standard Checking,12777.45,1,1,1,Medium,39.1,0,0
CUST-03722,Anthony Hernandez,32,Female,33126,754,Standard Checking,8127.64,1,0,0,Low,15.1,0,0
CUST-03723,Robert Thomas,33,Female,81159,541,Standard Checking,3651.76,1,0,0,Medium,43.3,0,1
CUST-03724,Michael Jones,64,Male,39735,589,Savings,8211.9,1,0,0,Medium,46.7,0,0
CUST-03725,David Anderson,80,Female,62860,657,Savings,12544.09,1,0,1,High,74.7,0,0
CUST-03726,John Jones,29,Female,60630,714,Standard Checking,10229.06,0,0,0,Medium,42.1,0,0
CUST-03727,Daniel Jones,60,Female,61086,680,Premium Checking,44043.58,1,0,0,Low,17.8,0,0
CUST-03728,William Anderson,46,Male,100928,722,Savings,3711.47,1,1,0,Low,6.1,0,0
CUST-03729,John Garcia,66,Male,42870,656,Money Market,20516.77,1,1,0,None,0,0,0
CUST-03730,Thomas Davis,20,Male,49858,588,Savings,4498.33,1,0,0,High,91.9,0,1
CUST-03731,Christopher Hernandez,77,Non-Binary,30992,718,Standard Checking,234.77,0,0,0,Medium,43.3,0,0
CUST-03732,Jennifer Davis,83,Male,71207,572,Standard Checking,5726.88,1,0,0,None,0,0,1
CUST-03733,Elizabeth Williams,43,Male,54337,612,Premium Checking,42268.67,1,0,0,Low,19.6,0,0
CUST-03734,Daniel Wilson,64,Female,91950,584,Standard Checking,13412.38,1,0,0,Medium,40.9,0,0
CUST-03735,Daniel Wilson,59,Female,58931,692,Premium Checking,11692.43,1,1,0,Medium,49.8,0,0
CUST-03736,Elizabeth Lopez,48,Female,116498,674,Money Market,13398.49,0,0,0,Medium,33.4,0,0
CUST-03737,Jennifer Lopez,39,Female,45994,600,Standard Checking,3261.14,1,0,1,Medium,58.7,0,1
CUST-03738,Daniel Wilson,34,Female,55136,624,Money Market,58413.83,1,0,0,Medium,60.5,0,0
CUST-03739,Mary Rodriguez,37,Female,50744,655,Standard Checking,7454.16,0,0,0,High,84.3,0,0
CUST-03740,Elizabeth Taylor,25,Male,34647,724,Premium Checking,66575.17,1,0,0,Low,5.6,0,0
CUST-03741,Thomas Williams,66,Male,18425,681,Standard Checking,5760.78,1,0,0,Medium,41.5,0,0
CUST-03742,Sandra Jackson,55,Female,54847,699,Standard Checking,7351.81,0,0,0,None,0,0,1
CUST-03743,James Lopez,70,Male,22017,710,Standard Checking,9564.84,1,0,0,High,82.4,0,0
CUST-03744,Michael Brown,45,Female,61825,678,Standard Checking,10409.21,1,0,0,Medium,63.3,0,0
CUST-03745,Elizabeth Gonzalez,46,Male,87381,694,Premium Checking,6349.31,1,0,0,High,94,0,0
CUST-03746,Mary Martinez,28,Male,47583,670,Savings,1247.92,1,1,0,High,88.2,0,0
CUST-03747,Christopher Brown,64,Male,59334,783,Savings,12594.83,0,0,0,Medium,68.7,0,0
CUST-03748,Sarah Jones,62,Female,60351,717,Standard Checking,8304.91,1,0,0,Medium,57.7,0,0
CUST-03749,Charles Johnson,35,Male,78826,808,Premium Checking,18807.36,1,0,0,None,0,0,0
CUST-03750,Barbara Taylor,67,Male,46668,768,Savings,12627.67,1,0,0,Medium,37.4,0,0
CUST-03751,Elizabeth Johnson,66,Female,26789,666,Savings,8994.24,0,0,1,Medium,62.8,0,0
CUST-03752,Jennifer Davis,39,Female,20426,666,Premium Checking,47724.27,1,0,0,None,0,0,0
CUST-03753,Mark Jackson,62,Male,41225,563,Standard Checking,6379.82,0,0,0,High,78.4,0,1
CUST-03754,David Lopez,78,Female,21699,602,Premium Checking,70127.9,1,0,0,Medium,34.7,0,0
CUST-03755,William Johnson,38,Female,49957,750,Money Market,115152.63,0,0,0,None,0,0,0
CUST-03756,Linda Hernandez,78,Male,55588,747,Savings,9203.85,1,0,0,High,83.9,0,0
CUST-03757,Margaret Brown,53,Female,37653,538,Savings,2956.49,1,0,0,High,76.9,0,1
CUST-03758,Elizabeth Martin,41,Male,70905,772,Standard Checking,309.02,0,0,0,High,91.7,0,0
CUST-03759,Jessica Davis,49,Male,53117,762,Money Market,103656.01,1,0,0,Medium,47.2,0,0
CUST-03760,Patricia Martinez,76,Female,35198,758,Standard Checking,6446.45,1,0,0,High,99.7,0,0
CUST-03761,Barbara Wilson,22,Female,39041,715,Savings,9359.76,0,0,0,Medium,45.2,0,0
CUST-03762,Jessica Moore,33,Male,96276,715,Standard Checking,2960.93,1,1,1,Medium,45.6,0,0
CUST-03763,Christopher Lopez,28,Female,20943,667,Savings,1303.67,0,0,0,High,76.1,0,0
CUST-03764,Sarah Miller,52,Female,43462,635,Standard Checking,3393.86,1,0,0,Medium,66.5,0,0
CUST-03765,Karen Miller,59,Female,54134,759,Standard Checking,8039.7,0,0,0,Medium,42.2,0,0
CUST-03766,William Smith,27,Female,36178,661,Standard Checking,1997.13,0,0,0,Medium,39.1,0,0
CUST-03767,Betty Garcia,25,Female,34161,411,Premium Checking,7069.99,0,0,1,Medium,68.7,0,1
CUST-03768,Jennifer Lopez,43,Male,85156,723,Money Market,109707.01,0,0,0,Medium,30.3,0,0
CUST-03769,Nancy Lopez,20,Male,136065,606,Standard Checking,1386.18,0,0,0,High,93.2,0,1
CUST-03770,Elizabeth Garcia,76,Female,41473,690,Standard Checking,10499.87,0,0,0,Medium,39,0,0
CUST-03771,Thomas Jackson,20,Female,49648,796,Standard Checking,419.05,0,0,1,High,76.3,0,0
CUST-03772,Sarah Garcia,55,Male,65519,827,Standard Checking,8825.52,0,0,0,Low,18.6,0,0
CUST-03773,Lisa Jackson,19,Male,29458,728,Standard Checking,12382.09,1,0,1,Medium,43.6,0,0
CUST-03774,Elizabeth Davis,34,Female,50771,772,Standard Checking,8038.67,0,0,0,Medium,61.7,0,0
CUST-03775,Christopher Garcia,53,Male,105533,732,Standard Checking,3868.87,0,0,0,Medium,52,0,0
CUST-03776,Christopher Miller,19,Male,161418,736,Money Market,70523.77,0,0,1,Medium,61.1,0,0
CUST-03777,Lisa Smith,51,Male,26263,744,Standard Checking,198.94,1,0,0,Low,12.9,0,0
CUST-03778,Anthony Moore,44,Male,31338,605,Premium Checking,29360.79,1,0,0,None,0,0,0
CUST-03779,Lisa Martin,54,Male,39497,590,Savings,9437.26,1,0,0,Medium,53.8,0,0
CUST-03780,Barbara Thomas,39,Male,40724,750,Premium Checking,68058.81,1,0,0,Medium,63.5,0,0
CUST-03781,Elizabeth Martinez,85,Female,84274,701,Savings,7618.13,1,1,0,High,81.8,0,0
CUST-03782,Susan Martin,31,Male,49865,691,Money Market,74124.85,1,0,0,High,85,0,0
CUST-03783,Elizabeth Martinez,40,Female,80907,646,Standard Checking,5409.96,0,0,0,Medium,55.3,0,0
CUST-03784,Betty Hernandez,61,Female,55316,654,Standard Checking,12465.24,0,0,0,High,86.3,0,0
CUST-03785,Daniel Johnson,82,Male,46313,767,Premium Checking,14471.97,1,0,0,Medium,57.6,0,0
CUST-03786,Matthew Martin,78,Male,61292,620,Premium Checking,58765.75,1,0,0,High,89,0,0
CUST-03787,Linda Miller,72,Female,15695,680,Premium Checking,36068.2,1,0,0,High,97.6,0,0
CUST-03788,Linda Smith,67,Male,41619,624,Savings,13903.9,1,0,0,Medium,33.6,0,0
CUST-03789,Christopher Johnson,29,Male,42390,571,Savings,9952.49,1,1,0,Medium,60.1,0,0
CUST-03790,Sarah Anderson,32,Male,24435,687,Premium Checking,39069.54,1,0,0,Medium,58.4,0,0
CUST-03791,James Jones,34,Male,95973,731,Standard Checking,973.99,1,0,0,High,71.7,1,0
CUST-03792,Mary Martin,51,Female,43365,605,Premium Checking,73400.45,1,0,1,Medium,38,0,0
CUST-03793,John Jackson,52,Female,58922,630,Standard Checking,9042.18,1,0,0,High,72.6,0,0
CUST-03794,Sarah Moore,56,Male,75541,597,Standard Checking,12283.3,1,0,0,None,0,0,1
CUST-03795,Susan Davis,72,Female,32329,689,Standard Checking,11015.38,1,0,0,Medium,49.2,0,0
CUST-03796,Mark Lopez,76,Male,56525,645,Money Market,140454.37,1,1,0,High,98.8,0,0
CUST-03797,Christopher Martinez,22,Female,21637,531,Savings,1220.66,1,0,0,Medium,40.7,0,1
CUST-03798,Daniel Martin,47,Female,64400,655,Standard Checking,8225.78,1,0,1,High,99.5,0,0
CUST-03799,Thomas Hernandez,21,Female,37182,752,Money Market,21363.66,1,1,0,High,79.2,0,0
CUST-03800,Mary Brown,32,Male,42617,761,Savings,12067.24,1,0,0,High,90.1,0,0
CUST-03801,James Anderson,52,Female,85901,764,Money Market,20757.55,1,0,0,High,86.4,0,0
CUST-03802,Richard Davis,72,Male,121711,610,Standard Checking,4146.29,1,0,0,Low,19.4,0,0
CUST-03803,Matthew Brown,83,Male,34198,596,Standard Checking,6632.09,0,0,1,None,0,0,1
CUST-03804,Elizabeth Jackson,77,Male,32046,634,Standard Checking,13970.28,0,0,0,High,84.1,0,0
CUST-03805,Sarah Jones,41,Female,69199,748,Money Market,114795.52,1,0,0,Low,26.2,0,0
CUST-03806,Sandra Jackson,39,Male,67595,745,Savings,8000.45,1,0,0,Low,25,0,0
CUST-03807,Betty Thomas,61,Male,27050,680,Standard Checking,12025.91,0,0,0,Medium,31.7,0,0
CUST-03808,James Lopez,49,Male,48449,758,Money Market,62912.54,0,0,1,High,88.4,0,0
CUST-03809,Lisa Johnson,68,Male,48497,722,Premium Checking,45048.55,1,0,1,High,77.3,0,0
CUST-03810,Christopher Davis,20,Male,48008,646,Savings,11292.12,1,0,0,Medium,59,0,0
CUST-03811,Sarah Thomas,49,Female,68232,655,Savings,11957.97,1,0,0,Low,19.3,0,0
CUST-03812,Robert Gonzalez,19,Male,104640,591,Savings,8068.97,1,0,1,High,90.7,0,0
CUST-03813,Charles Williams,76,Male,43633,671,Premium Checking,9817.75,1,0,0,Medium,61,0,0
CUST-03814,Betty Davis,31,Female,120421,637,Standard Checking,9646.41,0,0,0,Medium,47.2,0,0
CUST-03815,Anthony Lopez,68,Female,46092,609,Standard Checking,12206.16,0,1,0,High,86.6,1,0
CUST-03816,Mary Hernandez,28,Female,110994,628,Standard Checking,10583.73,1,1,0,Medium,35.9,0,0
CUST-03817,Barbara Moore,27,Female,60614,784,Money Market,94420.61,1,0,1,Medium,67.3,0,0
CUST-03818,Richard Jones,75,Male,84366,647,Money Market,95696.51,0,0,0,High,92.8,0,0
CUST-03819,Nancy Lopez,51,Female,78661,790,Savings,14911.15,0,0,0,High,78.7,0,0
CUST-03820,Mary Jones,70,Female,32658,684,Standard Checking,5315.33,0,0,0,High,78.9,0,0
CUST-03821,Michael Lopez,45,Female,58838,663,Standard Checking,11418.36,0,1,0,Medium,37.3,0,0
CUST-03822,Jessica Davis,35,Female,31012,716,Premium Checking,66284.81,1,0,0,Low,12.7,0,0
CUST-03823,Sandra Rodriguez,43,Female,46565,513,Savings,14667.65,0,0,0,Medium,42.4,0,0
CUST-03824,Joseph Jones,24,Female,27665,825,Standard Checking,14459.37,1,0,0,Medium,35.9,0,0
CUST-03825,Richard Jones,62,Male,44316,746,Standard Checking,6546.07,1,1,0,None,0,0,0
CUST-03826,David Martinez,62,Male,50533,694,Premium Checking,68288.24,0,1,0,None,0,0,0
CUST-03827,Karen Gonzalez,52,Female,31999,736,Premium Checking,68974.92,0,0,0,Medium,43.2,0,0
CUST-03828,William Wilson,69,Female,49004,683,Savings,3210.85,1,0,1,Medium,40.7,1,0
CUST-03829,Sarah Anderson,38,Male,73279,637,Premium Checking,63717.2,1,0,0,Medium,56.6,0,0
CUST-03830,Elizabeth Miller,45,Female,30042,678,Savings,3219.53,1,0,0,High,92,0,0
CUST-03831,Linda Williams,61,Male,76460,650,Premium Checking,32568.76,1,1,0,High,73.6,0,0
CUST-03832,Joseph Thomas,73,Female,77824,617,Standard Checking,3083.22,1,0,0,Medium,37.7,1,0
CUST-03833,Patricia Garcia,27,Female,30450,652,Standard Checking,5019.16,1,0,1,None,0,0,1
CUST-03834,James Brown,40,Male,13261,694,Savings,14739.06,1,0,0,Medium,60,0,0
CUST-03835,David Lopez,65,Male,84547,704,Premium Checking,40615.66,1,0,0,Medium,54.3,0,0
CUST-03836,Betty Jones,69,Male,43364,778,Premium Checking,54299.44,1,0,0,Medium,46,0,0
CUST-03837,Daniel Thomas,32,Female,49027,658,Money Market,140479.18,0,1,0,Medium,41.4,0,0
CUST-03838,Richard Gonzalez,72,Female,134705,630,Premium Checking,10375.37,1,0,0,Medium,55.9,0,0
CUST-03839,Thomas Miller,60,Female,60625,591,Standard Checking,1720.8,1,0,0,Medium,40.3,0,1
CUST-03840,Linda Gonzalez,67,Female,61857,710,Premium Checking,27428.23,1,0,0,Medium,59.8,0,0
CUST-03841,Daniel Thomas,23,Male,48820,782,Premium Checking,13602.34,1,0,0,Low,5.2,1,0
CUST-03842,Sandra Brown,50,Male,44534,652,Standard Checking,12078.99,1,0,1,High,75.2,0,0
CUST-03843,Linda Thomas,79,Female,47497,640,Standard Checking,1538.72,0,0,0,High,70.3,0,0
CUST-03844,Christopher Martinez,72,Non-Binary,45481,740,Money Market,112363.48,1,0,0,None,0,0,0
CUST-03845,Matthew Lopez,56,Male,21108,605,Savings,12180.77,1,0,0,High,78.3,0,0
CUST-03846,Barbara Jones,29,Male,29759,793,Standard Checking,4946.85,1,0,0,Medium,46.9,0,0
CUST-03847,Jessica Smith,48,Male,47645,674,Standard Checking,7528.4,0,0,0,Medium,48.8,0,0
CUST-03848,Margaret Rodriguez,70,Female,135747,706,Standard Checking,11724.79,1,0,0,High,74.9,0,0
CUST-03849,Barbara Jones,51,Male,24488,682,Savings,6161.76,1,0,0,Medium,40.7,0,0
CUST-03850,Nancy Martin,58,Non-Binary,37813,504,Premium Checking,16065.92,0,0,0,High,72.3,0,0
CUST-03851,Nancy Williams,27,Male,37625,675,Savings,6271.58,0,0,1,Low,21.7,0,0
CUST-03852,Robert Johnson,69,Male,69244,653,Money Market,79921.76,1,0,0,High,72.7,0,0
CUST-03853,Susan Johnson,74,Male,51361,707,Premium Checking,44461.59,0,0,0,High,96.9,0,0
CUST-03854,Richard Miller,20,Female,35544,759,Money Market,140635.32,1,0,0,High,79.4,0,0
CUST-03855,Elizabeth Gonzalez,74,Male,87299,714,Standard Checking,7484.04,1,0,1,Low,17.4,0,0
CUST-03856,Jessica Wilson,50,Male,29846,633,Standard Checking,8002.63,0,0,1,High,73.9,0,0
CUST-03857,David Martinez,24,Male,38035,795,Standard Checking,12459.28,0,0,0,Medium,67,0,0
CUST-03858,Jennifer Brown,21,Female,28118,683,Standard Checking,11798.51,1,0,0,Medium,60.3,0,0
CUST-03859,Christopher Smith,56,Male,80528,769,Savings,14775.11,0,0,0,High,92.4,0,0
CUST-03860,Michael Rodriguez,65,Female,47847,741,Premium Checking,43183.75,1,0,0,High,84.6,0,0
CUST-03861,Linda Jones,33,Male,34340,610,Standard Checking,3843.27,1,0,0,Low,30,0,0
CUST-03862,Charles Martinez,55,Female,61268,754,Standard Checking,11212.44,1,0,0,High,73.9,0,0
CUST-03863,David Anderson,21,Female,107950,740,Premium Checking,33203.9,1,0,0,None,0,0,0
CUST-03864,Jennifer Anderson,21,Male,15846,685,Premium Checking,58809.07,0,0,0,Medium,46,0,0
CUST-03865,Robert Jackson,44,Non-Binary,66701,648,Savings,6875.82,0,0,0,High,84.8,0,0
CUST-03866,Nancy Jackson,34,Male,116639,737,Savings,1664.48,0,0,0,High,84.7,0,0
CUST-03867,Elizabeth Lopez,71,Female,106667,749,Standard Checking,5534.47,1,0,0,Medium,69.8,0,0
CUST-03868,Nancy Brown,25,Male,43264,651,Standard Checking,4242.5,0,0,0,Medium,56.3,0,0
CUST-03869,Sarah Thomas,70,Male,51440,722,Savings,7686.37,1,0,0,Medium,41.8,0,0
CUST-03870,Linda Brown,22,Male,54394,656,Standard Checking,2508.83,0,0,0,Low,17.8,0,0
CUST-03871,Matthew Lopez,64,Female,43088,641,Savings,9604.48,1,0,1,Medium,63.1,0,0
CUST-03872,Mary Brown,57,Male,77805,710,Savings,14482.4,1,0,0,Low,25,0,0
CUST-03873,Robert Williams,24,Female,21959,735,Premium Checking,37719.4,1,0,1,High,75.9,0,0
CUST-03874,William Moore,29,Male,65367,716,Savings,14763.49,0,0,0,Medium,39,0,0
CUST-03875,David Williams,42,Female,47194,670,Standard Checking,10688.7,0,0,0,Low,29.5,0,0
CUST-03876,Sandra Johnson,45,Female,81260,599,Premium Checking,58479.92,1,0,0,High,86.9,0,0
CUST-03877,William Wilson,60,Female,85387,658,Premium Checking,36160.77,0,1,0,Medium,35.9,0,0
CUST-03878,Patricia Rodriguez,64,Female,51793,706,Premium Checking,53606,1,0,1,High,75.8,0,0
CUST-03879,Richard Moore,66,Male,35908,830,Standard Checking,5425.84,1,0,0,Low,25.5,1,0
CUST-03880,Joseph Martinez,71,Male,82380,611,Premium Checking,22778.84,1,0,0,High,94.4,0,0
CUST-03881,Jessica Lopez,35,Male,25926,671,Savings,73.86,0,0,0,Low,15.7,0,0
CUST-03882,Karen Jones,44,Female,28958,668,Standard Checking,12146.78,1,0,0,Low,28.5,0,0
CUST-03883,Mary Martinez,23,Female,47181,523,Standard Checking,4448.95,1,0,0,Low,14.8,0,1
CUST-03884,James Miller,39,Female,37801,638,Standard Checking,1305.31,0,0,0,Medium,35.5,1,0
CUST-03885,Betty Taylor,76,Female,44020,596,Premium Checking,14165.05,0,0,1,Medium,39.2,0,0
CUST-03886,Jessica Williams,64,Female,42110,651,Premium Checking,36704.6,1,0,1,Medium,37.7,0,0
CUST-03887,Susan Martinez,85,Female,48375,785,Premium Checking,65731.85,1,0,0,High,84.3,0,0
CUST-03888,Nancy Miller,49,Female,103126,725,Savings,11323.93,0,0,0,High,87.6,0,0
CUST-03889,Betty Taylor,18,Female,27516,692,Money Market,13619.63,1,0,1,High,84.5,0,0
CUST-03890,Sandra Garcia,71,Female,38823,816,Premium Checking,19545.63,0,0,0,Medium,51,0,0
CUST-03891,Daniel Brown,63,Female,74036,778,Standard Checking,14969.85,1,0,0,Medium,36.6,0,0
CUST-03892,Thomas Rodriguez,58,Female,49925,623,Premium Checking,49399.38,1,1,0,High,83,0,0
CUST-03893,Patricia Miller,58,Female,30172,552,Standard Checking,12726.93,0,0,0,None,0,0,1
CUST-03894,Daniel Johnson,25,Male,46933,517,Standard Checking,8402.92,1,0,0,High,71.2,0,1
CUST-03895,Thomas Davis,49,Female,23071,618,Savings,5614.87,1,0,0,Medium,68,0,0
CUST-03896,Daniel Anderson,47,Female,82137,640,Premium Checking,53291.58,0,0,0,High,77.8,0,0
CUST-03897,Joseph Davis,63,Male,52008,788,Savings,14088.26,1,0,0,High,93.3,0,0
CUST-03898,Jessica Jackson,69,Male,147291,764,Money Market,45550.6,1,0,0,Medium,61.5,0,0
CUST-03899,David Johnson,78,Female,27999,744,Premium Checking,10666.43,1,0,1,Medium,62.3,0,0
CUST-03900,Daniel Taylor,30,Female,35156,644,Money Market,84748.71,0,0,0,Medium,65.7,0,0
CUST-03901,Margaret Thomas,57,Male,53400,666,Savings,10182.58,0,0,1,Medium,45.2,0,0
CUST-03902,Matthew Anderson,78,Male,94709,651,Standard Checking,14228.89,1,0,1,Medium,38.9,0,0
CUST-03903,Richard Anderson,61,Female,38460,834,Premium Checking,53999.01,1,0,1,High,73.8,0,0
CUST-03904,Anthony Brown,79,Male,34481,636,Savings,3716.24,0,0,0,High,75.4,0,0
CUST-03905,Jessica Lopez,61,Male,50915,624,Savings,4442,0,0,0,High,85.3,0,0
CUST-03906,Sandra Brown,65,Female,35035,719,Savings,11035.46,1,0,0,High,77.3,0,0
CUST-03907,John Taylor,76,Female,62192,612,Savings,10549.22,0,0,0,Medium,50.2,0,0
CUST-03908,Nancy Moore,74,Female,50929,719,Standard Checking,2229.11,0,0,0,Medium,68.6,0,0
CUST-03909,Matthew Moore,28,Male,69513,700,Standard Checking,14226.67,1,0,0,Low,7.8,0,0
CUST-03910,Daniel Taylor,42,Male,76658,628,Standard Checking,12098.75,1,0,1,High,96.4,0,0
CUST-03911,Barbara Brown,78,Male,58874,655,Standard Checking,5004.97,1,0,1,High,96.6,0,0
CUST-03912,Barbara Martin,63,Male,87284,620,Standard Checking,8727.71,0,0,0,Medium,41.9,0,0
CUST-03913,Joseph Thomas,71,Male,41407,750,Savings,10871.93,1,0,0,High,98.8,0,0
CUST-03914,Robert Anderson,51,Female,23814,669,Premium Checking,28265.77,1,0,0,Low,19.4,0,0
CUST-03915,Thomas Moore,24,Male,28600,665,Savings,14839.72,1,0,0,Medium,44.9,0,0
CUST-03916,Robert Gonzalez,79,Female,46974,736,Standard Checking,10617.73,1,1,0,None,0,0,0
CUST-03917,Charles Gonzalez,74,Male,60410,727,Standard Checking,8800.21,0,0,0,High,75.2,0,0
CUST-03918,Sarah Wilson,22,Female,65634,696,Premium Checking,70383.33,1,0,1,High,78.2,0,0
CUST-03919,Sandra Brown,52,Female,35459,753,Standard Checking,7763.13,1,0,1,High,79.7,0,0
CUST-03920,Patricia Martin,54,Male,75563,669,Money Market,97075.56,1,1,1,Medium,66.2,0,0
CUST-03921,Karen Jackson,77,Male,15367,617,Savings,1461.92,0,0,1,High,74.5,0,1
CUST-03922,Richard Lopez,82,Female,37288,690,Standard Checking,2421.51,1,0,0,Medium,33.7,0,0
CUST-03923,Michael Lopez,33,Female,62760,677,Savings,8900.46,0,0,0,High,81.7,0,0
CUST-03924,Christopher Brown,47,Female,77368,780,Standard Checking,10101.57,1,0,0,Medium,57.5,0,0
CUST-03925,Anthony Johnson,59,Male,71580,661,Premium Checking,21229.76,1,0,1,Medium,30.6,0,0
CUST-03926,Mary Jones,78,Female,78058,791,Standard Checking,4575.07,1,0,0,Low,8.6,0,0
CUST-03927,Daniel Martinez,65,Female,53463,594,Savings,5588.83,1,0,1,High,90.9,0,0
CUST-03928,Elizabeth Rodriguez,79,Male,46134,663,Premium Checking,55492.88,1,0,0,Medium,40.7,0,0
CUST-03929,Richard Miller,81,Female,19167,657,Savings,2228.26,1,0,1,High,90.3,0,0
CUST-03930,Robert Martinez,74,Female,43432,657,Standard Checking,12919.57,1,0,0,High,75.4,0,0
CUST-03931,Elizabeth Garcia,85,Female,27621,759,Savings,4273.55,1,0,0,Medium,43.7,0,0
CUST-03932,Anthony Jackson,63,Female,66712,647,Savings,6927.99,0,0,0,Medium,51.1,0,0
CUST-03933,Christopher Davis,45,Female,24737,749,Premium Checking,51704.03,0,0,0,Medium,34,0,0
CUST-03934,James Taylor,20,Male,45361,674,Savings,2215.83,1,0,1,Low,20.5,0,0
CUST-03935,Michael Wilson,54,Female,27035,673,Standard Checking,11345.42,1,0,0,Medium,42.4,0,0
CUST-03936,Christopher Taylor,65,Female,48731,586,Savings,11917.91,1,0,0,High,71.6,0,0
CUST-03937,William Taylor,36,Female,45899,767,Standard Checking,4910.4,1,1,0,Medium,55.8,0,0
CUST-03938,Robert Martin,34,Female,20398,787,Standard Checking,13529.53,1,0,1,Medium,59,0,0
CUST-03939,Mark Davis,57,Male,58228,592,Standard Checking,10197.12,1,0,0,Medium,53.4,0,0
CUST-03940,Jennifer Hernandez,67,Male,42518,793,Savings,7878.05,1,0,1,High,93.4,0,0
CUST-03941,Charles Brown,46,Female,49709,578,Savings,12736.69,0,0,0,High,98,0,0
CUST-03942,Sarah Smith,68,Female,39831,668,Premium Checking,74900.1,1,0,0,High,92.6,0,0
CUST-03943,Richard Wilson,59,Male,34254,672,Standard Checking,9011.56,1,0,1,Medium,30.4,0,0
CUST-03944,Lisa Smith,46,Female,71567,658,Savings,8784.82,1,0,0,Medium,30,0,0
CUST-03945,Sandra Hernandez,83,Male,82092,756,Standard Checking,10286.06,1,1,0,Medium,39.9,0,0
CUST-03946,Thomas Brown,34,Male,79579,732,Savings,8559.51,1,0,0,None,0,0,0
CUST-03947,Betty Lopez,48,Female,24742,561,Standard Checking,8708.54,0,0,0,High,88.8,0,0
CUST-03948,Elizabeth Garcia,69,Male,98153,783,Standard Checking,8993.26,0,1,1,Medium,58.8,0,0
CUST-03949,Matthew Smith,56,Female,64955,797,Savings,4864.48,1,0,0,High,72.2,0,0
CUST-03950,Michael Thomas,77,Male,91556,727,Savings,11317.89,1,0,1,High,92.8,0,0
CUST-03951,Lisa Wilson,68,Male,90792,655,Standard Checking,5405.26,1,0,1,None,0,0,1
CUST-03952,Daniel Martin,33,Female,58369,695,Savings,9732.68,0,0,1,Medium,39.5,0,0
CUST-03953,Karen Garcia,31,Female,32950,660,Standard Checking,10910.72,0,0,0,Medium,57.2,0,0
CUST-03954,Nancy Jones,59,Female,33550,748,Savings,8375.66,0,0,0,Medium,61.6,0,0
CUST-03955,Lisa Moore,68,Male,34883,554,Standard Checking,3531.54,1,0,0,Medium,53.1,0,1
CUST-03956,Joseph Garcia,41,Female,44778,708,Savings,8699.64,0,0,0,Low,8,0,0
CUST-03957,Matthew Jackson,60,Male,29901,760,Standard Checking,12266.32,1,1,0,Medium,68.3,0,0
CUST-03958,James Smith,36,Female,20793,662,Savings,1249.31,0,0,1,Low,14.9,0,0
CUST-03959,Richard Williams,78,Male,21122,718,Premium Checking,56631.71,1,0,0,High,90.4,0,0
CUST-03960,Elizabeth Williams,80,Female,48198,557,Standard Checking,1669.67,0,0,0,High,81.7,0,1
CUST-03961,William Davis,43,Male,42844,613,Premium Checking,47975.1,1,0,0,Medium,30.3,0,0
CUST-03962,John Gonzalez,52,Female,63254,707,Standard Checking,4219.61,1,0,0,Low,28.5,0,0
CUST-03963,Jennifer Gonzalez,84,Female,44791,711,Standard Checking,13366.32,0,0,0,Medium,33.2,0,0
CUST-03964,Daniel Martin,73,Male,87220,639,Standard Checking,5967.78,0,0,0,Medium,66.5,0,0
CUST-03965,Karen Lopez,57,Female,36510,701,Standard Checking,5802.38,1,0,0,Medium,55.2,0,0
CUST-03966,Richard Johnson,46,Male,57826,676,Savings,12810.66,1,0,1,High,82.1,0,0
CUST-03967,Christopher Thomas,23,Male,64605,551,Premium Checking,71664.59,0,0,0,High,88.8,0,0
CUST-03968,Daniel Garcia,69,Male,50349,663,Standard Checking,479.74,0,1,0,High,94.8,0,0
CUST-03969,Charles Gonzalez,18,Female,81376,730,Money Market,37180.01,1,0,1,Low,17,0,0
CUST-03970,Thomas Rodriguez,69,Male,63772,772,Savings,8512.38,1,1,0,Low,25.7,0,0
CUST-03971,Thomas Johnson,41,Female,73325,663,Standard Checking,13898.09,1,0,1,High,71.1,0,0
CUST-03972,Charles Jackson,51,Female,35578,707,Standard Checking,8934.15,0,0,0,High,81.6,0,0
CUST-03973,Lisa Miller,24,Male,43928,692,Standard Checking,8682.58,0,0,0,Medium,54.3,0,0
CUST-03974,Nancy Martinez,28,Male,16427,717,Savings,11106.39,1,0,1,Medium,49.5,0,0
CUST-03975,Elizabeth Martin,53,Female,47505,634,Premium Checking,16615.08,0,0,0,High,78.6,0,0
CUST-03976,William Taylor,37,Male,24707,674,Money Market,19365.72,0,1,0,High,81,0,0
CUST-03977,Anthony Anderson,80,Male,158494,718,Standard Checking,2458.15,1,0,0,High,81.9,0,0
CUST-03978,Mary Brown,80,Female,56989,708,Savings,12842.57,1,1,0,Low,9.3,0,0
CUST-03979,Charles Taylor,47,Female,40166,722,Standard Checking,2516.55,0,0,0,Medium,35,0,0
CUST-03980,Robert Miller,47,Male,71417,735,Premium Checking,41721.33,1,0,0,High,72.9,0,0
CUST-03981,Sarah Miller,39,Female,24456,691,Money Market,50409.22,0,0,1,High,79.1,0,0
CUST-03982,Thomas Miller,78,Male,38293,700,Savings,14274.81,0,0,0,Medium,48.4,0,0
CUST-03983,Patricia Davis,38,Female,41177,640,Premium Checking,42473.1,0,0,0,Low,6.4,0,0
CUST-03984,Richard Brown,54,Female,67667,740,Standard Checking,12984.61,0,0,0,Low,14.4,0,0
CUST-03985,Jennifer Jones,44,Male,30058,604,Money Market,73604.32,1,0,0,High,89.1,0,0
CUST-03986,Sandra Lopez,52,Female,34591,723,Standard Checking,10058.47,0,0,0,High,94.7,0,0
CUST-03987,Patricia Rodriguez,55,Female,51833,689,Standard Checking,11715.9,1,0,0,Medium,33.7,0,0
CUST-03988,Patricia Jackson,77,Female,67219,629,Premium Checking,36446.88,1,1,0,Low,23.1,0,0
CUST-03989,Lisa Wilson,49,Male,54486,632,Standard Checking,5760.77,1,0,0,High,84.3,0,0
CUST-03990,Robert Moore,44,Male,31160,695,Premium Checking,31407.79,0,0,0,Medium,55.1,0,0
CUST-03991,Elizabeth Jackson,20,Male,51702,662,Standard Checking,2603.54,0,0,0,None,0,0,1
CUST-03992,Barbara Moore,66,Male,34804,649,Money Market,37715.58,1,1,0,Medium,62.5,0,0
CUST-03993,Thomas Hernandez,47,Female,30593,709,Standard Checking,11200.02,0,0,0,Low,28.2,0,0
CUST-03994,John Taylor,39,Male,60117,562,Savings,3818.32,0,0,0,Medium,32.5,0,1
CUST-03995,James Anderson,36,Female,64419,686,Savings,10909.5,1,0,0,High,78.1,0,0
CUST-03996,Margaret Rodriguez,48,Male,48688,653,Savings,12387.85,1,0,0,Low,26.5,0,0
CUST-03997,Joseph Williams,37,Male,63293,593,Savings,276.75,1,0,0,High,90.8,0,1
CUST-03998,Nancy Jackson,36,Female,72039,656,Savings,12607.42,1,1,0,Low,19.9,0,0
CUST-03999,Richard Lopez,19,Male,14417,588,Standard Checking,3291.85,1,0,0,Medium,35.1,0,1
CUST-04000,Karen Smith,57,Female,60191,762,Standard Checking,303.26,1,0,0,Medium,44,0,0
CUST-04001,Christopher Taylor,56,Male,106333,730,Premium Checking,27209.43,1,0,0,Medium,60.3,0,0
CUST-04002,Richard Smith,71,Male,42526,737,Standard Checking,11843.44,1,0,0,Medium,37.4,0,0
CUST-04003,Elizabeth Anderson,44,Male,105722,715,Money Market,88984.7,1,1,0,Medium,32,0,0
CUST-04004,Anthony Miller,29,Male,57393,530,Savings,1120.69,1,0,0,Medium,51.3,0,1
CUST-04005,Margaret Moore,34,Female,51012,597,Savings,13826.06,0,0,0,Medium,45.2,0,0
CUST-04006,Jessica Wilson,27,Male,56003,742,Standard Checking,13583.08,1,0,1,High,88.1,0,0
CUST-04007,Anthony Moore,36,Female,22909,818,Savings,7857.26,1,0,0,High,97.6,0,0
CUST-04008,Anthony Miller,47,Male,113072,706,Savings,12819.21,1,0,0,High,74.2,0,0
CUST-04009,Thomas Moore,47,Female,38233,777,Standard Checking,4506.94,1,0,0,Medium,56.1,0,0
CUST-04010,Barbara Davis,42,Female,26927,623,Standard Checking,2363.66,1,0,0,High,98.4,0,0
CUST-04011,Nancy Johnson,83,Female,37540,636,Savings,14642.03,1,0,0,High,96.5,0,0
CUST-04012,Michael Brown,52,Female,49589,726,Premium Checking,40144.1,1,0,0,Medium,42.7,0,0
CUST-04013,Sarah Garcia,68,Non-Binary,86224,623,Standard Checking,4479.45,0,0,1,Medium,50.7,0,0
CUST-04014,Anthony Rodriguez,44,Female,47205,566,Standard Checking,7784.41,0,0,1,High,98.1,0,0
CUST-04015,Anthony Rodriguez,27,Male,41747,732,Savings,9037.27,0,1,0,High,91.6,0,0
CUST-04016,Susan Davis,60,Female,42078,629,Standard Checking,5001.75,1,0,1,Medium,34,0,0
CUST-04017,Charles Williams,72,Non-Binary,24884,544,Premium Checking,20765.69,1,0,0,Medium,56.5,0,0
CUST-04018,Sarah Jones,23,Male,37667,761,Savings,646.97,0,0,0,None,0,1,1
CUST-04019,Susan Brown,23,Female,36492,715,Money Market,99469.24,0,0,0,None,0,0,0
CUST-04020,Michael Martin,65,Female,55549,728,Premium Checking,61164.43,1,1,1,High,86.4,0,0
CUST-04021,Matthew Lopez,19,Female,20713,733,Standard Checking,10866.78,0,0,1,Medium,63.8,0,0
CUST-04022,Mary Hernandez,68,Female,39311,747,Standard Checking,11957.19,0,0,1,Medium,58.9,0,0
CUST-04023,Susan Thomas,78,Female,94261,715,Standard Checking,9394.82,0,0,0,Low,15.3,0,0
CUST-04024,Karen Garcia,36,Female,60474,575,Standard Checking,5006.82,1,0,1,Low,21.4,0,1
CUST-04025,Daniel Brown,19,Male,78432,603,Savings,3960.48,0,1,0,Medium,30.7,0,0
CUST-04026,Joseph Smith,68,Male,40273,750,Savings,5984.94,1,0,0,High,98,0,0
CUST-04027,Michael Lopez,43,Male,112763,720,Standard Checking,6617.42,0,1,0,Medium,67.4,0,0
CUST-04028,Elizabeth Jones,37,Male,73019,670,Premium Checking,8775.97,1,0,1,High,77.6,0,0
CUST-04029,Barbara Moore,40,Male,50727,562,Standard Checking,10181.23,0,0,0,High,70.7,0,0
CUST-04030,Elizabeth Garcia,71,Female,67716,621,Savings,5702.56,1,0,0,Low,9.1,0,0
CUST-04031,Margaret Lopez,32,Male,26427,658,Money Market,82461.11,1,1,0,Low,10.2,0,0
CUST-04032,Michael Moore,23,Female,26152,627,Savings,6620.14,1,0,0,Low,22.2,0,0
CUST-04033,Mary Martinez,52,Female,73388,606,Savings,5455.61,1,0,1,Medium,46.8,0,0
CUST-04034,Joseph Lopez,25,Female,86414,703,Standard Checking,943.08,1,1,0,High,74.2,0,0
CUST-04035,Betty Taylor,74,Male,30949,782,Standard Checking,3121.27,0,1,0,Medium,66,0,0
CUST-04036,Patricia Miller,67,Male,75152,724,Premium Checking,24920.32,0,1,0,Medium,39.6,0,0
CUST-04037,Sandra Rodriguez,66,Male,64046,646,Premium Checking,53284.59,1,0,1,Medium,67.8,0,0
CUST-04038,Charles Miller,38,Female,32943,675,Premium Checking,19867.88,0,0,0,Medium,39.2,0,0
CUST-04039,Daniel Johnson,53,Female,29828,723,Standard Checking,3223.42,1,0,1,High,88.6,0,0
CUST-04040,Jennifer Moore,75,Female,34177,638,Premium Checking,19407.05,0,0,0,Medium,63.4,0,0
CUST-04041,Jennifer Gonzalez,80,Female,38393,694,Savings,10678.17,1,1,0,Low,25,0,0
CUST-04042,Betty Jackson,33,Male,40201,655,Standard Checking,5152.44,0,0,0,Low,9.9,0,0
CUST-04043,Sandra Johnson,23,Male,22113,653,Savings,2880.6,0,0,0,High,75.1,0,0
CUST-04044,Barbara Anderson,69,Female,38418,568,Standard Checking,6825.56,1,1,0,Low,11.1,0,1
CUST-04045,Susan Garcia,19,Male,57466,683,Standard Checking,7423.85,1,0,0,Medium,35.9,0,0
CUST-04046,Sarah Jones,35,Female,68256,708,Savings,3030.01,1,0,0,None,0,0,1
CUST-04047,Sarah Williams,52,Female,36486,739,Savings,7035.2,1,0,0,High,91.1,0,0
CUST-04048,John Martinez,56,Male,103480,558,Standard Checking,11236.26,1,0,0,Medium,65.8,0,0
CUST-04049,Charles Williams,18,Female,49518,746,Standard Checking,2602.33,0,0,0,Low,15.7,0,0
CUST-04050,Mark Lopez,54,Female,174164,730,Money Market,104888.1,1,1,0,Medium,39.2,0,0
CUST-04051,Mark Thomas,38,Female,33746,783,Standard Checking,1565.08,0,0,0,Medium,44.2,0,0
CUST-04052,Thomas Miller,18,Male,58739,654,Premium Checking,46070.48,1,0,1,High,70.4,0,0
CUST-04053,Richard Johnson,21,Female,46918,684,Premium Checking,11438.97,1,0,0,High,80,0,0
CUST-04054,Patricia Martinez,75,Male,35112,608,Premium Checking,33699.53,0,1,0,Low,12.7,1,0
CUST-04055,Michael Taylor,18,Female,75417,675,Standard Checking,10499.86,1,0,0,High,75.1,0,0
CUST-04056,Karen Garcia,30,Male,71781,657,Standard Checking,13976.59,1,0,0,Low,22.9,0,0
CUST-04057,Charles Jones,63,Male,43121,690,Money Market,100179.28,1,0,0,Medium,41.5,0,0
CUST-04058,Elizabeth Rodriguez,64,Male,57481,676,Standard Checking,14132.02,1,0,0,Medium,44.6,0,0
CUST-04059,Anthony Gonzalez,24,Male,55819,736,Savings,7690.34,0,1,0,Low,23.6,0,0
CUST-04060,Charles Garcia,68,Male,43016,665,Savings,4270.8,1,0,0,Medium,30.1,0,0
CUST-04061,Patricia Williams,20,Male,33593,769,Savings,12679.44,1,0,0,Medium,45.5,0,0
CUST-04062,John Brown,67,Female,48976,507,Standard Checking,9040.21,1,0,0,None,0,0,1
CUST-04063,Matthew Jones,43,Male,44562,770,Premium Checking,49443.79,0,1,1,Low,13.3,0,0
CUST-04064,Linda Thomas,48,Female,28833,583,Savings,8052.72,0,0,0,Medium,48.9,0,0
CUST-04065,Nancy Williams,79,Female,68106,737,Money Market,40804.02,1,0,1,None,0,0,0
CUST-04066,Lisa Lopez,43,Male,50132,727,Standard Checking,315.6,1,0,0,High,75.3,0,0
CUST-04067,Matthew Davis,84,Female,45802,604,Standard Checking,8267.18,1,0,0,Medium,43.2,0,0
CUST-04068,Richard Brown,72,Male,23258,765,Money Market,83559.61,1,1,0,High,75,0,0
CUST-04069,Susan Wilson,45,Non-Binary,57442,597,Savings,6879.99,0,0,0,Medium,30.9,0,0
CUST-04070,Richard Garcia,61,Female,23291,587,Standard Checking,1678.77,0,0,1,High,95.7,0,1
CUST-04071,Thomas Brown,55,Female,52603,648,Money Market,33095.8,0,1,0,Medium,60.6,0,0
CUST-04072,Linda Taylor,47,Male,75069,651,Standard Checking,14771.64,0,0,0,High,78.6,0,0
CUST-04073,John Taylor,83,Female,112542,637,Standard Checking,11084.79,1,0,0,Low,28.1,0,0
CUST-04074,William Johnson,25,Male,50688,684,Savings,13921.44,1,0,0,Low,10.1,0,0
CUST-04075,Matthew Gonzalez,31,Female,118086,705,Premium Checking,47680.33,0,0,0,Medium,33.6,0,0
CUST-04076,Karen Johnson,79,Male,70710,674,Standard Checking,5768.1,0,0,0,High,81.1,0,0
CUST-04077,Karen Hernandez,80,Female,62082,598,Money Market,141508.61,0,0,0,Medium,47.8,0,0
CUST-04078,Anthony Anderson,83,Female,85643,620,Premium Checking,43945.47,1,0,1,High,84.9,0,0
CUST-04079,David Williams,57,Female,95753,827,Premium Checking,62801.53,1,0,0,Medium,34.7,0,0
CUST-04080,John Lopez,30,Male,73993,606,Savings,5246.5,1,0,0,Medium,51.1,0,0
CUST-04081,Lisa Jones,34,Female,45681,609,Standard Checking,2019.21,1,0,0,High,98.5,0,1
CUST-04082,Karen Miller,32,Male,37490,571,Premium Checking,52639.49,1,0,0,Medium,62.4,0,0
CUST-04083,Michael Gonzalez,50,Female,25707,747,Standard Checking,5260.33,1,0,0,High,70.4,0,0
CUST-04084,William Gonzalez,33,Female,53318,747,Savings,2123.52,0,0,0,Low,8.4,0,0
CUST-04085,Barbara Gonzalez,30,Male,88491,707,Standard Checking,9528.1,1,0,0,High,92.2,0,0
CUST-04086,Lisa Martinez,40,Female,30307,770,Standard Checking,236.4,0,1,0,High,80.8,0,0
CUST-04087,James Davis,53,Male,28615,629,Standard Checking,14253.62,0,0,0,Medium,32,0,0
CUST-04088,Nancy Thomas,60,Male,120446,599,Money Market,55912.91,1,0,0,Medium,55.4,0,0
CUST-04089,Richard Williams,67,Male,43127,699,Savings,9137.34,0,1,0,Medium,67.1,0,0
CUST-04090,John Jones,30,Female,20736,713,Savings,9724.51,0,0,0,Medium,53.9,0,0
CUST-04091,Betty Hernandez,47,Female,23665,693,Savings,4782.33,1,0,0,High,86,0,0
CUST-04092,Sandra Miller,74,Female,61165,658,Savings,3536.54,1,0,0,Medium,55.8,0,0
CUST-04093,Christopher Martinez,47,Female,38637,751,Standard Checking,8075.25,0,0,0,Medium,61.5,0,0
CUST-04094,Elizabeth Martin,27,Female,62269,676,Standard Checking,14163.69,1,0,0,High,80.2,0,0
CUST-04095,Mary Williams,83,Male,43877,697,Premium Checking,38756.55,1,0,0,High,83.9,0,0
CUST-04096,Linda Hernandez,56,Female,54482,677,Standard Checking,10760.2,1,0,0,High,99.5,0,0
CUST-04097,Richard Miller,54,Male,118615,645,Standard Checking,14600.28,0,0,0,High,82.4,0,0
CUST-04098,Richard Johnson,20,Female,44653,605,Standard Checking,8263.27,1,0,0,High,78.9,0,0
CUST-04099,Jennifer Rodriguez,51,Male,88320,709,Standard Checking,6906.09,1,0,0,Medium,50.9,0,0
CUST-04100,Karen Johnson,55,Female,51882,528,Standard Checking,11233.8,0,0,0,Medium,62.2,0,0
CUST-04101,Sarah Thomas,31,Female,27574,635,Standard Checking,2163.72,0,1,1,None,0,0,1
CUST-04102,Matthew Lopez,81,Female,131687,644,Premium Checking,13187.79,1,0,1,Medium,67.8,0,0
CUST-04103,Michael Miller,56,Male,141659,595,Standard Checking,5310.31,1,0,0,High,87.4,0,0
CUST-04104,Thomas Gonzalez,71,Male,45407,659,Savings,12566.64,1,0,1,High,86.2,0,0
CUST-04105,David Garcia,19,Male,52886,711,Savings,1208.92,1,0,0,Medium,62.7,0,0
CUST-04106,Mark Wilson,60,Female,91105,688,Money Market,62960.56,1,0,0,High,82.8,0,0
CUST-04107,Jennifer Garcia,70,Female,44693,639,Premium Checking,67459.84,1,0,0,High,80.2,0,0
CUST-04108,Mary Martin,20,Male,79478,723,Savings,7539.5,0,0,0,Medium,61.4,0,0
CUST-04109,Matthew Anderson,58,Male,32633,698,Premium Checking,5374.3,1,0,1,High,95.4,0,0
CUST-04110,Margaret Taylor,25,Male,122580,599,Standard Checking,9133.29,0,0,0,Medium,54.3,0,0
CUST-04111,Mark Davis,80,Female,58789,625,Savings,4687.18,1,0,0,Low,29.5,0,0
CUST-04112,Robert Taylor,82,Male,71352,581,Savings,5591.58,0,0,0,High,97,0,1
CUST-04113,Karen Smith,21,Female,96591,655,Standard Checking,991.25,1,0,1,None,0,0,1
CUST-04114,Nancy Moore,85,Male,73818,633,Savings,11651.85,0,0,0,Medium,35.7,0,0
CUST-04115,Joseph Jones,27,Female,47794,663,Savings,9059.67,1,1,0,High,84.8,0,0
CUST-04116,Michael Moore,67,Female,115873,815,Savings,8744.52,1,0,0,Medium,45.5,0,0
CUST-04117,Jennifer Jones,40,Male,74426,565,Savings,9888.43,1,0,0,Medium,67.5,0,0
CUST-04118,Sandra Jackson,78,Female,45146,547,Standard Checking,9973.04,1,0,1,High,91.1,0,0
CUST-04119,Elizabeth Anderson,64,Male,23118,784,Savings,5316.75,0,0,1,Medium,35.9,1,0
CUST-04120,Elizabeth Thomas,20,Female,48665,716,Savings,4153.5,1,0,0,Low,24.9,0,0
CUST-04121,Barbara Moore,34,Female,37617,748,Savings,4497.87,1,1,0,Low,8.9,0,0
CUST-04122,Daniel Smith,39,Male,49626,655,Premium Checking,61919.6,1,0,0,Medium,54.4,0,0
CUST-04123,Jessica Garcia,33,Female,35566,728,Standard Checking,2583.96,1,0,0,High,81.6,0,0
CUST-04124,John Johnson,20,Female,59401,671,Savings,7327.13,1,0,0,None,0,0,1
CUST-04125,Margaret Johnson,69,Female,39161,740,Savings,9403.58,1,0,0,High,75.7,0,0
CUST-04126,Sandra Gonzalez,50,Male,100060,751,Standard Checking,7767.89,1,0,0,Low,15.1,0,0
CUST-04127,William Thomas,59,Male,66632,744,Savings,8322.51,0,1,0,High,99.9,0,0
CUST-04128,Anthony Jones,19,Male,38842,634,Standard Checking,12593.74,1,1,0,Low,29.4,0,0
CUST-04129,Daniel Miller,56,Female,49243,686,Standard Checking,4974.52,0,0,0,Low,21.7,0,0
CUST-04130,Richard Martin,63,Female,63220,612,Premium Checking,18458.75,0,0,0,Medium,55,0,0
CUST-04131,Lisa Gonzalez,65,Male,23123,718,Standard Checking,2529.6,1,0,0,High,86.8,0,0
CUST-04132,Anthony Miller,44,Male,61954,703,Premium Checking,13287.19,1,0,1,Low,22.3,0,0
CUST-04133,Elizabeth Anderson,32,Female,20851,568,Savings,3149.07,0,0,1,Medium,61,0,1
CUST-04134,Christopher Garcia,24,Female,105611,712,Savings,7820.5,1,0,0,High,72.7,0,0
CUST-04135,Robert Johnson,74,Female,40680,710,Standard Checking,12819.66,1,0,0,High,85.4,1,0
CUST-04136,Christopher Anderson,59,Male,82823,719,Standard Checking,1517.32,0,1,0,High,76,0,0
CUST-04137,Betty Thomas,26,Male,27654,683,Savings,2569.39,0,0,1,None,0,1,1
CUST-04138,Charles Rodriguez,23,Male,65330,719,Standard Checking,2793.17,0,0,1,High,93.8,0,0
CUST-04139,Mark Jackson,74,Male,27268,702,Standard Checking,2058.97,1,0,0,High,84.1,0,0
CUST-04140,Michael Brown,47,Female,42317,617,Standard Checking,14176,1,0,0,None,0,0,1
CUST-04141,Sandra Williams,72,Female,79528,724,Money Market,75874.25,1,0,0,Medium,64.8,0,0
CUST-04142,Lisa Martin,71,Female,66734,613,Savings,6851.8,1,0,0,High,70.3,0,0
CUST-04143,David Smith,44,Male,65040,605,Savings,4499.75,1,0,0,Medium,47.9,0,0
CUST-04144,Jennifer Hernandez,76,Female,41073,694,Standard Checking,1772.09,1,0,1,Low,13.3,0,0
CUST-04145,Anthony Smith,24,Female,29062,493,Savings,403.94,1,0,0,Low,9.5,0,1
CUST-04146,Christopher Miller,57,Male,72443,633,Money Market,70283.93,0,0,0,High,93.5,0,0
CUST-04147,Jennifer Wilson,19,Female,30944,658,Premium Checking,14138.67,1,0,0,High,89.1,0,0
CUST-04148,Mary Brown,31,Female,35914,772,Standard Checking,8906.86,1,1,0,Low,25.6,0,0
CUST-04149,David Anderson,27,Female,100075,664,Savings,2553.73,0,0,0,Medium,38.7,0,0
CUST-04150,Sarah Smith,67,Male,65457,814,Premium Checking,14225.82,0,1,1,Medium,54.5,0,0
CUST-04151,John Williams,35,Female,24790,575,Premium Checking,11162.53,1,0,0,Medium,64.8,0,0
CUST-04152,Margaret Miller,35,Non-Binary,48755,713,Premium Checking,52200.82,0,0,0,Low,7.3,1,0
CUST-04153,James Hernandez,33,Female,45296,725,Standard Checking,13088.72,1,0,0,Medium,53.7,0,0
CUST-04154,Jennifer Martin,69,Female,40647,615,Standard Checking,12418.94,1,1,1,Low,14.7,0,0
CUST-04155,John Jackson,69,Male,41269,673,Money Market,121745.34,0,1,0,High,70.8,0,0
CUST-04156,Mary Moore,48,Female,94302,672,Premium Checking,72510.54,1,0,0,Low,28.9,0,0
CUST-04157,Sandra Lopez,40,Female,132888,756,Standard Checking,11595,1,0,0,High,81.4,0,0
CUST-04158,Mark Martinez,59,Female,47990,579,Savings,4153.87,1,0,1,Medium,57.5,0,1
CUST-04159,Robert Rodriguez,79,Male,53205,811,Premium Checking,38184.06,0,1,0,High,94.8,0,0
CUST-04160,Mary Johnson,67,Female,24783,547,Savings,5852.47,1,0,0,High,70.8,0,1
CUST-04161,Margaret Garcia,32,Female,114385,709,Savings,14751.01,1,1,0,High,95.6,0,0
CUST-04162,Mark Martinez,61,Female,35266,618,Standard Checking,10480.02,1,0,0,Low,6.2,0,0
CUST-04163,Sarah Lopez,59,Female,39676,713,Premium Checking,53138.1,0,0,0,Medium,47.6,0,0
CUST-04164,Patricia Taylor,62,Female,72783,633,Premium Checking,40762.9,1,0,0,Low,11.8,0,0
CUST-04165,Joseph Garcia,52,Female,56412,774,Money Market,41449.88,0,0,0,Low,22.6,0,0
CUST-04166,Jessica Taylor,39,Female,64516,687,Standard Checking,11836.5,0,1,0,Medium,50.4,0,0
CUST-04167,John Martinez,55,Male,68852,650,Standard Checking,8667.92,0,0,0,Medium,65.5,0,0
CUST-04168,Robert Wilson,81,Male,48820,601,Money Market,92475.55,0,0,0,High,94.2,0,0
CUST-04169,Betty Gonzalez,24,Female,76226,707,Premium Checking,59323.38,1,0,0,Medium,66.2,0,0
CUST-04170,Betty Garcia,61,Female,20876,711,Premium Checking,31880.9,0,1,0,Low,13.6,0,0
CUST-04171,Barbara Davis,24,Female,111059,654,Savings,10586.13,0,0,0,None,0,0,1
CUST-04172,Robert Anderson,83,Male,44763,682,Standard Checking,12378.57,1,1,0,High,94.6,0,0
CUST-04173,Anthony Thomas,77,Male,75856,699,Savings,4800.88,1,0,0,Medium,38.4,0,0
CUST-04174,James Thomas,18,Female,62713,724,Savings,6441.88,1,0,1,High,76.2,0,0
CUST-04175,Robert Williams,79,Female,18053,610,Premium Checking,30496.8,1,0,0,Medium,38.8,0,0
CUST-04176,Karen Anderson,35,Female,54677,647,Standard Checking,2225.89,1,0,0,High,92.8,0,0
CUST-04177,Richard Thomas,24,Female,17044,722,Savings,11510.66,1,0,1,Medium,41.8,0,0
CUST-04178,Daniel Hernandez,71,Male,62757,672,Standard Checking,7676.2,1,0,0,High,95,0,0
CUST-04179,Christopher Johnson,84,Female,54648,548,Savings,2472.04,1,0,1,High,73.3,0,1
CUST-04180,Nancy Garcia,27,Female,25857,791,Premium Checking,39702.92,0,0,0,None,0,0,0
CUST-04181,Betty Garcia,78,Female,53861,739,Standard Checking,11124.15,0,0,0,Medium,33.2,0,0
CUST-04182,Susan Hernandez,76,Male,38655,557,Premium Checking,24741.83,1,0,1,High,78.4,0,0
CUST-04183,Linda Davis,76,Male,45168,634,Standard Checking,1122.91,1,0,0,High,96.3,0,0
CUST-04184,James Miller,80,Female,13446,790,Premium Checking,30308.02,1,0,0,Medium,33.8,0,0
CUST-04185,Jennifer Davis,25,Male,26394,711,Savings,14971.75,1,0,0,Low,13.1,0,0
CUST-04186,Charles Martin,72,Male,33073,579,Standard Checking,6448.01,0,0,0,Medium,49,0,0
CUST-04187,Linda Wilson,23,Male,27763,542,Standard Checking,9560.03,1,0,0,Medium,61,1,1
CUST-04188,Sarah Thomas,18,Female,37695,556,Premium Checking,70416.43,0,0,0,Low,11.5,0,0
CUST-04189,William Anderson,73,Male,35027,645,Premium Checking,5300.21,1,0,1,Medium,57.7,0,0
CUST-04190,Sandra Martinez,27,Female,57002,726,Premium Checking,65283.38,0,0,0,Low,14.9,0,0
CUST-04191,Mark Thomas,40,Female,12506,572,Savings,10730.62,1,0,0,Medium,65.5,0,0
CUST-04192,Patricia Martin,33,Female,132752,719,Standard Checking,6400.01,1,0,1,High,77.6,0,0
CUST-04193,Richard Jones,33,Female,36040,618,Standard Checking,8859.67,1,0,0,Medium,44.7,0,0
CUST-04194,Nancy Miller,73,Male,42057,549,Standard Checking,5594.71,1,0,0,Medium,34.8,0,1
CUST-04195,Daniel Rodriguez,23,Male,65993,655,Standard Checking,4012.96,1,0,0,Medium,47.2,0,0
CUST-04196,Linda Thomas,47,Male,116944,818,Standard Checking,330.04,1,0,1,Medium,55.4,0,0
CUST-04197,Jennifer Thomas,80,Female,36513,774,Premium Checking,71272.11,1,0,0,Low,21.3,0,0
CUST-04198,Jennifer Wilson,18,Female,69194,645,Standard Checking,5978.12,1,0,0,High,80.9,0,0
CUST-04199,Christopher Smith,68,Female,35049,694,Savings,6934.62,0,0,0,Medium,43.5,0,0
CUST-04200,Matthew Rodriguez,63,Female,78442,639,Savings,147.58,0,0,1,High,71.3,0,0
CUST-04201,Matthew Gonzalez,38,Female,69464,542,Savings,7784.56,1,0,0,Medium,39.5,0,1
CUST-04202,Betty Jackson,55,Female,28768,637,Savings,1815.85,1,0,0,Medium,62.9,0,0
CUST-04203,Thomas Hernandez,80,Female,65480,724,Money Market,140668.87,0,1,0,High,70.4,0,0
CUST-04204,Margaret Davis,67,Male,24013,597,Standard Checking,5164.02,1,0,0,Medium,50.3,0,0
CUST-04205,Daniel Jones,29,Male,33836,754,Money Market,133874.88,1,0,0,High,84,0,0
CUST-04206,Elizabeth Miller,61,Female,25091,758,Savings,2525.62,1,0,0,Medium,69.5,0,0
CUST-04207,Elizabeth Brown,69,Female,49043,648,Standard Checking,3907.41,1,0,0,Medium,35.9,0,0
CUST-04208,William Wilson,26,Female,80754,687,Savings,3538.54,1,0,0,Medium,41.8,0,0
CUST-04209,Mary Rodriguez,82,Male,26336,771,Savings,9072.72,1,0,1,High,97.1,0,0
CUST-04210,Christopher Smith,27,Male,59901,705,Standard Checking,709.93,1,0,0,Medium,60.2,0,0
CUST-04211,Daniel Martinez,63,Male,43436,782,Savings,6684.73,1,1,0,Medium,44.5,0,0
CUST-04212,Elizabeth Martin,75,Male,29337,557,Premium Checking,47875.5,1,1,0,Medium,40.9,0,0
CUST-04213,Matthew Williams,54,Female,39695,639,Savings,4317.93,1,0,0,High,81.7,0,0
CUST-04214,Jennifer Garcia,69,Male,65476,657,Standard Checking,9091.94,0,0,0,Low,6.8,1,0
CUST-04215,Christopher Johnson,30,Female,78442,767,Standard Checking,13839.38,1,0,1,High,92.4,0,0
CUST-04216,Betty Moore,23,Male,57167,680,Money Market,120807.27,1,0,0,High,96.3,0,0
CUST-04217,Daniel Johnson,75,Male,48121,628,Premium Checking,42635.59,1,0,1,High,94.4,0,0
CUST-04218,Barbara Jones,65,Male,49585,672,Savings,6597.56,0,0,0,Medium,34.2,0,0
CUST-04219,Karen Miller,49,Non-Binary,34001,716,Savings,1300.83,1,0,0,High,92.3,0,0
CUST-04220,Lisa Thomas,28,Female,51454,657,Savings,7326.41,0,0,0,High,85.4,0,0
CUST-04221,Karen Smith,22,Female,23503,738,Savings,1139.69,1,0,1,Low,14.1,0,0
CUST-04222,James Taylor,23,Female,46198,688,Money Market,15020.76,1,0,0,High,98.3,0,0
CUST-04223,Anthony Smith,38,Female,114653,658,Premium Checking,27185.79,1,0,0,None,0,0,0
CUST-04224,Christopher Martin,59,Male,39360,762,Premium Checking,27504.7,1,0,0,Medium,62.2,0,0
CUST-04225,Richard Rodriguez,44,Male,85870,780,Money Market,146155.65,1,1,0,Low,19.3,0,0
CUST-04226,Joseph Williams,20,Male,68560,761,Standard Checking,1555.26,0,1,0,Low,8.5,0,0
CUST-04227,Susan Hernandez,77,Male,100600,623,Savings,6881.93,1,1,0,High,94.5,0,0
CUST-04228,Lisa Lopez,83,Male,10260,763,Savings,10997.69,0,1,0,Low,10.1,0,0
CUST-04229,Richard Gonzalez,66,Male,53558,750,Money Market,18610.08,1,0,0,Medium,66,0,0
CUST-04230,James Martinez,51,Male,65776,599,Money Market,40727.17,0,0,0,Medium,39.2,0,0
CUST-04231,John Brown,54,Female,73071,656,Savings,7597.33,1,0,0,Medium,44.3,0,0
CUST-04232,Jessica Davis,59,Female,89378,767,Savings,13969.31,0,1,0,High,75.2,0,0
CUST-04233,Jessica Taylor,82,Male,69439,746,Premium Checking,63535.41,1,0,1,None,0,0,0
CUST-04234,Charles Anderson,77,Female,55176,643,Standard Checking,3704.41,1,0,0,Medium,50.8,0,0
CUST-04235,Jessica Anderson,18,Female,30351,603,Standard Checking,12126.17,1,1,1,Medium,34.5,0,0
CUST-04236,Matthew Johnson,76,Male,18930,770,Standard Checking,6459.45,0,1,0,None,0,0,0
CUST-04237,David Smith,21,Female,95765,719,Money Market,65470.78,1,0,0,Medium,68.2,0,0
CUST-04238,Joseph Jackson,31,Male,36183,682,Savings,5582.98,1,0,1,Medium,45.2,0,0
CUST-04239,Patricia Hernandez,35,Male,41145,623,Premium Checking,59835.27,1,0,0,Low,25.2,0,0
CUST-04240,Robert Williams,51,Female,77093,730,Standard Checking,14851.26,0,1,1,High,82.6,0,0
CUST-04241,Richard Martinez,18,Male,48555,607,Standard Checking,1343.48,0,0,1,High,98.9,0,1
CUST-04242,David Moore,70,Male,27484,616,Standard Checking,1297.83,0,0,1,High,72.8,0,1
CUST-04243,Mary Miller,39,Female,20873,708,Savings,1838.61,1,1,0,High,75.4,0,0
CUST-04244,William Martinez,78,Female,40976,749,Money Market,86673.77,1,0,0,High,78.1,0,0
CUST-04245,Sarah Miller,39,Female,51429,689,Standard Checking,8198.84,1,0,1,Medium,69,0,0
CUST-04246,Anthony Miller,67,Female,72992,654,Standard Checking,11626.97,0,0,0,Medium,43.8,1,0
CUST-04247,John Lopez,33,Female,46052,742,Money Market,40950.64,1,0,1,High,84.7,0,0
CUST-04248,Michael Taylor,45,Female,49513,599,Savings,7554.61,0,0,0,Low,20.8,0,0
CUST-04249,Betty Smith,59,Male,25338,613,Standard Checking,12693.93,0,0,0,Medium,59.3,0,0
CUST-04250,Robert Thomas,83,Female,82508,756,Standard Checking,365.29,1,0,0,High,93,0,0
CUST-04251,Joseph Johnson,52,Female,221138,597,Premium Checking,5608.44,0,0,0,High,86.7,0,0
CUST-04252,William Miller,37,Male,93957,555,Premium Checking,56159.88,1,0,1,Medium,34.6,0,0
CUST-04253,Patricia Martin,19,Female,89801,610,Premium Checking,13964.96,1,0,1,Medium,66.6,0,0
CUST-04254,Sarah Brown,24,Female,58253,756,Money Market,24976.17,0,0,0,High,88.9,0,0
CUST-04255,Margaret Gonzalez,66,Male,29069,742,Standard Checking,3310.63,1,0,1,Low,14.4,0,0
CUST-04256,James Williams,26,Male,31860,577,Premium Checking,25956.96,1,0,0,High,88.7,0,0
CUST-04257,Jessica Brown,44,Male,68140,622,Standard Checking,7572.44,1,0,0,Low,16.3,0,0
CUST-04258,Matthew Thomas,19,Female,76526,575,Standard Checking,3201.75,1,0,0,High,85.4,0,1
CUST-04259,Betty Jackson,85,Male,30651,724,Savings,2119.02,1,1,0,Medium,44,0,0
CUST-04260,James Jones,77,Male,61530,594,Standard Checking,14930.52,1,0,0,Medium,63.4,0,0
CUST-04261,Charles Hernandez,66,Male,51873,711,Savings,10924.94,0,0,0,Low,13.9,0,0
CUST-04262,Richard Martin,19,Female,62791,665,Standard Checking,8013.19,0,0,1,High,88.5,0,0
CUST-04263,Robert Brown,34,Female,58622,686,Standard Checking,8518.98,0,0,0,High,71.3,0,0
CUST-04264,Patricia Brown,37,Female,60152,562,Standard Checking,1698.63,1,0,0,None,0,0,1
CUST-04265,Patricia Martin,49,Male,18532,742,Savings,10836.62,1,0,0,High,72.8,0,0
CUST-04266,Christopher Moore,68,Female,122019,788,Money Market,25716.36,0,0,0,Medium,38.4,0,0
CUST-04267,Sarah Thomas,59,Female,99476,783,Savings,13463.13,1,0,0,Medium,66,0,0
CUST-04268,William Moore,80,Female,48655,684,Money Market,117787.26,0,0,0,High,97.7,0,0
CUST-04269,Nancy Johnson,78,Female,27172,536,Premium Checking,35483.82,1,1,0,High,73.2,0,0
CUST-04270,Christopher Brown,79,Male,64965,654,Savings,4044.84,1,0,0,High,91.9,0,0
CUST-04271,Barbara Miller,20,Male,23600,698,Money Market,115583.6,1,1,0,Medium,63.9,0,0
CUST-04272,Joseph Miller,43,Male,113377,689,Standard Checking,12485.4,1,0,0,Low,20.4,0,0
CUST-04273,Mark Taylor,65,Female,45219,571,Premium Checking,55285.94,1,0,0,Low,27.9,0,0
CUST-04274,Jessica Jackson,25,Female,36380,729,Premium Checking,12693.9,1,0,0,High,80.5,0,0
CUST-04275,William Wilson,22,Female,65632,733,Standard Checking,1323.25,0,0,1,Medium,31.3,0,0
CUST-04276,Thomas Jones,28,Female,38763,734,Standard Checking,5250.1,1,0,0,Medium,37.8,0,0
CUST-04277,Mary Martin,59,Female,42616,629,Premium Checking,46835.1,0,0,0,High,78.7,0,0
CUST-04278,Jessica Wilson,58,Male,32965,578,Premium Checking,43752.78,0,1,0,Medium,46.5,0,0
CUST-04279,Susan Smith,36,Male,67006,645,Standard Checking,5072.66,0,0,1,Medium,46.2,0,0
CUST-04280,John Miller,65,Female,57168,762,Savings,14614.58,0,0,0,None,0,0,0
CUST-04281,Betty Anderson,70,Non-Binary,82882,612,Standard Checking,8222.54,1,1,1,High,78.9,1,0
CUST-04282,Charles Martin,72,Female,21751,619,Savings,4658.51,1,0,0,Medium,53.3,0,0
CUST-04283,Mary Jackson,78,Female,26673,605,Savings,13955.51,0,1,1,High,98.9,0,0
CUST-04284,William Jackson,49,Male,37842,650,Savings,5238.43,0,0,0,Medium,41.8,0,0
CUST-04285,Anthony Jones,63,Male,85444,709,Standard Checking,2045.49,1,1,1,Low,10.7,0,0
CUST-04286,Sarah Thomas,53,Female,24039,727,Savings,8709.15,1,1,0,Medium,55.2,0,0
CUST-04287,Patricia Lopez,35,Female,32055,591,Standard Checking,10729.15,1,0,0,Medium,38.1,0,0
CUST-04288,Mark Miller,35,Female,99729,750,Standard Checking,1236.03,0,0,0,High,72.9,0,0
CUST-04289,Susan Lopez,29,Female,63885,760,Savings,9350.27,0,0,0,High,71.8,0,0
CUST-04290,John Jones,63,Male,84134,659,Savings,5609.06,0,0,0,Medium,44.7,0,0
CUST-04291,Thomas Martinez,72,Male,46838,582,Standard Checking,1912.79,1,0,0,High,99.8,0,1
CUST-04292,Elizabeth Hernandez,55,Female,118676,767,Premium Checking,48505.34,1,0,0,High,95,0,0
CUST-04293,Thomas Jones,19,Male,23729,706,Standard Checking,4072.85,0,0,0,High,81.4,0,0
CUST-04294,Richard Martinez,26,Female,44037,813,Savings,2587.22,1,0,0,Low,22.7,0,0
CUST-04295,William Taylor,22,Female,42265,579,Money Market,38850.59,1,0,0,Medium,31.6,0,0
CUST-04296,James Brown,36,Female,42527,700,Savings,6050.27,1,0,0,Medium,53.9,0,0
CUST-04297,Patricia Moore,56,Non-Binary,26166,782,Standard Checking,9329.67,1,0,0,Medium,38.8,0,0
CUST-04298,William Moore,59,Male,64682,712,Standard Checking,14633.42,1,0,1,High,89.1,0,0
CUST-04299,Susan Anderson,34,Female,26574,527,Standard Checking,5103.67,0,0,1,Medium,58,0,1
CUST-04300,Jennifer Martinez,80,Male,25180,533,Savings,9206.82,0,1,0,Low,20.3,0,1
CUST-04301,Mark Anderson,63,Male,13407,805,Savings,1808.06,0,0,0,Low,8.7,0,0
CUST-04302,Mark Brown,37,Female,33823,636,Money Market,67039.53,1,0,0,High,75.8,0,0
CUST-04303,Sarah Moore,25,Male,52751,713,Premium Checking,40148.16,0,1,0,High,89,0,0
CUST-04304,Matthew Taylor,36,Female,56626,588,Money Market,80264.74,0,0,0,High,85.5,0,0
CUST-04305,Barbara Miller,49,Female,43825,640,Savings,8237.97,1,0,0,Medium,47.2,0,0
CUST-04306,Jessica Hernandez,36,Male,35072,746,Standard Checking,8472.77,0,0,1,High,80.6,0,0
CUST-04307,Susan Williams,41,Male,40023,699,Standard Checking,6729.24,1,0,0,High,73,0,0
CUST-04308,Charles Moore,41,Male,34985,648,Savings,732.43,0,0,0,High,70,0,0
CUST-04309,Sandra Martinez,73,Female,136895,735,Premium Checking,71673.93,0,0,0,Medium,30.4,1,0
CUST-04310,Jennifer Gonzalez,35,Female,26525,676,Money Market,95373.29,1,1,0,Medium,61.9,0,0
CUST-04311,Elizabeth Moore,29,Female,33267,750,Standard Checking,2863.03,1,0,0,High,70.5,0,0
CUST-04312,Betty Martin,58,Male,49008,649,Premium Checking,44724.45,1,0,0,Medium,55.1,0,0
CUST-04313,Betty Thomas,65,Male,28336,700,Savings,7475.2,1,0,0,High,71.7,0,0
CUST-04314,Matthew Garcia,81,Male,50163,819,Savings,7658.03,1,1,0,None,0,0,0
CUST-04315,Richard Brown,33,Female,21610,691,Savings,9011.03,0,0,0,Medium,35.1,1,0
CUST-04316,Daniel Wilson,40,Male,52152,728,Standard Checking,11819.28,0,0,0,Medium,52.2,0,0
CUST-04317,James Martin,56,Male,39256,557,Standard Checking,14043.75,1,0,1,High,85,0,0
CUST-04318,Robert Davis,50,Male,33770,690,Standard Checking,14223.47,0,0,0,High,88.7,0,0
CUST-04319,Barbara Johnson,41,Female,42364,694,Savings,13500.63,0,0,1,Medium,43.4,0,0
CUST-04320,Barbara Jones,78,Female,37403,595,Savings,11136.86,0,0,0,High,87.9,0,0
CUST-04321,Nancy Jones,72,Female,40077,661,Savings,10072.61,1,0,0,Medium,54.8,0,0
CUST-04322,Richard Rodriguez,78,Female,71919,659,Savings,1807.27,1,0,0,High,73,0,0
CUST-04323,Elizabeth Smith,57,Female,120512,602,Standard Checking,9863,1,1,0,High,85,0,0
CUST-04324,Sandra Williams,75,Male,12679,644,Savings,2395.36,1,0,0,None,0,0,1
CUST-04325,Sandra Moore,18,Male,43649,827,Money Market,117450.92,0,0,0,None,0,0,0
CUST-04326,Barbara Williams,42,Female,25812,681,Standard Checking,2472.05,0,1,1,Medium,44.2,0,0
CUST-04327,Betty Rodriguez,70,Male,41332,701,Savings,10238.44,1,0,1,Low,28,0,0
CUST-04328,Betty Johnson,78,Male,59955,811,Premium Checking,32325.18,1,0,1,None,0,0,0
CUST-04329,Sandra Williams,63,Male,161715,505,Standard Checking,4735.79,1,0,0,Medium,69.9,0,1
CUST-04330,Susan Brown,77,Male,41723,830,Standard Checking,5644.01,0,0,0,High,74,0,0
CUST-04331,Matthew Jackson,68,Male,52309,732,Standard Checking,4739.32,0,0,0,Medium,42.8,0,0
CUST-04332,Richard Miller,65,Female,31040,593,Savings,4696.04,0,0,0,Medium,54.8,0,0
CUST-04333,Barbara Williams,57,Male,30239,593,Standard Checking,8009.95,1,0,0,Medium,32.7,0,0
CUST-04334,Daniel Rodriguez,24,Male,29528,735,Money Market,100495.63,1,0,0,High,91.8,0,0
CUST-04335,Mary Rodriguez,36,Male,34242,734,Money Market,85620.81,0,0,1,None,0,0,0
CUST-04336,Barbara Lopez,32,Female,38663,710,Money Market,58842.15,1,0,0,Low,18.3,0,0
CUST-04337,Joseph Johnson,78,Female,99785,613,Standard Checking,2925.97,1,0,0,High,83.1,0,0
CUST-04338,Sarah Gonzalez,73,Male,41228,696,Standard Checking,4674.01,1,0,0,Low,20.2,0,0
CUST-04339,Susan Jones,27,Female,64701,634,Standard Checking,10272.31,0,0,0,Low,13.7,0,0
CUST-04340,Betty Martinez,63,Male,56785,660,Money Market,77344.98,0,0,0,Medium,43.9,0,0
CUST-04341,Barbara Martinez,74,Female,78914,610,Standard Checking,7177.87,0,0,0,Medium,35.6,0,0
CUST-04342,Lisa Hernandez,52,Female,18938,632,Premium Checking,52599.35,0,0,1,High,97.9,0,0
CUST-04343,Matthew Johnson,20,Female,58192,532,Premium Checking,38052.32,1,0,0,Low,24.5,0,0
CUST-04344,Robert Miller,83,Female,54984,785,Money Market,16919.02,0,0,0,Medium,63.4,0,0
CUST-04345,Jennifer Williams,70,Male,46633,620,Money Market,78773.29,1,0,0,Low,9.9,0,0
CUST-04346,Richard Williams,69,Female,83964,776,Premium Checking,55092.94,1,0,0,Low,27.6,0,0
CUST-04347,Betty Garcia,70,Male,46146,648,Premium Checking,71723.35,1,0,1,Medium,69.6,0,0
CUST-04348,David Taylor,71,Female,76074,638,Standard Checking,4933.3,0,0,0,High,92.3,0,0
CUST-04349,Elizabeth Lopez,64,Male,53371,533,Savings,11538.06,1,0,0,High,79.9,0,0
CUST-04350,Thomas Brown,20,Male,55474,813,Standard Checking,12806.04,1,0,1,Medium,61.5,0,0
CUST-04351,Mary Hernandez,82,Male,57416,753,Standard Checking,11971.45,1,0,0,Low,10.5,0,0
CUST-04352,Michael Johnson,32,Male,44369,613,Savings,2409.2,1,0,0,Low,28.6,0,1
CUST-04353,Betty Moore,51,Female,107150,744,Standard Checking,13787.49,1,0,1,Medium,69.9,0,0
CUST-04354,Christopher Brown,67,Female,83934,754,Savings,5844.29,1,0,0,High,98.9,0,0
CUST-04355,Linda Martin,50,Male,47583,694,Standard Checking,12573.01,1,0,0,High,97.6,0,0
CUST-04356,Susan Lopez,20,Male,53396,692,Savings,9410.8,1,1,0,High,80.9,0,0
CUST-04357,Nancy Moore,19,Female,62348,679,Savings,11911.22,1,0,0,High,74.4,0,0
CUST-04358,David Davis,21,Male,73499,625,Standard Checking,502.9,1,0,0,Medium,41.7,0,1
CUST-04359,Mary Anderson,33,Male,109792,651,Savings,6548.85,1,1,0,High,86.2,0,0
CUST-04360,William Jackson,71,Female,77140,612,Savings,9115.24,0,0,0,High,87,0,0
CUST-04361,Karen Davis,50,Male,44926,752,Money Market,82758.18,1,1,0,High,99.3,0,0
CUST-04362,Matthew Jackson,26,Male,32572,796,Savings,11851.45,0,0,1,Medium,51.9,0,0
CUST-04363,Robert Hernandez,74,Female,80505,705,Savings,10868.09,1,0,0,Medium,60.5,0,0
CUST-04364,Joseph Davis,57,Male,56642,643,Savings,5877.79,1,0,0,Medium,45,0,0
CUST-04365,Charles Davis,69,Male,29993,648,Savings,6612.2,1,0,1,Medium,56.7,0,0
CUST-04366,Betty Jackson,33,Female,75107,704,Savings,7396.63,1,0,1,Low,25.2,0,0
CUST-04367,Sarah Martinez,25,Male,104632,719,Premium Checking,11888.58,0,1,1,Medium,39,0,0
CUST-04368,Mark Miller,77,Male,49195,690,Standard Checking,4509.49,0,0,0,Low,17.5,1,0
CUST-04369,Margaret Rodriguez,53,Female,107291,629,Premium Checking,51568.69,0,0,0,Low,23.6,0,0
CUST-04370,James Jackson,20,Female,71904,762,Premium Checking,38662.62,0,0,1,Low,15.3,0,0
CUST-04371,Robert Jackson,32,Female,27466,688,Savings,2147.88,1,0,0,Medium,39.9,0,0
CUST-04372,James Anderson,40,Male,60553,712,Premium Checking,48932.18,1,0,0,Medium,54.9,0,0
CUST-04373,Jessica Miller,20,Male,20219,532,Standard Checking,9983.53,0,0,0,High,73.4,0,1
CUST-04374,Betty Lopez,47,Female,58513,664,Standard Checking,10005.19,1,0,1,High,77.1,0,0
CUST-04375,Linda Jones,62,Male,29368,729,Standard Checking,6874.59,0,1,0,Medium,39.6,0,0
CUST-04376,Elizabeth Jones,34,Male,53968,593,Premium Checking,40291,0,0,0,High,75.7,1,0
CUST-04377,Thomas Jones,75,Female,68787,557,Savings,14387.06,1,0,0,Low,9,0,0
CUST-04378,Nancy Anderson,75,Male,36529,759,Savings,14735.15,1,0,0,High,71.5,0,0
CUST-04379,Richard Smith,74,Male,114146,688,Standard Checking,12679.96,1,1,1,High,90.6,0,0
CUST-04380,David Smith,24,Male,30923,694,Savings,13719.91,0,0,0,Low,20.8,0,0
CUST-04381,David Moore,56,Female,16825,708,Premium Checking,69581.8,1,0,0,High,97.9,0,0
CUST-04382,Sarah Thomas,75,Male,48317,698,Money Market,146592.54,0,0,0,Medium,58.4,0,0
CUST-04383,Richard Miller,73,Male,97012,471,Savings,14312.05,0,0,0,High,98.1,0,1
CUST-04384,James Thomas,32,Male,48508,651,Savings,1997.55,1,0,0,High,76.5,0,0
CUST-04385,James Taylor,61,Female,36442,669,Premium Checking,37070.67,1,0,0,High,83.7,0,0
CUST-04386,Jennifer Johnson,29,Female,21496,691,Premium Checking,19543.57,0,0,1,Medium,40.9,0,0
CUST-04387,Thomas Garcia,25,Male,36837,681,Savings,14625.9,0,0,0,High,73.9,0,0
CUST-04388,Susan Moore,58,Female,27692,649,Standard Checking,10762.3,1,0,1,Medium,54,0,0
CUST-04389,Jennifer Martinez,51,Male,55372,741,Savings,5088.73,0,0,0,Medium,55.7,1,0
CUST-04390,Lisa Moore,63,Male,57768,660,Standard Checking,1815.12,1,0,0,Medium,69.4,0,0
CUST-04391,Anthony Rodriguez,46,Female,30501,692,Savings,3621.27,1,1,0,Medium,53.7,0,0
CUST-04392,Linda Martinez,33,Female,41642,791,Standard Checking,10578.1,1,0,0,High,84.3,0,0
CUST-04393,Thomas Garcia,22,Male,101022,579,Premium Checking,57648.41,0,0,1,Medium,56.7,0,0
CUST-04394,Susan Garcia,22,Female,39617,521,Savings,14239.07,1,0,0,High,92.4,0,0
CUST-04395,Betty Miller,47,Male,39117,704,Standard Checking,8045.38,1,0,0,High,98.6,0,0
CUST-04396,Barbara Williams,67,Non-Binary,53812,721,Standard Checking,7893.94,1,0,1,Low,5.6,0,0
CUST-04397,Susan Jackson,22,Female,24222,832,Savings,12116.9,1,0,0,High,78.8,0,0
CUST-04398,Daniel Thomas,30,Non-Binary,78818,682,Standard Checking,11968.86,1,0,0,Medium,59,0,0
CUST-04399,Michael Davis,66,Male,39872,667,Savings,10321.14,1,0,0,Low,23.7,0,0
CUST-04400,Sarah Gonzalez,67,Male,27473,643,Money Market,113551.19,1,1,0,High,84.8,0,0
CUST-04401,Christopher Rodriguez,31,Female,64128,755,Premium Checking,18321.82,0,0,0,High,94.7,0,0
CUST-04402,Elizabeth Rodriguez,63,Female,38412,715,Savings,13512.3,1,0,0,Medium,46.7,0,0
CUST-04403,Joseph Martin,51,Female,31637,737,Savings,7082.9,1,1,0,None,0,0,0
CUST-04404,Mary Gonzalez,64,Male,50834,699,Premium Checking,34867.06,1,0,0,High,87.1,0,0
CUST-04405,Mary Jackson,77,Female,82941,740,Savings,3549.61,1,0,0,Low,16.7,0,0
CUST-04406,Betty Johnson,28,Female,39920,778,Standard Checking,12764.62,1,0,0,Low,21.8,0,0
CUST-04407,John Garcia,67,Female,30254,721,Standard Checking,5324.11,0,1,0,High,93.2,0,0
CUST-04408,John Martinez,21,Male,15948,642,Money Market,137094.74,1,0,0,None,0,0,0
CUST-04409,Lisa Garcia,58,Female,23741,612,Standard Checking,4869.72,0,0,0,High,86.6,0,0
CUST-04410,Daniel Thomas,76,Female,38515,690,Standard Checking,14300.82,1,0,0,High,83.1,0,0
CUST-04411,Thomas Jackson,77,Male,25496,785,Premium Checking,50712.93,0,0,1,Medium,38.5,0,0
CUST-04412,John Moore,79,Female,34565,694,Standard Checking,7929.73,1,0,1,High,72.9,0,0
CUST-04413,Michael Rodriguez,42,Male,128541,563,Standard Checking,5948.68,1,0,0,Low,29.1,0,1
CUST-04414,Karen Lopez,50,Female,90723,804,Standard Checking,8045.32,0,0,0,High,80.3,0,0
CUST-04415,Robert Williams,36,Female,32563,712,Standard Checking,3499.17,1,1,0,Low,26.1,0,0
CUST-04416,David Brown,74,Male,52525,673,Standard Checking,7580,1,1,1,None,0,0,1
CUST-04417,Robert Smith,32,Female,28559,668,Savings,2021.16,0,1,0,Medium,63.3,0,0
CUST-04418,Anthony Moore,58,Female,107050,518,Standard Checking,3504.79,1,0,0,Medium,67.9,0,1
CUST-04419,Barbara Gonzalez,77,Female,50795,621,Standard Checking,10095.47,0,0,1,Medium,51.4,0,0
CUST-04420,William Johnson,39,Female,82876,620,Premium Checking,5207.52,0,0,1,Medium,65.6,0,0
CUST-04421,Robert Gonzalez,60,Male,33079,723,Savings,7478.74,1,0,0,Low,20,0,0
CUST-04422,Jessica Thomas,49,Female,109166,665,Savings,13978.49,1,0,0,Medium,64.6,0,0
CUST-04423,Lisa Williams,30,Male,39341,756,Standard Checking,3264.87,1,0,0,Low,16.2,0,0
CUST-04424,Nancy Brown,55,Male,20274,528,Standard Checking,8298.76,1,0,1,High,95.1,0,1
CUST-04425,David Wilson,43,Male,44947,838,Standard Checking,7996.28,0,0,0,Low,26.5,0,0
CUST-04426,Mark Williams,22,Female,34771,767,Premium Checking,47496.81,0,0,0,High,75,0,0
CUST-04427,Jessica Anderson,66,Female,81027,710,Savings,12458.76,1,0,1,High,80.7,0,0
CUST-04428,Margaret Martinez,22,Female,35946,655,Savings,8524.65,1,0,0,Medium,52.5,0,0
CUST-04429,William Hernandez,65,Female,64145,735,Standard Checking,12315.28,0,1,0,Medium,31.4,0,0
CUST-04430,Jessica Martinez,35,Female,34852,686,Savings,12907.4,1,0,0,High,91.8,0,0
CUST-04431,Thomas Jackson,23,Female,32115,666,Savings,1114.93,1,0,0,High,78.5,0,0
CUST-04432,Mary Johnson,83,Male,49040,732,Savings,14070.59,1,0,0,Medium,46.7,1,0
CUST-04433,Jennifer Jackson,59,Female,63951,740,Money Market,20658.14,1,0,1,Medium,50.9,0,0
CUST-04434,Linda Williams,69,Male,22466,704,Money Market,141812.11,0,0,0,Low,8.7,0,0
CUST-04435,Betty Wilson,28,Female,77766,646,Standard Checking,12308.23,1,0,0,Medium,48.7,0,0
CUST-04436,Matthew Thomas,43,Male,78318,671,Savings,3486.78,1,0,0,High,95.9,0,0
CUST-04437,James Williams,38,Male,42096,585,Standard Checking,12300.2,1,0,0,High,95.6,0,0
CUST-04438,Nancy Moore,83,Male,44572,581,Premium Checking,45694.19,0,0,1,High,97.6,1,0
CUST-04439,William Garcia,57,Male,13038,637,Standard Checking,6691.25,1,0,0,Low,29.6,0,0
CUST-04440,Daniel Smith,73,Male,120731,747,Standard Checking,8585.07,1,0,0,High,85,0,0
CUST-04441,Christopher Martinez,68,Male,41737,688,Savings,10762.08,1,0,1,High,91.9,0,0
CUST-04442,Anthony Garcia,37,Male,84286,746,Standard Checking,4196.44,0,0,0,Medium,44.2,1,0
CUST-04443,Daniel Lopez,74,Male,36223,770,Standard Checking,1507.4,1,0,0,High,92.3,0,0
CUST-04444,Patricia Gonzalez,22,Male,49091,705,Standard Checking,13606.76,1,0,0,High,85.3,0,0
CUST-04445,Thomas Davis,31,Male,63673,607,Standard Checking,14260.32,0,0,0,Medium,64,0,0
CUST-04446,Betty Martin,41,Female,38969,736,Savings,9389.03,0,0,1,Low,8.6,0,0
CUST-04447,John Lopez,85,Female,22413,600,Money Market,52236.37,1,0,0,Low,8.4,0,0
CUST-04448,Michael Lopez,69,Female,46030,642,Savings,856.05,1,0,0,Low,28.9,0,0
CUST-04449,Mary Wilson,65,Female,24168,774,Premium Checking,26686.07,0,0,0,High,74.1,0,0
CUST-04450,Nancy Jones,64,Female,31843,679,Savings,5137.37,1,0,0,Medium,47.6,0,0
CUST-04451,William Hernandez,77,Female,35774,712,Savings,5781.65,1,0,0,High,76.9,0,0
CUST-04452,Robert Williams,20,Male,50994,537,Standard Checking,10804.35,1,0,0,High,70.3,0,0
CUST-04453,Anthony Taylor,26,Female,35543,657,Premium Checking,43209.42,1,0,0,Medium,56.2,0,0
CUST-04454,Mary Smith,41,Male,26644,699,Standard Checking,11877.23,0,0,0,High,79.8,0,0
CUST-04455,Michael Wilson,21,Female,53846,686,Standard Checking,14862,1,1,1,None,0,0,0
CUST-04456,Robert Jackson,26,Female,67922,735,Savings,8217.37,0,0,1,Low,11.7,0,0
CUST-04457,Margaret Hernandez,18,Female,24509,635,Savings,4200.08,1,0,0,Low,6.1,0,0
CUST-04458,Daniel Johnson,52,Male,49490,760,Standard Checking,14369.96,1,0,0,Medium,57.9,0,0
CUST-04459,Linda Rodriguez,29,Female,71412,647,Standard Checking,10990.32,0,0,1,High,71.2,0,0
CUST-04460,Anthony Williams,35,Non-Binary,51572,681,Standard Checking,3411.01,1,0,0,High,92.6,0,0
CUST-04461,Mary Miller,27,Female,26763,610,Savings,14915.96,1,0,0,High,98.6,0,0
CUST-04462,Robert Jones,35,Female,55254,718,Money Market,86906.2,1,0,0,Medium,46.4,0,0
CUST-04463,Karen Gonzalez,41,Male,49012,626,Savings,8661.09,1,0,0,High,98.5,0,0
CUST-04464,Christopher Martin,18,Male,52891,698,Savings,10282.97,1,0,0,Medium,57.5,0,0
CUST-04465,Mark Garcia,33,Male,49955,737,Standard Checking,2777.24,1,0,0,Low,29.2,0,0
CUST-04466,Karen Moore,32,Female,17867,744,Premium Checking,59525.66,1,0,0,Low,17.8,0,0
CUST-04467,Matthew Johnson,79,Male,44947,850,Standard Checking,160.51,1,0,0,None,0,0,0
CUST-04468,Matthew Garcia,22,Male,78837,680,Money Market,92019.22,0,0,0,Low,15.6,0,0
CUST-04469,William Williams,62,Male,100563,658,Savings,8762.72,1,0,1,Low,6,0,0
CUST-04470,James Smith,69,Male,80594,636,Standard Checking,2607.97,1,1,0,High,97.2,0,0
CUST-04471,Charles Jones,24,Male,49658,723,Standard Checking,9254.21,1,1,0,Medium,64.2,0,0
CUST-04472,Richard Jackson,44,Male,69277,671,Standard Checking,87.6,1,0,1,Medium,32.2,0,0
CUST-04473,Barbara Thomas,30,Female,64311,620,Standard Checking,5636.56,1,0,0,Medium,40.7,1,0
CUST-04474,Matthew Jackson,34,Male,43650,618,Savings,11530.65,0,0,0,High,90.4,0,0
CUST-04475,John Lopez,61,Male,87086,767,Money Market,42650.97,1,0,0,Medium,59.2,0,0
CUST-04476,Sandra Jones,30,Female,35477,741,Savings,9075.91,0,0,1,High,83.5,0,0
CUST-04477,Mary Miller,22,Non-Binary,46451,772,Standard Checking,4769.98,1,0,0,None,0,0,0
CUST-04478,Richard Anderson,50,Male,76962,580,Savings,1523.47,1,0,1,High,98.6,0,1
CUST-04479,Nancy Williams,21,Male,30995,654,Standard Checking,12378.37,1,1,0,None,0,0,1
CUST-04480,Margaret Martin,43,Female,25136,615,Standard Checking,8246.77,1,0,0,High,75,0,0
CUST-04481,Robert Davis,85,Female,30177,689,Premium Checking,52534.92,1,0,0,High,91.7,0,0
CUST-04482,Nancy Smith,33,Female,61210,624,Savings,14528.8,1,0,0,Low,10.3,0,0
CUST-04483,Linda Moore,39,Male,149756,777,Standard Checking,2794.3,1,1,0,Medium,61,0,0
CUST-04484,Karen Thomas,53,Male,89223,655,Savings,2097.22,1,0,0,High,90.4,0,0
CUST-04485,Sarah Martin,75,Female,72502,809,Savings,14713.79,1,0,1,High,81.9,0,0
CUST-04486,Barbara Gonzalez,72,Female,107257,740,Savings,3537.87,1,0,1,High,89.2,0,0
CUST-04487,Richard Martinez,52,Male,56653,743,Standard Checking,6432.45,1,0,1,Medium,43.7,0,0
CUST-04488,Michael Wilson,42,Male,35993,800,Premium Checking,39917.61,1,0,1,High,84.5,0,0
CUST-04489,Sandra Thomas,78,Female,47539,684,Standard Checking,3493.9,1,0,0,Medium,49.9,0,0
CUST-04490,Joseph Lopez,35,Male,42883,739,Premium Checking,69119.29,1,0,0,Low,26,0,0
CUST-04491,William Davis,75,Female,30286,702,Savings,11813.64,0,0,1,Low,24.6,0,0
CUST-04492,Sarah Moore,74,Male,44171,624,Standard Checking,7471.14,0,0,1,Medium,54.1,0,0
CUST-04493,Richard Moore,80,Male,22472,635,Savings,7337.06,1,0,0,Medium,31,0,0
CUST-04494,Joseph Brown,29,Male,41718,665,Premium Checking,61442.84,1,0,0,Medium,60.1,0,0
CUST-04495,Thomas Jones,28,Female,46682,711,Savings,9407.74,1,0,0,Medium,39.2,0,0
CUST-04496,Nancy Thomas,30,Male,44960,732,Savings,3053.2,1,0,1,Low,17.6,0,0
CUST-04497,William Martinez,52,Male,113714,719,Premium Checking,6892.56,1,0,0,Low,18.2,0,0
CUST-04498,Lisa Moore,44,Male,54184,720,Money Market,112314.94,1,1,0,Low,6.9,0,0
CUST-04499,Thomas Moore,84,Female,118459,660,Premium Checking,10231.67,1,0,0,High,72.1,0,0
CUST-04500,Michael Brown,62,Non-Binary,24681,524,Money Market,53764.57,1,1,0,Medium,46.8,0,0
CUST-04501,Betty Jones,84,Female,75976,733,Savings,14257.86,0,0,0,Low,16.1,0,0
CUST-04502,Margaret Thomas,39,Non-Binary,54556,624,Premium Checking,59646.57,0,0,0,High,84.9,0,0
CUST-04503,John Moore,59,Male,46689,830,Standard Checking,11275.65,1,0,0,None,0,0,0
CUST-04504,Mark Wilson,37,Non-Binary,25265,704,Premium Checking,29728.2,1,0,0,High,94.3,0,0
CUST-04505,Joseph Taylor,65,Male,58111,776,Money Market,29501.54,1,0,0,Medium,63.4,0,0
CUST-04506,James Taylor,35,Male,152839,602,Standard Checking,1647.25,1,0,1,Medium,68.1,0,1
CUST-04507,Daniel Hernandez,23,Male,61102,759,Premium Checking,19552.65,1,0,0,High,89.5,0,0
CUST-04508,Thomas Wilson,56,Female,47901,730,Standard Checking,10302.24,0,0,1,Medium,52.4,0,0
CUST-04509,Mark Martin,28,Female,52803,706,Savings,12702.74,0,0,0,High,84.7,0,0
CUST-04510,Sandra Jackson,42,Female,65829,606,Savings,11210.41,0,0,0,High,95.8,0,0
CUST-04511,Christopher Miller,72,Non-Binary,107077,630,Premium Checking,47691.02,0,0,0,Medium,58.4,0,0
CUST-04512,Lisa Gonzalez,75,Female,40747,725,Premium Checking,44849.52,1,0,0,High,77.3,0,0
CUST-04513,Sarah Wilson,54,Female,53770,630,Savings,9441.28,1,0,0,Medium,58.5,0,0
CUST-04514,James Miller,33,Male,49139,621,Money Market,17699.94,0,0,1,None,0,0,0
CUST-04515,Linda Moore,54,Female,39034,644,Standard Checking,8483.09,0,0,0,High,95.9,0,0
CUST-04516,William Smith,70,Female,54072,715,Savings,9126.81,0,0,0,High,73.4,0,0
CUST-04517,Mark Taylor,33,Female,105379,779,Standard Checking,2756.11,1,0,0,High,76.7,0,0
CUST-04518,Charles Garcia,35,Male,35382,708,Standard Checking,5020.38,1,0,1,High,76,0,0
CUST-04519,John Jones,36,Male,58936,765,Savings,9205.11,1,0,1,Low,25.8,0,0
CUST-04520,Mary Martin,61,Male,59949,670,Savings,1237.54,0,0,1,None,0,0,1
CUST-04521,Matthew Brown,19,Male,48780,822,Standard Checking,10666.66,1,0,0,High,82.9,0,0
CUST-04522,Elizabeth Martinez,75,Male,60790,773,Savings,11195.32,1,0,0,Low,21.1,0,0
CUST-04523,Lisa Hernandez,27,Female,59478,742,Savings,2200.04,1,0,1,Low,7.5,0,0
CUST-04524,Anthony Thomas,63,Female,31033,711,Savings,4296.95,0,0,0,Medium,65.6,0,0
CUST-04525,Betty Taylor,36,Female,47569,707,Standard Checking,3504.81,1,0,1,Medium,57.8,0,0
CUST-04526,Jessica Miller,55,Male,48648,575,Savings,3188.33,1,0,0,Medium,69.1,0,1
CUST-04527,Jessica Williams,54,Male,29012,572,Money Market,66802.65,0,0,0,High,81.2,0,0
CUST-04528,Betty Thomas,62,Male,50487,725,Savings,11331.09,1,0,1,Medium,53.8,0,0
CUST-04529,Linda Lopez,51,Male,48349,685,Standard Checking,6130.5,1,0,0,Medium,46.3,0,0
CUST-04530,John Taylor,19,Male,134814,719,Premium Checking,74562.74,0,0,0,Medium,56.4,0,0
CUST-04531,Christopher Moore,61,Male,32457,600,Money Market,132959.31,1,0,0,High,98.7,0,0
CUST-04532,David Brown,44,Female,80835,786,Premium Checking,18336.22,1,0,0,Medium,49.5,0,0
CUST-04533,Jessica Taylor,65,Male,62109,665,Savings,14986.91,1,0,0,None,0,0,0
CUST-04534,William Garcia,24,Female,82165,706,Standard Checking,10949.97,0,0,1,Low,13.4,0,0
CUST-04535,Lisa Martin,44,Female,32839,644,Standard Checking,7299.52,1,0,0,High,96.1,0,0
CUST-04536,Matthew Johnson,35,Female,19123,702,Standard Checking,7096.36,0,0,0,Medium,37,0,0
CUST-04537,William Garcia,50,Female,46458,846,Standard Checking,13841.55,1,0,0,Medium,39.9,0,0
CUST-04538,John Martin,50,Female,72063,761,Standard Checking,6147.39,1,1,0,High,84.7,0,0
CUST-04539,Jennifer Miller,42,Female,41741,640,Savings,10909.02,0,0,1,High,71.8,0,0
CUST-04540,James Smith,31,Female,45537,609,Premium Checking,74564.7,1,1,1,Medium,63.6,0,0
CUST-04541,Robert Garcia,55,Male,131625,704,Standard Checking,9419.88,0,0,0,Low,25.7,0,0
CUST-04542,Richard Johnson,55,Male,34072,656,Savings,1301.82,1,0,0,High,83.3,0,0
CUST-04543,Joseph Anderson,21,Female,77863,632,Standard Checking,10003.46,1,0,1,Medium,59.4,0,0
CUST-04544,Richard Wilson,79,Male,30018,819,Savings,9648.24,0,0,0,High,86.5,1,0
CUST-04545,Betty Miller,27,Female,87123,541,Savings,11138.13,0,0,0,High,86.7,0,0
CUST-04546,Susan Martinez,52,Female,47339,729,Standard Checking,10178.12,0,1,0,High,91.6,0,0
CUST-04547,Thomas Wilson,40,Male,62577,815,Standard Checking,13203.52,1,0,1,Low,10.9,0,0
CUST-04548,Linda Brown,82,Female,35551,598,Standard Checking,14961.55,0,0,0,Medium,67.8,0,0
CUST-04549,Betty Thomas,42,Female,51384,650,Money Market,30054.51,1,1,0,High,92.9,0,0
CUST-04550,Lisa Gonzalez,70,Female,53336,656,Standard Checking,13332.75,1,0,0,High,77.3,0,0
CUST-04551,Nancy Martin,34,Female,24177,792,Savings,4417.03,1,0,0,High,80.1,0,0
CUST-04552,Sarah Wilson,74,Female,38305,677,Premium Checking,31706.81,0,0,1,Medium,60.2,0,0
CUST-04553,Sarah Jones,37,Female,56027,823,Standard Checking,3406.55,1,0,1,Medium,66.9,0,0
CUST-04554,Betty Rodriguez,42,Female,33628,739,Premium Checking,11818.84,0,1,0,Medium,52.4,0,0
CUST-04555,Margaret Williams,59,Male,53513,655,Standard Checking,7927.71,1,1,0,Medium,67.1,0,0
CUST-04556,Linda Martin,62,Male,44686,601,Standard Checking,12765.31,1,0,1,Medium,55.2,0,0
CUST-04557,Nancy Martinez,48,Male,65984,609,Standard Checking,6613.58,1,0,0,Medium,67,0,0
CUST-04558,Nancy Jackson,82,Male,45060,726,Premium Checking,34817.01,1,1,0,None,0,0,0
CUST-04559,Sandra Williams,69,Male,161206,850,Standard Checking,14615.7,0,0,0,None,0,0,0
CUST-04560,David Hernandez,38,Female,18311,646,Savings,2954.98,1,1,0,High,72.4,0,0
CUST-04561,Thomas Thomas,47,Female,32974,635,Premium Checking,62712.65,1,0,0,High,76.8,0,0
CUST-04562,Michael Brown,20,Female,68806,725,Standard Checking,5279.51,1,0,0,Medium,50,0,0
CUST-04563,Sandra Jackson,60,Female,53787,666,Premium Checking,70223.84,1,1,0,Medium,31.3,0,0
CUST-04564,Barbara Anderson,46,Male,60970,647,Savings,11753.52,1,0,0,None,0,1,1
CUST-04565,David Jones,20,Male,9863,788,Savings,6841.01,1,0,0,Medium,31.1,0,0
CUST-04566,Robert Anderson,75,Female,44755,787,Standard Checking,1441.54,1,0,0,High,98.7,0,0
CUST-04567,Mark Moore,50,Male,49172,700,Premium Checking,67779.58,1,0,0,Medium,42,0,0
CUST-04568,David Lopez,62,Female,66449,634,Savings,13308.51,0,0,0,High,71.7,1,0
CUST-04569,Mary Martin,49,Male,58558,707,Standard Checking,2352.19,1,0,0,High,89.8,0,0
CUST-04570,Joseph Martin,69,Male,49341,751,Standard Checking,9831.63,1,0,0,Medium,56,0,0
CUST-04571,Patricia Moore,81,Male,46582,774,Premium Checking,11501.27,0,0,0,High,72.7,0,0
CUST-04572,Jennifer Jackson,57,Female,26113,758,Savings,4693.07,1,0,0,High,80.9,0,0
CUST-04573,David Johnson,30,Female,58250,498,Standard Checking,8877.54,1,0,1,Medium,64.4,0,1
CUST-04574,Anthony Davis,46,Female,46096,714,Premium Checking,29273.36,0,0,0,High,79.1,0,0
CUST-04575,Mark Hernandez,80,Female,39501,733,Savings,932.23,1,0,1,Medium,57.3,0,0
CUST-04576,Robert Moore,43,Female,48700,744,Standard Checking,11967.18,0,0,0,Medium,57.1,0,0
CUST-04577,Daniel Moore,76,Female,40950,705,Savings,6931.14,1,0,0,Low,22.7,0,0
CUST-04578,Susan Martinez,66,Female,23776,683,Money Market,129641.37,1,0,0,High,88.5,0,0
CUST-04579,John Rodriguez,70,Male,68081,659,Savings,8112.03,0,0,1,High,88.3,0,0
CUST-04580,John Hernandez,48,Female,124981,624,Savings,931.65,1,0,0,High,73.5,0,1
CUST-04581,Barbara Lopez,29,Female,56309,635,Savings,12632.75,0,0,0,Medium,39.7,0,0
CUST-04582,John Miller,75,Male,56822,776,Standard Checking,14883.06,1,0,0,High,83.8,0,0
CUST-04583,Susan Hernandez,53,Male,103754,730,Savings,10180.4,0,0,0,Low,17.3,0,0
CUST-04584,Michael Martinez,27,Male,126954,737,Standard Checking,4805.89,0,0,0,Medium,62.3,0,0
CUST-04585,David Anderson,23,Male,44897,640,Money Market,111613.77,1,0,0,High,93.9,0,0
CUST-04586,Charles Thomas,24,Female,34162,717,Savings,4712.95,0,0,0,Medium,31.3,0,0
CUST-04587,Nancy Martin,48,Female,60975,808,Premium Checking,36847.25,0,1,1,None,0,0,0
CUST-04588,Barbara Moore,20,Female,53037,689,Money Market,39951.44,0,0,0,High,93.1,0,0
CUST-04589,Daniel Gonzalez,64,Female,79467,735,Money Market,100295.29,1,1,1,High,98.2,0,0
CUST-04590,Robert Brown,18,Female,49112,644,Savings,5733.85,1,0,1,High,86.7,0,0
CUST-04591,Margaret Wilson,62,Male,50938,652,Savings,6658.86,0,0,0,High,75.7,0,0
CUST-04592,Linda Rodriguez,71,Female,30328,700,Standard Checking,10217.99,0,0,0,Medium,41,0,0
CUST-04593,Matthew Jackson,67,Female,81688,631,Savings,9809.66,0,0,1,Low,16.2,0,0
CUST-04594,John Jones,24,Female,35679,627,Standard Checking,5486.04,0,0,0,Low,23.7,1,0
CUST-04595,Christopher Moore,80,Female,26992,668,Money Market,142478.74,1,0,1,Low,21.2,0,0
CUST-04596,James Davis,32,Female,13013,694,Savings,6344.08,1,1,1,Low,24.5,0,0
CUST-04597,Charles Taylor,84,Male,46602,637,Standard Checking,10066,0,0,0,Medium,67.3,0,0
CUST-04598,Thomas Hernandez,47,Female,34365,692,Standard Checking,4024.51,1,0,1,High,71.5,0,0
CUST-04599,Mary Garcia,85,Female,43614,601,Premium Checking,9766.08,0,0,1,Medium,41.7,0,0
CUST-04600,Nancy Wilson,53,Female,38393,691,Premium Checking,63488.61,1,0,0,Medium,47.2,0,0
CUST-04601,John Lopez,84,Male,40837,547,Standard Checking,3110.16,0,0,1,High,95.1,0,1
CUST-04602,Patricia Lopez,22,Male,32476,755,Standard Checking,6332.62,1,0,0,None,0,0,0
CUST-04603,Richard Johnson,42,Male,33726,571,Savings,3603.06,1,0,0,Medium,49.7,0,1
CUST-04604,Mary Anderson,28,Female,30498,788,Premium Checking,10860.91,1,0,0,Medium,49.2,0,0
CUST-04605,Daniel Taylor,83,Male,44429,709,Standard Checking,1376.35,1,0,0,Medium,59.5,0,0
CUST-04606,Michael Wilson,45,Female,27650,721,Standard Checking,6589.89,1,0,1,Medium,43.3,0,0
CUST-04607,Barbara Taylor,77,Male,91941,649,Standard Checking,11091.59,0,0,1,Medium,43.1,0,0
CUST-04608,Susan Garcia,27,Male,48799,717,Premium Checking,32619.29,0,0,0,Low,6,0,0
CUST-04609,Charles Garcia,67,Female,22749,693,Standard Checking,14764.04,0,1,0,High,73.1,0,0
CUST-04610,Anthony Moore,56,Female,54714,599,Standard Checking,2811.34,0,0,0,High,76.5,0,1
CUST-04611,Lisa Jones,54,Female,31286,733,Premium Checking,60052.97,0,0,1,High,75.9,0,0
CUST-04612,Lisa Garcia,80,Male,82658,621,Standard Checking,7405.11,1,0,0,High,90.1,1,0
CUST-04613,Mary Davis,78,Male,36076,843,Savings,12659.17,1,1,0,High,88.4,0,0
CUST-04614,Joseph Anderson,55,Male,98388,625,Premium Checking,13241.67,1,0,0,Medium,44.3,0,0
CUST-04615,David Smith,50,Male,80810,566,Standard Checking,11047.79,1,0,1,High,98,0,0
CUST-04616,Sarah Lopez,62,Female,302584,798,Standard Checking,274.47,1,0,1,High,75.2,0,0
CUST-04617,Barbara Hernandez,61,Male,51468,734,Standard Checking,432.5,1,0,1,High,91.6,0,0
CUST-04618,Margaret Davis,18,Non-Binary,69199,711,Savings,617.31,1,0,0,Medium,49,0,0
CUST-04619,Margaret Miller,70,Female,49330,641,Standard Checking,396.15,1,0,0,High,88.5,0,0
CUST-04620,Daniel Johnson,64,Female,51150,684,Standard Checking,3106.9,0,0,1,None,0,0,1
CUST-04621,David Martinez,50,Non-Binary,90806,668,Savings,8959.1,1,1,0,High,97.9,0,0
CUST-04622,John Martin,84,Male,72133,742,Premium Checking,21750.44,0,0,0,Low,11.9,0,0
CUST-04623,Mark Martinez,32,Male,46814,638,Savings,8536.08,1,1,0,Low,11.2,1,0
CUST-04624,Margaret Moore,31,Female,94885,644,Savings,1265.5,0,0,1,High,92.7,0,0
CUST-04625,Susan Moore,40,Male,80873,730,Standard Checking,10569.15,0,0,0,Medium,37.3,0,0
CUST-04626,Margaret Davis,71,Female,106753,773,Standard Checking,8316.74,0,0,0,Medium,43.1,0,0
CUST-04627,Elizabeth Gonzalez,25,Non-Binary,90233,652,Premium Checking,41145.4,0,1,1,Medium,49.8,0,0
CUST-04628,Christopher Davis,71,Female,41080,725,Standard Checking,2693.23,0,0,0,High,96.3,0,0
CUST-04629,Patricia Brown,53,Female,38938,752,Savings,1261.02,1,0,0,High,85.7,0,0
CUST-04630,Robert Smith,69,Female,39626,615,Standard Checking,7446.19,1,0,0,Medium,52.5,0,0
CUST-04631,Thomas Johnson,23,Female,72434,660,Savings,12625.74,1,0,0,Medium,42.8,0,0
CUST-04632,Sandra Davis,45,Male,95937,559,Savings,1555.26,1,1,0,Medium,41,0,1
CUST-04633,Michael Anderson,67,Female,83213,824,Money Market,17098.82,1,0,1,Medium,58.9,0,0
CUST-04634,Betty Jones,55,Male,24003,697,Standard Checking,4153.48,1,0,0,Medium,48.5,0,0
CUST-04635,Mary Miller,47,Female,34294,743,Premium Checking,34491.65,1,0,0,High,75.9,0,0
CUST-04636,Linda Miller,71,Female,68983,652,Savings,14895.06,1,0,1,High,86.9,0,0
CUST-04637,Sandra Miller,63,Male,90625,645,Premium Checking,70589.62,1,0,0,High,70.6,0,0
CUST-04638,Margaret Wilson,45,Male,57185,672,Standard Checking,12429.41,1,0,0,High,83.3,0,0
CUST-04639,Christopher Moore,34,Male,105239,667,Standard Checking,3420.73,0,0,0,Medium,38.3,0,0
CUST-04640,Jennifer Brown,65,Female,19047,845,Standard Checking,13654.45,1,0,0,Medium,59.1,0,0
CUST-04641,Elizabeth Moore,61,Female,44149,707,Standard Checking,11170.18,0,0,1,Medium,68,0,0
CUST-04642,Barbara Thomas,77,Female,99565,727,Standard Checking,5047.78,1,0,0,High,97.4,0,0
CUST-04643,Matthew Miller,77,Female,58079,681,Standard Checking,11327.96,1,0,0,High,84.9,0,0
CUST-04644,Jennifer Jones,22,Male,32776,685,Savings,13303.43,1,0,0,High,85.3,0,0
CUST-04645,John Lopez,24,Female,72759,727,Standard Checking,5424.35,1,0,0,Medium,43,0,0
CUST-04646,Joseph Martinez,70,Female,52507,677,Standard Checking,12482.65,0,0,0,Medium,31.9,0,0
CUST-04647,Betty Martin,34,Male,38910,778,Standard Checking,6704.98,0,0,0,High,85.6,0,0
CUST-04648,Charles Thomas,76,Male,22341,622,Savings,11193.45,1,0,1,High,86,0,0
CUST-04649,Margaret Hernandez,26,Female,69433,765,Standard Checking,4450.94,1,0,0,Medium,44.7,0,0
CUST-04650,Linda Williams,39,Female,28470,761,Money Market,32188.15,1,0,0,Medium,59.7,0,0
CUST-04651,Daniel Miller,62,Female,143070,825,Savings,13147.79,0,1,0,Medium,52.7,0,0
CUST-04652,Daniel Miller,76,Female,20105,557,Standard Checking,7220.53,1,0,0,Medium,52.5,0,1
CUST-04653,Susan Johnson,30,Male,50382,755,Premium Checking,33009.53,0,0,1,None,0,0,0
CUST-04654,Elizabeth Jackson,29,Female,71380,633,Savings,8374.82,1,0,0,Medium,66.3,0,0
CUST-04655,Betty Rodriguez,53,Male,29480,742,Standard Checking,12744.34,1,0,1,High,78.4,0,0
CUST-04656,Jessica Jackson,27,Female,34380,742,Standard Checking,3595.17,1,0,1,Medium,40.3,0,0
CUST-04657,Sarah Rodriguez,33,Male,74989,620,Standard Checking,399.75,0,0,0,Medium,35.1,0,1
CUST-04658,Jessica Gonzalez,36,Female,30474,729,Premium Checking,22485.61,1,0,0,Medium,30.1,0,0
CUST-04659,Elizabeth Martin,23,Male,128067,656,Savings,11667.54,1,1,0,Low,28.4,0,0
CUST-04660,Susan Lopez,21,Male,50403,631,Standard Checking,1224.13,0,0,1,Medium,43.8,0,0
CUST-04661,Matthew Jackson,47,Male,39745,548,Standard Checking,9896.83,1,0,0,Medium,35.2,0,0
CUST-04662,Michael Anderson,63,Male,110311,778,Savings,3195.44,1,0,0,Medium,43.2,1,0
CUST-04663,Jessica Davis,44,Male,28874,673,Standard Checking,14847.53,1,0,0,Medium,61.6,0,0
CUST-04664,Elizabeth Brown,62,Female,116410,606,Standard Checking,11753.57,0,0,1,None,0,0,1
CUST-04665,Charles Jackson,54,Male,29995,702,Savings,2361.36,1,0,0,Medium,31.3,0,0
CUST-04666,Margaret Anderson,26,Male,92018,687,Standard Checking,7151.53,1,0,1,Low,10.2,0,0
CUST-04667,Susan Smith,78,Male,124517,615,Premium Checking,49423.35,1,1,0,High,70.4,0,0
CUST-04668,Jessica Martinez,52,Male,46537,616,Premium Checking,35942.8,1,0,0,Medium,34.3,0,0
CUST-04669,Charles Williams,64,Female,46463,757,Standard Checking,14681.4,1,0,0,Medium,47.1,0,0
CUST-04670,Robert Rodriguez,38,Female,42508,694,Savings,6517.72,1,0,0,None,0,0,1
CUST-04671,Sarah Hernandez,34,Male,33158,634,Savings,13308.9,1,0,0,High,98.5,0,0
CUST-04672,Jessica Johnson,72,Male,51143,653,Premium Checking,34864.57,1,0,0,Medium,67.4,0,0
CUST-04673,Barbara Garcia,23,Female,77139,654,Standard Checking,8257.81,1,0,1,Medium,37,1,0
CUST-04674,David Davis,52,Female,65775,562,Premium Checking,35926.41,1,0,0,Low,27.8,0,0
CUST-04675,Barbara Johnson,67,Male,63216,745,Savings,10194.88,1,1,0,High,76.2,0,0
CUST-04676,William Anderson,54,Male,33970,654,Savings,2349.69,1,0,0,Medium,55.5,0,0
CUST-04677,Mary Smith,30,Male,28600,669,Standard Checking,9926.25,1,0,0,None,0,0,1
CUST-04678,Elizabeth Johnson,42,Male,118648,719,Standard Checking,6409.06,1,0,0,High,73,0,0
CUST-04679,Barbara Davis,18,Male,25147,767,Savings,10577.28,1,0,0,High,99.1,0,0
CUST-04680,Robert Smith,66,Male,45436,694,Premium Checking,32646.76,0,0,1,Medium,52.8,0,0
CUST-04681,Joseph Garcia,52,Male,71407,603,Premium Checking,28869.25,1,0,0,Medium,49.6,0,0
CUST-04682,Barbara Davis,70,Female,104879,662,Standard Checking,3296.59,1,0,1,Medium,48,0,0
CUST-04683,Richard Jackson,69,Female,49549,675,Premium Checking,43237.14,1,0,1,Medium,32.5,0,0
CUST-04684,Anthony Smith,71,Female,56228,551,Savings,4513.45,1,1,0,Medium,54.7,0,1
CUST-04685,David Martin,64,Female,38705,713,Premium Checking,5714.44,1,0,0,Low,22.1,0,0
CUST-04686,James Davis,60,Male,116472,726,Savings,11911.11,1,0,0,Medium,48.6,0,0
CUST-04687,Robert Taylor,37,Male,97357,686,Standard Checking,8175.87,1,0,0,High,70.9,0,0
CUST-04688,Sandra Davis,50,Male,29725,621,Standard Checking,2842.35,1,0,0,None,0,0,1
CUST-04689,Matthew Martinez,33,Female,68060,694,Savings,12146.42,1,0,0,None,0,0,0
CUST-04690,Mary Rodriguez,24,Female,46258,751,Savings,13010.79,1,0,0,High,92.5,0,0
CUST-04691,Lisa Williams,38,Female,57307,664,Standard Checking,1580.04,1,0,0,High,97.6,0,0
CUST-04692,Sarah Miller,53,Male,32837,735,Money Market,149827.07,0,0,0,High,75.5,1,0
CUST-04693,Joseph Martin,71,Male,18450,710,Standard Checking,8286.91,0,0,0,Medium,47,0,0
CUST-04694,Sarah Williams,36,Female,28161,547,Premium Checking,71945.57,1,1,0,Low,19.9,0,0
CUST-04695,Margaret Wilson,42,Female,37130,643,Money Market,122228.64,1,1,0,High,92.4,0,0
CUST-04696,Lisa Johnson,84,Male,38200,716,Premium Checking,9947.07,0,0,0,None,0,0,0
CUST-04697,Susan Hernandez,70,Female,15187,689,Savings,6980.93,1,0,0,High,86.3,0,0
CUST-04698,Jessica Davis,65,Male,57280,745,Premium Checking,49070.41,0,1,0,Low,28.8,0,0
CUST-04699,Michael Hernandez,59,Female,24228,696,Standard Checking,1946.71,1,0,0,Medium,42.3,0,0
CUST-04700,John Taylor,64,Male,48069,725,Money Market,14710.24,0,1,0,High,70.2,0,0
CUST-04701,Susan Garcia,59,Female,27120,656,Standard Checking,1008.87,1,0,0,Low,20.5,0,0
CUST-04702,Linda Jones,19,Female,20037,703,Money Market,92692.67,0,0,1,Medium,62.4,0,0
CUST-04703,Anthony Davis,23,Non-Binary,47815,608,Premium Checking,62575.13,1,0,0,None,0,0,0
CUST-04704,Mary Anderson,63,Female,44344,740,Standard Checking,6317.43,1,0,0,High,92.9,0,0
CUST-04705,Barbara Taylor,83,Female,51393,699,Standard Checking,1860.87,0,0,0,High,92.6,0,0
CUST-04706,James Anderson,57,Male,108892,594,Savings,8889.79,0,0,0,None,0,0,1
CUST-04707,Susan Martin,75,Male,69903,664,Savings,13524.55,1,1,0,Low,9.4,0,0
CUST-04708,Nancy Thomas,50,Male,131331,850,Savings,9151.58,1,0,0,Low,5.9,0,0
CUST-04709,Mark Rodriguez,79,Male,42044,666,Standard Checking,5926.41,1,0,0,Medium,30.4,0,0
CUST-04710,James Taylor,29,Male,34172,658,Premium Checking,58764.35,1,0,0,Medium,44.2,0,0
CUST-04711,Mark Gonzalez,66,Female,61656,626,Money Market,77937.27,0,0,1,High,81.8,0,0
CUST-04712,Christopher Jones,22,Male,124142,604,Premium Checking,39257.11,0,0,0,High,94.7,0,0
CUST-04713,Elizabeth Garcia,68,Male,28016,611,Premium Checking,20426.35,0,1,0,Medium,64.1,0,0
CUST-04714,Lisa Jackson,49,Female,98723,821,Standard Checking,14355.17,0,0,0,Low,7.9,0,0
CUST-04715,Matthew Gonzalez,66,Female,62165,705,Savings,11687.04,1,0,1,Medium,43.1,0,0
CUST-04716,James Martin,77,Female,39315,581,Standard Checking,5819.12,0,0,0,High,89,0,0
CUST-04717,Matthew Anderson,63,Female,103947,681,Savings,4165.21,1,0,0,High,79.4,0,0
CUST-04718,Susan Davis,85,Male,26908,752,Standard Checking,6979.59,1,0,0,Low,5.7,0,0
CUST-04719,Elizabeth Rodriguez,58,Male,68445,709,Savings,11124.15,1,0,0,Medium,38,0,0
CUST-04720,Thomas Rodriguez,84,Female,44677,583,Money Market,126864.6,0,0,0,Medium,38.9,0,0
CUST-04721,John Hernandez,30,Male,85710,725,Savings,12597.34,1,0,0,None,0,0,0
CUST-04722,Barbara Martinez,35,Female,57957,682,Standard Checking,9564.36,1,1,0,Medium,42,0,0
CUST-04723,Matthew Taylor,68,Male,84841,694,Savings,7271.97,1,0,0,Medium,59.5,0,0
CUST-04724,Thomas Hernandez,53,Female,50216,809,Premium Checking,72110.43,1,1,0,None,0,0,0
CUST-04725,Sandra Brown,51,Female,39440,678,Standard Checking,6336.06,1,0,1,High,91.7,0,0
CUST-04726,Michael Wilson,29,Female,47077,630,Savings,3631.99,1,0,0,Medium,53.4,0,0
CUST-04727,Michael Davis,22,Male,53716,558,Savings,7660.8,1,1,0,Low,12.3,0,1
CUST-04728,James Brown,65,Female,58464,631,Savings,9826.01,0,1,0,Low,6.9,0,0
CUST-04729,Mark Lopez,57,Female,68953,627,Savings,4805.6,0,0,0,High,88.3,0,0
CUST-04730,Lisa Williams,30,Male,49427,546,Standard Checking,12202.62,0,0,0,Low,29,0,0
CUST-04731,Richard Martin,43,Female,68859,727,Money Market,75569.02,0,0,0,High,82.3,0,0
CUST-04732,Jennifer Hernandez,31,Male,148659,715,Savings,3577.49,1,0,1,Low,12.6,0,0
CUST-04733,Daniel Brown,28,Male,34132,678,Premium Checking,23139.59,0,0,0,Medium,43.9,0,0
CUST-04734,Karen Thomas,55,Male,81010,610,Standard Checking,2613.73,0,0,0,Medium,54.5,0,1
CUST-04735,Michael Hernandez,74,Female,34877,697,Savings,6831.02,1,0,0,Medium,32.4,0,0
CUST-04736,Lisa Smith,39,Female,30585,723,Standard Checking,10105.32,0,0,0,Medium,41.3,0,0
CUST-04737,Betty Miller,33,Female,100486,803,Standard Checking,8969.91,1,0,0,Medium,36.5,0,0
CUST-04738,Barbara Miller,46,Female,31244,704,Premium Checking,65291.83,1,0,1,Medium,61.3,0,0
CUST-04739,Anthony Miller,19,Female,48404,712,Savings,3506.43,0,0,0,Low,10.2,0,0
CUST-04740,Elizabeth Thomas,71,Male,32856,691,Standard Checking,2448.79,1,0,1,Low,22.1,0,0
CUST-04741,Betty Davis,19,Male,164239,666,Standard Checking,583,1,0,0,Medium,45,0,0
CUST-04742,William Rodriguez,20,Male,48331,734,Standard Checking,6492.3,1,0,0,High,91.9,0,0
CUST-04743,Mary Gonzalez,73,Male,28273,676,Savings,4554.36,1,0,0,Medium,57.2,0,0
CUST-04744,Richard Brown,28,Female,31759,669,Premium Checking,39485.88,1,0,1,High,75.4,0,0
CUST-04745,Matthew Lopez,49,Female,141608,654,Savings,9054.28,0,0,0,Low,5.6,0,0
CUST-04746,Thomas Johnson,21,Male,44041,659,Savings,4355.68,1,0,0,Low,24.6,0,0
CUST-04747,Richard Moore,26,Male,47058,703,Standard Checking,8319.84,0,1,0,High,78.5,0,0
CUST-04748,Margaret Anderson,73,Female,102971,723,Standard Checking,9148.95,1,0,0,High,82.3,0,0
CUST-04749,Linda Anderson,33,Male,92666,629,Savings,13205.96,1,0,0,Medium,37.7,0,0
CUST-04750,James Martin,27,Female,31597,694,Savings,2238.64,1,0,1,Low,19.5,0,0
CUST-04751,Elizabeth Lopez,53,Male,32934,617,Premium Checking,43656.71,1,0,0,High,89.2,0,0
CUST-04752,Robert Rodriguez,41,Female,37180,724,Standard Checking,4801.51,0,0,0,Medium,39.2,0,0
CUST-04753,Daniel Davis,81,Female,41624,782,Premium Checking,11818.51,0,0,0,None,0,0,0
CUST-04754,Jessica Wilson,73,Female,74321,718,Standard Checking,6409.31,0,1,1,Low,21.6,0,0
CUST-04755,Anthony Gonzalez,39,Female,46936,657,Savings,14140.59,1,0,1,Medium,38.3,0,0
CUST-04756,Daniel Gonzalez,69,Female,42061,751,Savings,12655.12,1,0,0,Low,21.4,0,0
CUST-04757,Robert Thomas,67,Female,49144,593,Premium Checking,9565.13,1,0,0,High,89.2,0,0
CUST-04758,Betty Hernandez,64,Male,36950,701,Premium Checking,66597.4,0,0,0,Low,16.4,0,0
CUST-04759,Nancy Jones,40,Male,106716,850,Standard Checking,6506.61,1,0,0,None,0,0,0
CUST-04760,Richard Hernandez,36,Female,34600,618,Standard Checking,3826.73,0,0,1,Low,8,0,0
CUST-04761,Matthew Jackson,69,Male,49681,657,Standard Checking,9882.75,1,0,1,High,75.5,0,0
CUST-04762,John Anderson,51,Male,66751,664,Savings,3999.28,1,0,0,High,71.2,0,0
CUST-04763,Michael Miller,46,Female,68695,601,Savings,1713.34,1,1,0,None,0,0,1
CUST-04764,Jennifer Williams,78,Female,40353,627,Premium Checking,41874.27,0,0,1,Medium,39.6,0,0
CUST-04765,Sandra Gonzalez,52,Female,84815,682,Money Market,69830.55,0,0,0,High,74.7,0,0
CUST-04766,Michael Jones,22,Female,143136,792,Money Market,95820.41,1,0,0,Low,21.9,0,0
CUST-04767,Daniel Moore,24,Female,120702,713,Savings,7335.31,1,0,0,High,97.2,0,0
CUST-04768,Nancy Davis,58,Female,14186,758,Premium Checking,63852.19,1,0,0,High,70.4,0,0
CUST-04769,Thomas Martin,19,Female,47022,738,Savings,10580.4,1,0,0,Medium,59.3,0,0
CUST-04770,Anthony Smith,27,Female,35209,704,Money Market,103710.88,1,0,1,High,81,0,0
CUST-04771,Susan Taylor,61,Female,64735,554,Savings,1591.53,1,0,0,High,72.2,0,1
CUST-04772,Elizabeth Lopez,52,Male,82955,792,Standard Checking,10831.91,1,0,1,High,80.3,0,0
CUST-04773,Jessica Wilson,79,Female,27594,752,Standard Checking,9868.95,0,0,0,High,98,0,0
CUST-04774,Sandra Thomas,37,Female,75657,699,Money Market,60614.93,0,0,0,Low,13.9,0,0
CUST-04775,Linda Martinez,52,Male,48375,590,Money Market,113694.84,0,0,0,Medium,43.5,0,0
CUST-04776,Mark Taylor,54,Male,42993,577,Savings,10673,1,0,1,High,79.1,0,0
CUST-04777,Anthony Moore,71,Female,63851,596,Standard Checking,8559.71,1,0,0,High,80.4,0,0
CUST-04778,Karen Thomas,45,Male,45587,631,Savings,11451.36,1,0,0,Low,5.3,0,0
CUST-04779,Thomas Thomas,49,Female,86373,705,Money Market,130722.02,1,0,1,High,97.7,0,0
CUST-04780,Charles Davis,28,Male,40259,662,Premium Checking,16177.89,1,0,0,Medium,38.2,0,0
CUST-04781,Jennifer Garcia,59,Male,95482,686,Standard Checking,660.85,0,0,1,Medium,44,0,0
CUST-04782,Christopher Rodriguez,40,Female,48504,718,Premium Checking,16165.49,1,0,0,High,96.6,0,0
CUST-04783,Patricia Lopez,47,Male,14932,771,Standard Checking,9095.79,0,0,0,None,0,0,0
CUST-04784,Margaret Lopez,26,Male,32809,635,Premium Checking,53727.23,1,0,0,High,93.8,0,0
CUST-04785,Daniel Taylor,76,Male,46524,563,Standard Checking,5983.95,1,0,0,Medium,41.6,0,1
CUST-04786,Joseph Rodriguez,45,Female,58970,623,Savings,8035.96,1,0,0,Medium,46.9,0,0
CUST-04787,Michael Martinez,50,Female,46661,722,Standard Checking,5588.9,1,0,1,High,90.3,0,0
CUST-04788,Jessica Lopez,64,Female,34592,738,Standard Checking,5467.41,1,0,0,Low,23.7,0,0
CUST-04789,Matthew Miller,39,Female,119428,740,Savings,12883.62,1,0,0,Medium,45.3,0,0
CUST-04790,Sarah Anderson,46,Female,98920,631,Standard Checking,14468.58,1,0,0,Low,16,0,0
CUST-04791,Jennifer Lopez,51,Female,26806,702,Premium Checking,65804.52,1,0,0,High,76.8,0,0
CUST-04792,David Martin,59,Female,32171,786,Standard Checking,13665.11,1,0,0,Medium,64.1,0,0
CUST-04793,John Johnson,69,Female,57501,732,Savings,5711.82,1,0,1,Medium,51.7,0,0
CUST-04794,Jennifer Jones,64,Male,45426,557,Standard Checking,3605.72,1,0,0,Low,13.9,0,1
CUST-04795,Sarah Thomas,68,Male,12475,676,Premium Checking,37987.15,0,0,0,High,86.5,0,0
CUST-04796,Linda Martin,62,Female,34218,656,Standard Checking,11225.36,1,0,1,High,70.2,0,0
CUST-04797,Nancy Hernandez,51,Male,70723,575,Standard Checking,10866.53,0,0,0,Medium,35.9,1,0
CUST-04798,Elizabeth Lopez,38,Female,51847,782,Savings,1466.03,1,1,1,High,95.6,0,0
CUST-04799,Christopher Garcia,30,Female,30774,583,Standard Checking,14394.29,1,1,0,None,0,0,1
CUST-04800,Anthony Martin,71,Male,37065,672,Money Market,59916.87,0,0,0,High,85.7,1,0
CUST-04801,Robert Rodriguez,42,Female,43843,771,Savings,7479.14,1,0,1,Medium,58.1,0,0
CUST-04802,Betty Thomas,38,Male,176374,618,Money Market,28976.91,1,0,1,Medium,66.1,0,0
CUST-04803,Nancy Wilson,18,Female,49916,677,Standard Checking,13328.77,1,0,0,Medium,62.4,0,0
CUST-04804,Nancy Davis,75,Male,34146,714,Standard Checking,4080.46,1,0,0,None,0,0,1
CUST-04805,Anthony Martin,30,Female,120758,623,Standard Checking,4049.95,1,1,0,Low,22.9,0,0
CUST-04806,Charles Wilson,69,Male,65502,639,Savings,11729.97,1,0,0,Medium,47.9,0,0
CUST-04807,Michael Jones,40,Female,32772,701,Standard Checking,6194.26,1,0,0,Medium,68.9,0,0
CUST-04808,Sarah Johnson,38,Female,49496,724,Premium Checking,20571.94,0,0,0,High,80,0,0
CUST-04809,David Davis,23,Male,44542,735,Savings,368.91,0,0,0,High,80.6,0,0
CUST-04810,James Lopez,37,Female,64492,612,Standard Checking,11200.07,0,0,0,High,92.3,0,0
CUST-04811,Mary Moore,57,Female,26141,566,Savings,274.57,0,0,0,High,81.8,0,1
CUST-04812,Michael Taylor,26,Male,27016,739,Money Market,139156.95,1,1,0,High,85.6,0,0
CUST-04813,Nancy Wilson,67,Male,43105,767,Savings,6461.52,1,0,0,Medium,62.3,0,0
CUST-04814,Lisa Miller,45,Male,31568,850,Money Market,54621.85,0,0,0,High,97.2,0,0
CUST-04815,Nancy Williams,28,Male,81520,850,Standard Checking,11413.34,0,0,1,Low,13.9,0,0
CUST-04816,Anthony Garcia,73,Female,29312,803,Standard Checking,9732.19,1,0,0,High,98.1,0,0
CUST-04817,Karen Johnson,52,Male,163362,607,Standard Checking,7012.45,1,0,0,Low,17.8,0,0
CUST-04818,Thomas Lopez,42,Female,45437,666,Savings,13617.08,1,0,1,Medium,68.2,0,0
CUST-04819,Barbara Taylor,36,Male,52352,725,Premium Checking,17127.15,0,0,0,Medium,35.4,0,0
CUST-04820,Anthony Martinez,48,Male,58425,712,Standard Checking,763.48,1,1,0,High,83.8,0,0
CUST-04821,John Martin,67,Male,47266,668,Premium Checking,33383.32,1,0,1,High,75.5,0,0
CUST-04822,Sarah Gonzalez,80,Male,88419,772,Standard Checking,3746.3,1,0,0,Low,12.8,1,0
CUST-04823,Barbara Taylor,64,Female,52722,645,Money Market,52055.6,1,0,0,Medium,48.1,0,0
CUST-04824,Patricia Martinez,18,Male,37770,695,Standard Checking,4343.35,0,1,0,High,83.1,0,0
CUST-04825,David Garcia,75,Female,24772,685,Standard Checking,3507.15,1,0,0,None,0,0,1
CUST-04826,Jennifer Rodriguez,27,Female,59614,713,Premium Checking,72890.92,1,0,0,High,82.7,0,0
CUST-04827,Sandra Anderson,25,Male,77435,718,Standard Checking,3288.87,1,0,1,Medium,57.6,0,0
CUST-04828,Mary Brown,43,Male,26012,619,Premium Checking,32267.48,1,0,0,High,82.4,0,0
CUST-04829,Robert Taylor,51,Male,40515,483,Savings,3424.59,1,0,0,High,77.7,0,1
CUST-04830,Linda Davis,36,Male,79446,647,Money Market,21767.75,0,0,0,Medium,50.7,0,0
CUST-04831,Nancy Lopez,18,Female,32026,697,Savings,3388.56,1,0,0,High,71.1,0,0
CUST-04832,Christopher Davis,65,Female,31881,714,Savings,1510.96,1,0,0,Low,19.1,0,0
CUST-04833,Charles Williams,42,Female,45442,637,Standard Checking,4066.54,1,0,0,Medium,32,0,0
CUST-04834,Sarah Jackson,41,Female,94623,700,Savings,13601.6,1,0,0,High,94.4,0,0
CUST-04835,Charles Anderson,64,Male,77597,698,Savings,11302.91,1,0,0,Low,17.1,0,0
CUST-04836,Jennifer Thomas,84,Male,94658,633,Premium Checking,56448.03,1,0,0,Low,20.8,0,0
CUST-04837,Linda Thomas,49,Non-Binary,29827,668,Premium Checking,9121.59,0,0,1,Medium,32.6,0,0
CUST-04838,Sarah Martin,34,Female,35249,596,Premium Checking,47405.11,0,0,0,High,82.5,0,0
CUST-04839,Jessica Hernandez,78,Male,44837,542,Standard Checking,14565.97,1,1,1,Medium,46.4,0,0
CUST-04840,Michael Taylor,28,Male,42055,765,Premium Checking,66768.5,1,0,0,High,81.6,0,0
CUST-04841,Thomas Lopez,55,Male,33243,693,Savings,3096.78,1,0,0,High,96.8,0,0
CUST-04842,Richard Martinez,85,Female,62343,656,Standard Checking,14154.77,1,1,0,High,70.7,0,0
CUST-04843,Michael Wilson,36,Female,21700,706,Savings,13277.95,0,0,0,Low,23.4,0,0
CUST-04844,Daniel Smith,34,Male,52828,712,Premium Checking,35413.15,0,0,0,Medium,67.7,0,0
CUST-04845,Thomas Brown,30,Male,112525,821,Money Market,140775.13,1,1,1,Low,16.7,0,0
CUST-04846,Christopher Jones,18,Male,50983,773,Savings,12240.15,1,0,0,Low,27.7,1,0
CUST-04847,Karen Miller,19,Male,32334,704,Standard Checking,1623.04,1,0,0,High,79.2,0,0
CUST-04848,Elizabeth Taylor,83,Female,25842,830,Premium Checking,72421.69,0,0,0,Low,9.9,0,0
CUST-04849,Mark Miller,85,Female,58712,673,Money Market,136635.13,1,0,1,Medium,53.8,0,0
CUST-04850,James Miller,33,Male,116796,764,Standard Checking,2741.76,1,0,0,High,86.6,0,0
CUST-04851,Betty Hernandez,21,Female,54541,642,Premium Checking,21155.6,1,0,0,Medium,41.6,0,0
CUST-04852,William Lopez,74,Male,41456,683,Standard Checking,9667.2,1,0,0,Medium,43.6,0,0
CUST-04853,John Brown,40,Female,33473,726,Premium Checking,12559.24,1,0,1,Medium,58.5,0,0
CUST-04854,Patricia Gonzalez,19,Female,23419,695,Standard Checking,1055.79,0,0,0,Medium,57.2,0,0
CUST-04855,Daniel Jackson,84,Male,56175,700,Savings,5450.53,0,0,0,None,0,0,1
CUST-04856,Elizabeth Jones,43,Female,22009,697,Money Market,57887.64,1,0,0,Medium,59.8,0,0
CUST-04857,Michael Thomas,24,Male,77465,771,Premium Checking,35401.75,0,1,1,High,80.7,0,0
CUST-04858,James Lopez,61,Male,67073,686,Premium Checking,40110.28,1,0,0,Low,9.8,0,0
CUST-04859,Mary Miller,50,Male,44001,638,Money Market,99491.75,1,0,0,Medium,69.5,0,0
CUST-04860,David Gonzalez,81,Male,67771,676,Standard Checking,13571.99,1,0,0,Medium,54.5,0,0
CUST-04861,Mary Miller,53,Female,53442,770,Savings,7834.01,1,0,0,None,0,0,0
CUST-04862,Joseph Hernandez,21,Male,67469,739,Savings,6783.84,1,1,0,Medium,36.1,0,0
CUST-04863,Mary Miller,40,Female,76674,672,Premium Checking,33199.98,0,0,0,Medium,45.8,0,0
CUST-04864,Patricia Hernandez,42,Female,43151,625,Standard Checking,9680.73,1,0,0,Low,9.7,0,0
CUST-04865,Mark Johnson,44,Male,25637,641,Savings,5389.41,0,1,1,Low,22.7,0,0
CUST-04866,Mark Thomas,68,Male,151600,678,Standard Checking,14897.22,1,0,0,Medium,68.6,0,0
CUST-04867,Michael Gonzalez,40,Male,44062,674,Savings,13741.35,1,0,0,Low,5.9,0,0
CUST-04868,Robert Taylor,26,Male,39576,628,Money Market,86395.67,0,0,0,Low,20.9,0,0
CUST-04869,Christopher Lopez,50,Male,61205,746,Premium Checking,13656.37,0,0,0,Low,16.1,0,0
CUST-04870,Margaret Jackson,52,Female,44504,640,Standard Checking,1856.32,1,0,0,Medium,58.9,0,0
CUST-04871,Michael Garcia,67,Male,26134,616,Money Market,52357.52,1,1,1,Medium,49.3,0,0
CUST-04872,Linda Gonzalez,41,Female,27013,666,Savings,11036.88,1,0,0,High,88.7,0,0
CUST-04873,Robert Johnson,41,Male,31408,712,Standard Checking,5672.52,1,0,1,High,96,0,0
CUST-04874,William Hernandez,36,Male,58610,615,Savings,5121.1,1,0,0,High,82.8,0,0
CUST-04875,Lisa Garcia,56,Male,34622,683,Standard Checking,8403.9,1,0,0,High,80.2,0,0
CUST-04876,Mark Miller,78,Male,78257,649,Standard Checking,2076.21,1,0,0,Low,21.7,0,0
CUST-04877,Matthew Miller,42,Male,45365,657,Premium Checking,34479.18,1,0,0,Medium,66.2,0,0
CUST-04878,Charles Garcia,42,Female,47129,679,Savings,7299.91,1,1,0,High,99.4,0,0
CUST-04879,David Hernandez,44,Female,50513,721,Standard Checking,7054.29,0,0,0,High,97.3,0,0
CUST-04880,Michael Johnson,49,Male,29152,680,Standard Checking,9194.09,1,0,0,None,0,0,1
CUST-04881,Charles Brown,28,Female,92744,850,Money Market,75905.84,1,0,0,High,95.6,0,0
CUST-04882,Betty Garcia,50,Male,57246,728,Premium Checking,46263.58,1,1,0,High,78.3,0,0
CUST-04883,Thomas Jones,36,Male,44956,708,Premium Checking,56564.78,1,1,0,Medium,67.8,0,0
CUST-04884,Mark Miller,33,Female,37624,658,Savings,9753.06,1,0,0,Medium,48.9,0,0
CUST-04885,William Smith,28,Female,37262,644,Standard Checking,7514.75,1,0,0,Medium,39.3,0,0
CUST-04886,James Jackson,72,Female,27484,750,Savings,675.02,0,0,0,Low,14.1,0,0
CUST-04887,Jennifer Moore,42,Male,25189,568,Premium Checking,43805.67,1,0,0,Medium,48.4,0,0
CUST-04888,Elizabeth Hernandez,51,Non-Binary,25192,758,Savings,3954.98,1,0,0,None,0,0,0
CUST-04889,James Smith,29,Female,83406,761,Savings,2243.34,0,0,1,High,84.6,0,0
CUST-04890,Richard Jones,38,Female,33413,671,Savings,126.27,1,0,0,High,88.2,0,0
CUST-04891,Karen Smith,46,Female,28619,760,Savings,14723.64,0,0,0,Medium,40.5,0,0
CUST-04892,Karen Williams,68,Female,93337,659,Premium Checking,66943.87,1,0,0,High,95.1,0,0
CUST-04893,Sarah Rodriguez,40,Female,50531,673,Premium Checking,56203.23,0,0,0,Medium,44.7,0,0
CUST-04894,Susan Taylor,50,Female,27258,715,Standard Checking,3281.06,0,0,0,High,97.6,0,0
CUST-04895,Daniel Wilson,25,Male,65210,654,Standard Checking,13039.11,1,0,0,Medium,66.9,0,0
CUST-04896,Mark Brown,59,Female,101375,729,Savings,13463.05,0,0,1,Low,28.7,0,0
CUST-04897,Robert Taylor,58,Male,68803,647,Standard Checking,1270.2,0,0,0,Medium,36.2,0,0
CUST-04898,Nancy Johnson,80,Non-Binary,52527,699,Money Market,69354.88,1,0,0,Medium,45.9,1,0
CUST-04899,Daniel Jones,31,Female,61941,850,Savings,1648.1,0,0,0,Medium,62.8,0,0
CUST-04900,Patricia Brown,79,Female,89090,713,Savings,8019.97,1,0,1,High,75.7,0,0
CUST-04901,Jennifer Martin,63,Male,116307,756,Premium Checking,46377.49,1,0,0,Low,21,0,0
CUST-04902,Christopher Gonzalez,84,Female,30469,743,Savings,9418.41,0,0,0,Medium,47.4,0,0
CUST-04903,Nancy Jones,70,Male,49572,541,Money Market,35450.38,1,0,0,Medium,53.6,0,0
CUST-04904,Daniel Miller,69,Female,66322,673,Premium Checking,51774.44,1,0,0,Low,9.2,0,0
CUST-04905,Karen Smith,24,Female,53422,775,Standard Checking,1459.62,1,0,0,Low,21.5,0,0
CUST-04906,Susan Brown,71,Male,63885,597,Savings,13635.55,1,0,0,Low,5.6,0,0
CUST-04907,Thomas Wilson,28,Male,147902,667,Money Market,26933.95,1,0,0,Medium,53.5,0,0
CUST-04908,Jessica Wilson,42,Female,43005,829,Standard Checking,7276.94,1,0,0,Medium,31.7,0,0
CUST-04909,Jessica Martin,76,Male,24188,601,Money Market,45742.61,0,0,1,High,97.6,0,0
CUST-04910,Mark Davis,83,Male,123627,760,Premium Checking,16838.62,1,0,0,Medium,57.4,0,0
CUST-04911,Lisa Williams,44,Male,118645,619,Savings,6403.41,1,1,1,High,74.6,0,0
CUST-04912,Matthew Jackson,75,Male,64320,719,Standard Checking,5959.39,1,0,0,High,72.5,0,0
CUST-04913,James Johnson,28,Female,38270,731,Standard Checking,11520.18,1,0,0,Medium,40,0,0
CUST-04914,Joseph Martinez,72,Female,75264,736,Money Market,74239.68,0,0,0,Medium,66,0,0
CUST-04915,Sarah Wilson,36,Female,49827,614,Standard Checking,1341.65,1,0,0,High,87.7,0,1
CUST-04916,Thomas Gonzalez,56,Male,41995,762,Premium Checking,47400.22,0,0,0,Medium,60.8,0,0
CUST-04917,James Jones,28,Female,34954,630,Standard Checking,1711.23,0,1,0,High,89.1,0,0
CUST-04918,Betty Gonzalez,31,Female,48623,570,Premium Checking,70603.24,1,0,0,Medium,46.7,0,0
CUST-04919,Anthony Wilson,77,Female,64437,611,Standard Checking,4074.49,1,0,0,Medium,47.1,0,0
CUST-04920,Lisa Williams,53,Male,53214,621,Premium Checking,41423.14,1,0,0,Medium,31.4,1,0
CUST-04921,Joseph Jackson,58,Male,76279,732,Standard Checking,1450.33,1,0,1,High,96.8,0,0
CUST-04922,Thomas Williams,19,Female,43931,751,Savings,13606.89,1,0,0,Medium,63.5,0,0
CUST-04923,Jessica Wilson,74,Male,39763,690,Standard Checking,12432.33,0,0,1,None,0,0,0
CUST-04924,Barbara Lopez,77,Female,59499,612,Savings,8413.51,0,1,0,Medium,62.8,0,0
CUST-04925,Mark Hernandez,37,Female,51182,643,Savings,8588.83,0,0,0,None,0,0,1
CUST-04926,Thomas Davis,39,Male,102952,673,Money Market,26175.88,0,1,0,High,71.3,0,0
CUST-04927,Thomas Martin,21,Female,41221,593,Savings,3462.51,0,0,0,None,0,1,1
CUST-04928,David Johnson,73,Female,38133,602,Money Market,148636.33,1,0,0,Medium,40.2,0,0
CUST-04929,Elizabeth Martinez,75,Male,45053,679,Premium Checking,8709.35,1,0,0,None,0,0,1
CUST-04930,David Garcia,82,Male,39871,665,Money Market,26173.67,0,0,0,High,71.1,0,0
CUST-04931,Patricia Lopez,75,Male,35771,602,Standard Checking,6630.61,1,0,0,Medium,61.7,0,0
CUST-04932,David Gonzalez,47,Male,21675,770,Standard Checking,914.06,1,0,0,None,0,0,1
CUST-04933,Robert Garcia,36,Male,27534,631,Premium Checking,46085.11,1,0,0,Medium,59.5,0,0
CUST-04934,James Garcia,79,Male,46161,596,Savings,8890.49,1,0,0,Medium,43.5,0,0
CUST-04935,Sarah Rodriguez,85,Male,25494,770,Standard Checking,1239.96,1,1,1,High,94.5,0,0
CUST-04936,Lisa Anderson,61,Female,65012,701,Money Market,106145.18,0,0,0,Low,29.5,0,0
CUST-04937,Betty Davis,78,Male,58982,659,Standard Checking,3076.94,1,0,0,High,75.9,0,0
CUST-04938,Charles Thomas,38,Male,35068,630,Savings,405.52,0,0,0,High,96.7,0,1
CUST-04939,Jennifer Garcia,27,Male,47742,654,Money Market,118445.46,0,0,0,Medium,30.5,0,0
CUST-04940,Nancy Williams,47,Male,44541,628,Money Market,68932.75,1,0,0,High,88.4,0,0
CUST-04941,Elizabeth Smith,41,Female,19882,643,Savings,9018.53,0,0,0,Low,28.7,0,0
CUST-04942,Margaret Wilson,65,Female,61234,692,Premium Checking,14759.21,1,0,0,Low,16.1,0,0
CUST-04943,Patricia Lopez,72,Female,36360,616,Standard Checking,9870.59,1,1,0,Medium,32.8,0,0
CUST-04944,Jennifer Hernandez,69,Female,30110,500,Standard Checking,14707.61,1,1,0,High,74,0,0
CUST-04945,Barbara Martinez,55,Female,68810,798,Money Market,58611.51,0,0,0,Medium,49.1,0,0
CUST-04946,Sarah Miller,84,Female,55359,595,Standard Checking,7832.7,1,0,0,High,75.4,0,0
CUST-04947,Michael Hernandez,25,Male,77313,567,Standard Checking,3367.71,0,0,0,Low,29.4,0,1
CUST-04948,Patricia Martin,46,Female,46214,764,Premium Checking,58769.28,1,1,0,High,75.3,0,0
CUST-04949,James Gonzalez,27,Female,54592,647,Standard Checking,8053.64,1,0,0,None,0,0,1
CUST-04950,Sarah Rodriguez,85,Non-Binary,73099,704,Standard Checking,2320.29,1,0,0,High,79.2,0,0
CUST-04951,Betty Rodriguez,66,Male,113342,738,Standard Checking,5709.58,1,0,0,Medium,63.7,0,0
CUST-04952,Daniel Rodriguez,75,Female,41951,745,Standard Checking,5040.78,1,0,0,High,79.9,0,0
CUST-04953,Elizabeth Johnson,52,Male,55494,715,Money Market,32719.12,1,0,0,None,0,0,0
CUST-04954,Jennifer Anderson,67,Female,65302,632,Standard Checking,1534.52,1,0,1,Medium,58,0,0
CUST-04955,John Hernandez,57,Female,65042,589,Premium Checking,50524.6,1,0,0,High,89.3,1,0
CUST-04956,Jennifer Williams,29,Female,37926,806,Standard Checking,7914.37,0,1,0,Low,14,0,0
CUST-04957,Lisa Hernandez,33,Female,46350,689,Savings,13153.01,0,0,0,High,96.3,0,0
CUST-04958,Joseph Gonzalez,65,Female,64983,712,Standard Checking,1010.71,1,0,0,High,93.6,0,0
CUST-04959,Karen Martinez,18,Female,53530,646,Savings,12170.97,0,0,1,Medium,66.5,0,0
CUST-04960,Jennifer Anderson,82,Female,127684,702,Savings,9444.2,0,0,0,High,81,0,0
CUST-04961,Matthew Moore,39,Male,41992,650,Standard Checking,14501.08,1,0,0,None,0,0,0
CUST-04962,Sarah Miller,32,Male,32864,659,Savings,12434.1,1,0,0,High,82.9,0,0
CUST-04963,Joseph Moore,84,Male,62458,585,Standard Checking,6790.9,0,0,1,High,97,0,0
CUST-04964,Sarah Martin,31,Male,30662,711,Standard Checking,11700.38,1,0,1,Medium,43.7,0,0
CUST-04965,William Johnson,36,Non-Binary,38978,518,Premium Checking,11769.68,1,0,0,None,0,0,1
CUST-04966,Linda Martin,57,Male,51038,758,Premium Checking,8908.89,1,0,0,High,80.2,0,0
CUST-04967,Mary Hernandez,21,Female,48219,814,Premium Checking,42407.81,1,0,0,Medium,60.5,0,0
CUST-04968,Betty Miller,50,Male,47562,648,Standard Checking,6099.6,1,0,1,High,75.1,0,0
CUST-04969,Jennifer Martinez,60,Male,36984,742,Standard Checking,6371.8,0,1,0,High,87.7,0,0
CUST-04970,Robert Hernandez,54,Male,58975,652,Standard Checking,9043.42,1,0,0,Low,21.6,0,0
CUST-04971,James Johnson,83,Male,145262,679,Money Market,77568.62,1,0,0,High,71,0,0
CUST-04972,Lisa Smith,44,Male,74214,641,Standard Checking,9022.59,0,0,0,Medium,64.3,0,0
CUST-04973,Charles Johnson,62,Female,19499,650,Savings,545.69,1,1,1,High,99.5,0,0
CUST-04974,Christopher Martin,67,Female,39988,650,Savings,5680.91,0,0,0,High,81.8,0,0
CUST-04975,Mark Brown,80,Female,63958,546,Savings,10040.23,1,0,0,Medium,64.8,0,0
CUST-04976,Barbara Martin,23,Female,23204,702,Savings,1714.41,0,0,0,High,91.3,0,0
CUST-04977,Sarah Smith,84,Female,14606,548,Standard Checking,3263.11,1,0,0,High,72.1,0,1
CUST-04978,Sandra Smith,84,Female,34118,652,Premium Checking,46547.4,0,0,0,High,70.4,1,0
CUST-04979,Lisa Wilson,76,Male,32717,555,Standard Checking,9933.85,1,0,0,High,93.3,0,0
CUST-04980,Patricia Jones,30,Male,111306,653,Standard Checking,5218.81,1,0,0,Medium,61.1,0,0
CUST-04981,David Gonzalez,38,Male,58556,698,Standard Checking,14886.06,1,0,0,Medium,39.6,0,0
CUST-04982,Jessica Gonzalez,81,Male,45601,775,Savings,4696.31,1,0,0,Low,6.8,0,0
CUST-04983,Lisa Johnson,54,Female,41857,676,Standard Checking,3745.39,1,0,0,High,85.8,0,0
CUST-04984,Jessica Garcia,65,Female,61410,659,Standard Checking,5149.54,0,0,0,Medium,53.6,0,0
CUST-04985,Susan Smith,73,Female,54123,601,Premium Checking,64679.13,1,0,0,High,72,0,0
CUST-04986,Thomas Hernandez,61,Female,61352,618,Standard Checking,1431.09,1,1,1,Medium,32,0,1
CUST-04987,Charles Williams,30,Male,57617,762,Standard Checking,4350.15,1,0,0,Medium,45.8,0,0
CUST-04988,David Jones,21,Male,82419,712,Standard Checking,9138.55,1,1,0,Medium,54.4,0,0
CUST-04989,Thomas Miller,50,Female,49831,616,Money Market,36841.85,1,0,0,Medium,66.1,0,0
CUST-04990,Elizabeth Hernandez,54,Male,72355,537,Money Market,90624.68,1,0,1,Low,15.2,0,0
CUST-04991,John Martin,70,Female,58595,794,Premium Checking,71376.56,1,1,1,High,92.5,0,0
CUST-04992,Elizabeth Martinez,41,Male,54242,593,Savings,5294.39,1,0,0,High,77.4,0,0
CUST-04993,Susan Lopez,68,Female,40142,679,Savings,842.91,1,0,0,Medium,52.6,0,0
CUST-04994,Joseph Martinez,58,Female,47441,618,Premium Checking,5833,1,1,0,Medium,56.9,0,0
CUST-04995,Sandra Martinez,46,Female,47859,603,Savings,711.42,0,1,0,High,87.7,0,1
CUST-04996,Betty Jackson,76,Female,84067,692,Money Market,143965.05,0,0,0,Medium,36.3,0,0
CUST-04997,James Martinez,57,Male,55150,739,Premium Checking,27006.57,1,0,0,Medium,58,0,0
CUST-04998,Mary Taylor,68,Male,31199,726,Premium Checking,18572.73,0,0,0,Medium,37.9,0,0
CUST-04999,Sandra Miller,67,Male,22621,721,Standard Checking,2810.59,1,0,0,Medium,62.5,0,0
CUST-05000,Michael Martin,53,Male,27752,608,Premium Checking,74237.6,0,0,0,Low,7.4,0,0
CUST-05001,Anthony Rodriguez,77,Male,34736,691,Savings,11537.54,0,0,0,High,96.8,0,0
CUST-05002,Nancy Johnson,35,Female,61725,703,Savings,967.91,1,0,0,None,0,0,1
CUST-05003,Susan Taylor,37,Male,35970,580,Savings,6583.84,1,0,0,Medium,57.4,0,0
CUST-05004,James Rodriguez,22,Female,90512,533,Standard Checking,5356.42,1,0,1,Medium,63.6,0,1
CUST-05005,Karen Jackson,35,Female,26547,683,Money Market,82966.13,1,0,0,Low,24.1,0,0
CUST-05006,Patricia Davis,57,Female,68286,622,Premium Checking,13102.64,1,0,1,Medium,65.7,0,0
CUST-05007,Richard Brown,18,Female,19313,589,Premium Checking,60321.49,1,0,0,High,86.8,0,0
CUST-05008,William Rodriguez,36,Female,28039,539,Standard Checking,9981.44,1,0,0,None,0,0,1
CUST-05009,Nancy Moore,43,Female,29832,630,Standard Checking,11962.38,0,0,0,Low,23.8,0,0
CUST-05010,Barbara Martinez,46,Female,29647,790,Premium Checking,54432.78,1,0,0,High,77.2,0,0
CUST-05011,David Miller,76,Female,35640,740,Premium Checking,63780.4,1,0,0,Medium,46.6,0,0
CUST-05012,William Garcia,80,Male,72645,782,Standard Checking,9714.54,1,0,0,High,80.1,0,0
CUST-05013,Charles Thomas,79,Male,70179,628,Savings,4082.88,1,0,0,Medium,57.3,0,0
CUST-05014,Sandra Anderson,65,Female,29630,755,Standard Checking,2967.52,1,0,0,High,95.7,1,0
CUST-05015,Michael Thomas,79,Male,44440,766,Standard Checking,13123.49,1,0,0,Low,23.4,0,0
CUST-05016,Robert Thomas,35,Female,61524,784,Standard Checking,3062.34,1,0,1,Medium,55.5,0,0
CUST-05017,James Jackson,83,Female,44689,662,Premium Checking,28788.9,0,0,1,High,73.9,0,0
CUST-05018,Robert Miller,44,Male,107857,646,Premium Checking,18767.77,1,0,0,Medium,39.1,0,0
CUST-05019,Charles Jones,23,Male,59337,673,Premium Checking,13008.93,1,0,0,Medium,58.5,0,0
CUST-05020,Mark Taylor,76,Male,31836,686,Premium Checking,10484.07,1,1,0,Medium,63.2,0,0
CUST-05021,Betty Davis,23,Male,33460,588,Standard Checking,10787.52,1,0,0,Medium,66.5,0,0
CUST-05022,Mark Smith,48,Male,30231,639,Standard Checking,3321.36,1,1,1,High,72.6,0,0
CUST-05023,Mary Anderson,73,Female,34557,757,Standard Checking,7433.35,1,0,1,High,99.6,0,0
CUST-05024,Karen Moore,71,Male,49551,640,Money Market,82611.52,1,0,0,Medium,67.9,0,0
CUST-05025,David Martinez,58,Female,43575,685,Money Market,93238.19,0,0,0,Medium,66.7,0,0
CUST-05026,Lisa Brown,35,Male,38762,713,Money Market,32567.93,1,0,0,None,0,0,0
CUST-05027,Robert Brown,40,Female,65572,767,Standard Checking,8769.37,0,0,0,Medium,38.4,0,0
CUST-05028,Richard Gonzalez,53,Female,58189,722,Standard Checking,5063.3,0,0,1,Low,10.7,0,0
CUST-05029,Sarah Johnson,42,Female,22252,745,Standard Checking,6233.64,1,0,1,High,72.8,0,0
CUST-05030,Jessica Smith,24,Female,25925,710,Savings,11057.87,1,0,0,Medium,68.7,0,0
CUST-05031,Betty Jackson,37,Female,29965,700,Money Market,44704.73,0,1,1,Medium,59.2,0,0
CUST-05032,William Williams,22,Male,32731,741,Premium Checking,62031.88,0,0,0,Low,21.6,0,0
CUST-05033,Matthew Miller,35,Male,35612,517,Savings,8106.88,1,1,1,High,78.9,0,1
CUST-05034,Mark Martinez,50,Male,40067,729,Standard Checking,6685.24,1,1,0,Medium,61.1,0,0
CUST-05035,James Martinez,52,Male,58583,534,Savings,11726.03,0,0,0,Medium,56.6,0,0
CUST-05036,Christopher Rodriguez,82,Male,27945,643,Savings,5819.9,0,0,0,Medium,55.6,0,0
CUST-05037,Margaret Anderson,80,Female,33447,742,Savings,8918.34,1,0,0,None,0,0,0
CUST-05038,Joseph Williams,58,Male,22205,668,Premium Checking,23126.82,1,0,0,None,0,0,0
CUST-05039,Matthew Jones,67,Male,30926,675,Standard Checking,13878.42,0,0,0,Medium,35.9,0,0
CUST-05040,William Rodriguez,47,Female,44182,696,Premium Checking,24625.99,1,1,0,Medium,65,0,0
CUST-05041,Daniel Miller,55,Female,31302,809,Standard Checking,9926.76,1,0,0,High,77.7,0,0
CUST-05042,Lisa Lopez,52,Non-Binary,29263,528,Savings,357,1,0,0,Low,8.5,0,1
CUST-05043,Matthew Rodriguez,83,Female,37940,629,Standard Checking,11090.49,1,0,0,High,81.9,0,0
CUST-05044,Jennifer Johnson,63,Male,55160,777,Standard Checking,5001.77,1,1,0,Medium,51.2,0,0
CUST-05045,William Taylor,25,Female,30976,662,Standard Checking,12510.58,1,0,0,Low,22.8,0,0
CUST-05046,James Jackson,85,Male,81709,666,Savings,450.6,1,0,0,High,79.2,0,0
CUST-05047,Margaret Garcia,54,Male,32107,727,Premium Checking,52451.07,1,0,1,Low,16.7,0,0
CUST-05048,Robert Johnson,30,Male,39805,592,Savings,10362.38,1,0,0,High,88.6,0,0
CUST-05049,William Wilson,62,Female,87460,741,Standard Checking,4024.54,1,0,0,High,96.9,0,0
CUST-05050,Patricia Brown,46,Male,65329,654,Standard Checking,4801.91,1,1,0,Medium,52.4,1,0
CUST-05051,Christopher Anderson,58,Female,45730,668,Savings,6033.73,1,1,0,Medium,35.2,0,0
CUST-05052,Linda Brown,73,Male,59025,623,Premium Checking,52866.86,1,0,0,Medium,62.1,0,0
CUST-05053,Jessica Brown,33,Male,26014,715,Standard Checking,12899.01,0,0,0,Low,21.2,0,0
CUST-05054,Sandra Thomas,29,Male,120959,657,Money Market,107140.13,0,1,0,High,73.3,0,0
CUST-05055,Nancy Lopez,83,Male,26704,699,Money Market,80148.56,1,0,0,Low,11.6,0,0
CUST-05056,Jessica Jackson,79,Non-Binary,54406,653,Savings,5751.06,1,0,1,None,0,0,1
CUST-05057,Linda Garcia,36,Female,85950,677,Savings,5668.42,1,0,1,High,77.4,0,0
CUST-05058,Elizabeth Jones,47,Male,55910,640,Standard Checking,825.48,1,1,0,High,90.1,0,0
CUST-05059,Mark Moore,33,Female,47776,655,Savings,5109.86,1,0,1,Low,16.4,0,0
CUST-05060,Elizabeth Martinez,30,Female,86057,619,Standard Checking,11476.92,1,0,0,High,96.9,0,0
CUST-05061,Michael Moore,40,Male,66848,610,Savings,13363.55,0,0,0,None,0,0,1
CUST-05062,James Miller,79,Female,38427,802,Premium Checking,19796.09,1,0,1,Medium,31.6,0,0
CUST-05063,Christopher Smith,48,Female,106001,692,Standard Checking,9790.09,1,0,0,Medium,51.3,0,0
CUST-05064,Joseph Brown,70,Male,33785,533,Standard Checking,13902.54,1,0,0,High,99.7,0,0
CUST-05065,Margaret Martin,34,Male,110497,671,Premium Checking,39429.04,1,0,0,High,72.1,0,0
CUST-05066,Elizabeth Rodriguez,66,Male,65947,748,Standard Checking,13154.45,1,0,0,Low,19.8,0,0
CUST-05067,Mary Wilson,66,Male,40265,563,Money Market,126952.97,0,0,0,Medium,57.5,0,0
CUST-05068,Jessica Smith,84,Male,29420,719,Standard Checking,12921.6,1,1,0,High,93.4,0,0
CUST-05069,Mary Miller,43,Female,53101,675,Premium Checking,67843.3,0,0,0,High,77.5,0,0
CUST-05070,Mark Martinez,30,Female,35996,555,Savings,12389.19,1,0,0,Low,30,0,0
CUST-05071,Nancy Martin,55,Male,51737,635,Savings,3197.72,0,0,1,Low,21.8,0,0
CUST-05072,James Gonzalez,39,Male,71809,664,Premium Checking,68759.58,1,0,1,High,89.2,0,0
CUST-05073,James Jones,46,Female,76266,590,Standard Checking,8957.51,1,0,0,Medium,31.7,0,0
CUST-05074,Jessica Anderson,62,Male,98159,626,Premium Checking,17974.3,1,0,0,None,0,0,0
CUST-05075,Thomas Thomas,63,Female,29362,696,Standard Checking,12108.4,0,0,0,Medium,46.5,0,0
CUST-05076,Richard Hernandez,56,Non-Binary,55308,696,Standard Checking,12380.45,0,0,0,High,74.2,0,0
CUST-05077,Thomas Taylor,85,Female,24173,710,Standard Checking,10865.25,1,1,0,Medium,36.1,0,0
CUST-05078,Mary Gonzalez,56,Female,49117,632,Savings,7490.62,0,0,1,High,74.6,0,0
CUST-05079,Susan Hernandez,37,Male,22539,755,Standard Checking,13851.17,0,0,0,Medium,43.9,0,0
CUST-05080,Margaret Martinez,85,Male,141383,669,Standard Checking,8803.29,1,0,0,Medium,35,0,0
CUST-05081,John Taylor,52,Female,93655,649,Standard Checking,2741.98,1,0,0,Medium,60.1,0,0
CUST-05082,Joseph Rodriguez,25,Female,22676,663,Standard Checking,8750.45,1,0,0,High,77.4,0,0
CUST-05083,Elizabeth Davis,69,Male,35815,704,Money Market,64052.96,1,0,0,Low,27.2,0,0
CUST-05084,Christopher Gonzalez,57,Male,70377,699,Savings,9619.8,1,0,1,High,78.7,0,0
CUST-05085,Anthony Moore,53,Female,55108,647,Standard Checking,1534.51,0,0,0,High,70.2,0,0
CUST-05086,Robert Garcia,23,Male,49493,745,Premium Checking,47715.92,1,0,1,High,96.4,0,0
CUST-05087,Sandra Taylor,33,Male,55590,664,Savings,6079.38,1,0,0,Medium,35.4,0,0
CUST-05088,David Martin,63,Female,75098,727,Standard Checking,9176.24,0,1,1,None,0,0,0
CUST-05089,Jessica Rodriguez,76,Male,133918,775,Savings,13815.88,1,0,0,Low,15.4,0,0
CUST-05090,Mary Jones,55,Male,27823,644,Savings,5112.62,0,0,0,High,75,0,0
CUST-05091,James Brown,35,Female,44249,652,Premium Checking,47492.75,1,0,0,Medium,42.4,0,0
CUST-05092,Patricia Williams,29,Female,19941,601,Savings,11566.67,1,0,0,Medium,55.5,0,0
CUST-05093,William Lopez,71,Male,47775,613,Standard Checking,1861.97,1,0,0,High,82.4,0,1
CUST-05094,Elizabeth Johnson,64,Male,111384,726,Money Market,113377.08,0,0,1,None,0,0,0
CUST-05095,David Martinez,18,Female,62116,725,Savings,2083.94,1,0,0,Medium,33.7,0,0
CUST-05096,Sandra Garcia,32,Female,72104,550,Savings,12603.86,1,1,0,Medium,67.4,0,0
CUST-05097,Sarah Johnson,38,Male,53677,607,Standard Checking,11590.53,1,0,0,High,88.4,0,0
CUST-05098,Sandra Johnson,18,Male,34234,776,Savings,4784.5,1,0,0,High,95.5,0,0
CUST-05099,Elizabeth Thomas,84,Female,22755,620,Premium Checking,56027.85,0,0,0,High,90.5,0,0
CUST-05100,Barbara Smith,29,Female,101268,661,Savings,6173.32,1,0,0,High,74.8,0,0
CUST-05101,Christopher Davis,45,Female,39194,682,Standard Checking,309.62,0,1,0,High,88.6,0,0
CUST-05102,Jessica Moore,56,Female,44768,690,Standard Checking,4417.82,0,0,0,High,99,0,0
CUST-05103,Richard Anderson,54,Female,18379,577,Standard Checking,3193.36,1,1,1,Medium,31.7,0,1
CUST-05104,Christopher Lopez,77,Male,35480,690,Savings,3540,0,0,0,High,80.2,0,0
CUST-05105,Linda Martinez,48,Female,52362,476,Premium Checking,20783.82,1,0,0,Medium,39.6,0,0
CUST-05106,Susan Jones,75,Female,58149,633,Standard Checking,10645.24,1,0,0,High,71.9,0,0
CUST-05107,Sarah Jackson,28,Female,109561,654,Standard Checking,10609.31,1,0,1,Low,6.5,0,0
CUST-05108,Joseph Garcia,46,Male,43210,565,Money Market,48114.55,1,0,0,None,0,0,0
CUST-05109,Anthony Hernandez,30,Female,46474,725,Standard Checking,11911.25,0,0,0,Medium,60.3,0,0
CUST-05110,Christopher Hernandez,68,Female,104911,615,Standard Checking,9426.43,1,0,1,Medium,52.3,0,0
CUST-05111,Karen Martin,71,Male,88146,796,Standard Checking,3442.96,1,0,0,High,74.6,0,0
CUST-05112,Christopher Moore,36,Female,24247,708,Standard Checking,5336.59,1,0,0,Medium,34.1,0,0
CUST-05113,Matthew Moore,75,Female,101137,662,Standard Checking,6205.53,0,0,0,Medium,32.9,0,0
CUST-05114,Elizabeth Johnson,53,Female,21973,730,Standard Checking,10618.86,1,0,0,None,0,0,0
CUST-05115,Betty Rodriguez,45,Male,62025,562,Premium Checking,9744.38,0,0,1,High,83.7,0,0
CUST-05116,Susan Jackson,85,Male,71409,692,Savings,11148.56,1,0,0,High,94.5,0,0
CUST-05117,Elizabeth Brown,20,Female,53832,591,Savings,2425.19,1,0,0,Medium,43,0,1
CUST-05118,Mark Garcia,58,Female,40628,736,Standard Checking,3523.38,1,0,0,Medium,33.2,0,0
CUST-05119,Susan Brown,52,Female,39190,647,Savings,905.65,0,0,0,Medium,59.1,0,0
CUST-05120,Betty Anderson,67,Female,14237,531,Standard Checking,8797.75,0,0,0,None,0,0,1
CUST-05121,Jessica Miller,47,Male,52875,583,Savings,14479.58,1,0,1,Medium,42.1,1,0
CUST-05122,Thomas Jackson,71,Female,49823,679,Standard Checking,8174.76,0,0,1,Low,21.2,0,0
CUST-05123,Mark Jackson,68,Female,104051,703,Money Market,68685.57,0,0,0,Medium,34.6,0,0
CUST-05124,Thomas Garcia,45,Female,42785,569,Savings,9264.96,1,0,0,Medium,56,0,0
CUST-05125,Mark Hernandez,81,Female,37672,548,Premium Checking,51237.44,1,0,1,Low,12.1,0,0
CUST-05126,Jessica Davis,38,Female,37935,649,Premium Checking,15569.19,1,0,0,High,83.4,0,0
CUST-05127,David Miller,44,Female,32220,791,Standard Checking,5612.52,1,0,0,Medium,36.1,0,0
CUST-05128,Betty Jackson,44,Male,39045,641,Savings,12454.68,0,0,0,Low,10.1,0,0
CUST-05129,Betty Martinez,67,Male,29284,694,Money Market,73330.31,1,0,1,High,72.3,0,0
CUST-05130,William Brown,46,Male,66621,494,Premium Checking,45951.97,0,0,0,High,79.5,0,0
CUST-05131,Daniel Anderson,56,Male,59841,850,Money Market,53415.17,1,0,0,High,87.5,0,0
CUST-05132,Richard Johnson,74,Male,23694,602,Standard Checking,3387.61,0,0,0,Low,15.1,0,1
CUST-05133,Mary Thomas,54,Female,51393,686,Savings,1174.26,1,0,0,High,72.8,0,0
CUST-05134,William Gonzalez,81,Female,85564,549,Savings,6013.9,1,0,0,High,75.4,0,1
CUST-05135,John Rodriguez,65,Female,83185,708,Standard Checking,3764.39,0,0,0,Medium,39.9,0,0
CUST-05136,Richard Johnson,39,Male,29150,637,Standard Checking,12506.79,1,0,0,High,87.1,0,0
CUST-05137,Linda Rodriguez,47,Female,95443,695,Money Market,39641.56,1,0,0,None,0,0,0
CUST-05138,Jessica Johnson,45,Female,37618,658,Savings,948.77,1,1,1,Medium,61.1,0,0
CUST-05139,Jennifer Davis,40,Female,49550,712,Savings,5393.93,1,1,0,High,80.6,0,0
CUST-05140,Betty Jones,21,Female,41113,752,Savings,10449.43,0,0,1,High,78.3,0,0
CUST-05141,William Smith,20,Non-Binary,26859,580,Savings,7313.59,1,0,0,High,71.1,0,0
CUST-05142,William Martinez,78,Female,33192,795,Standard Checking,5309.22,0,0,1,Medium,54.2,0,0
CUST-05143,Daniel Brown,21,Female,91354,629,Savings,2370.06,1,0,0,High,70.3,0,0
CUST-05144,John Martinez,82,Female,92606,710,Standard Checking,9999.97,1,0,0,None,0,0,0
CUST-05145,Joseph Hernandez,29,Male,68899,617,Premium Checking,27078.23,1,1,0,Low,23.8,0,0
CUST-05146,Susan Garcia,30,Female,43797,688,Savings,13060.35,1,1,0,Medium,63.8,0,0
CUST-05147,Barbara Gonzalez,51,Male,120646,653,Money Market,80408.4,1,0,1,Low,5.8,0,0
CUST-05148,Thomas Thomas,76,Male,80348,817,Savings,8312.76,1,1,1,Medium,55.6,0,0
CUST-05149,John Johnson,48,Female,46234,624,Standard Checking,1800.96,1,0,0,Low,18.4,0,0
CUST-05150,David Rodriguez,30,Male,18449,791,Standard Checking,10298.87,1,0,0,Low,27.8,0,0
CUST-05151,John Moore,71,Female,75405,608,Standard Checking,2036.78,0,1,0,High,82.5,0,1
CUST-05152,Karen Anderson,19,Female,91194,791,Premium Checking,44190.15,1,0,0,Medium,54.5,0,0
CUST-05153,Susan Johnson,50,Female,60738,748,Money Market,79303.26,1,0,0,Medium,48.9,1,0
CUST-05154,Thomas Davis,67,Male,18861,653,Savings,12015.24,0,0,0,Low,14,0,0
CUST-05155,Elizabeth Moore,24,Female,54128,667,Premium Checking,45185.04,0,0,1,Medium,57.4,0,0
CUST-05156,Sandra Jackson,35,Female,145514,690,Money Market,106551.2,1,0,1,Medium,57.7,0,0
CUST-05157,Linda Davis,68,Female,45396,680,Savings,7902.14,1,0,0,Medium,53.3,0,0
CUST-05158,John Williams,25,Female,130856,708,Standard Checking,11104.26,1,0,0,High,73.2,1,0
CUST-05159,Barbara Taylor,72,Male,69638,688,Premium Checking,60325.2,0,0,0,Medium,30.6,0,0
CUST-05160,Patricia Taylor,60,Female,50193,609,Standard Checking,3323.02,1,1,1,None,0,0,1
CUST-05161,Susan Jackson,76,Female,98858,642,Standard Checking,1752.46,1,0,0,Medium,34.4,0,0
CUST-05162,William Lopez,47,Male,36168,699,Premium Checking,32616.2,1,0,0,Low,17.1,0,0
CUST-05163,Robert Hernandez,76,Male,26418,604,Savings,13007.63,1,0,1,Medium,39.1,0,0
CUST-05164,Karen Williams,26,Female,26693,642,Savings,1879.7,1,0,1,Medium,62.4,0,0
CUST-05165,Christopher Anderson,85,Male,54382,716,Money Market,58650.84,1,0,0,High,84,0,0
CUST-05166,Susan Hernandez,56,Female,61263,696,Savings,4733.13,1,0,0,None,0,0,1
CUST-05167,Karen Davis,28,Male,34852,659,Standard Checking,8471.03,1,0,1,None,0,0,1
CUST-05168,Patricia Lopez,19,Female,90199,750,Standard Checking,1319.88,1,0,0,Low,22.2,0,0
CUST-05169,Linda Garcia,40,Female,51234,747,Standard Checking,8725.76,0,0,1,Low,21.6,0,0
CUST-05170,Joseph Lopez,80,Female,74214,638,Savings,13175.27,0,0,0,Medium,58.6,0,0
CUST-05171,Jessica Thomas,39,Female,34863,726,Money Market,67106.88,0,0,1,Medium,32,0,0
CUST-05172,Anthony Martin,78,Female,44757,617,Standard Checking,4860.05,1,1,0,High,88.5,0,0
CUST-05173,Karen Brown,43,Female,20277,698,Savings,3310.78,1,0,0,High,93.3,0,0
CUST-05174,David Gonzalez,29,Female,42593,697,Premium Checking,32796.7,1,0,0,High,91.9,0,0
CUST-05175,Mark Rodriguez,49,Female,54873,679,Standard Checking,1132.32,1,0,0,Medium,62.3,0,0
CUST-05176,Patricia Lopez,26,Male,37039,661,Money Market,64274.76,1,0,0,Medium,47.3,0,0
CUST-05177,William Gonzalez,50,Female,47556,683,Standard Checking,5229.63,0,0,1,Medium,52.2,0,0
CUST-05178,Jessica Garcia,41,Male,55244,678,Savings,6898.31,0,0,0,Low,25.9,0,0
CUST-05179,Elizabeth Gonzalez,55,Female,37517,520,Savings,4859.78,1,0,0,Low,18.4,0,1
CUST-05180,Michael Jackson,28,Male,42949,776,Savings,11177.7,1,0,0,High,86.7,0,0
CUST-05181,Lisa Jackson,49,Male,34012,723,Savings,10256.27,0,0,1,None,0,0,0
CUST-05182,Thomas Gonzalez,81,Male,30618,647,Premium Checking,36273.81,1,0,0,High,74.8,0,0
CUST-05183,Richard Johnson,37,Male,90648,746,Savings,11500.21,0,0,0,Medium,45,0,0
CUST-05184,Elizabeth Gonzalez,51,Male,23979,643,Savings,8765.39,1,0,0,High,84.1,0,0
CUST-05185,Betty Rodriguez,59,Female,75127,492,Standard Checking,1503.86,1,0,0,Medium,54.5,0,1
CUST-05186,James Wilson,25,Female,24779,703,Standard Checking,6371.06,0,1,1,High,94.1,0,0
CUST-05187,Mark Thomas,83,Male,104373,567,Savings,4785.98,1,0,0,Medium,44.5,0,1
CUST-05188,Karen Anderson,38,Male,65358,586,Standard Checking,5169.32,1,0,0,None,0,0,1
CUST-05189,James Taylor,22,Female,40665,603,Savings,2980.2,1,0,0,Medium,62,0,1
CUST-05190,Lisa Gonzalez,84,Male,78586,686,Standard Checking,2457.13,0,0,0,Low,23.8,0,0
CUST-05191,Sandra Anderson,60,Female,84420,691,Standard Checking,7022.05,1,0,0,High,86.2,0,0
CUST-05192,Jessica Thomas,33,Male,65475,753,Savings,14570.1,0,0,0,Medium,38.3,0,0
CUST-05193,Mary Taylor,52,Female,62129,593,Savings,383.27,1,0,0,High,90.6,0,1
CUST-05194,David Davis,60,Male,54823,628,Savings,4273.44,0,0,0,Low,5.2,0,0
CUST-05195,Karen Williams,56,Male,99543,769,Premium Checking,54092.75,1,0,0,High,96.4,0,0
CUST-05196,Mark Lopez,27,Female,48415,716,Standard Checking,5381.55,0,0,1,Low,17.7,0,0
CUST-05197,Karen Thomas,37,Male,52053,701,Savings,9835.23,1,0,0,Medium,69.7,0,0
CUST-05198,Susan Thomas,18,Non-Binary,75443,677,Standard Checking,4050.41,1,0,0,Low,21.7,0,0
CUST-05199,Anthony Taylor,23,Female,41806,708,Standard Checking,8153.91,1,0,0,Medium,37,0,0
CUST-05200,Sandra Hernandez,70,Female,84966,682,Standard Checking,2644.28,1,0,0,Low,19.6,0,0
CUST-05201,Thomas Jackson,63,Female,76571,686,Standard Checking,8103.36,1,0,0,Medium,55.7,0,0
CUST-05202,Nancy Smith,83,Male,203410,712,Standard Checking,7214.99,1,0,0,Medium,55.8,0,0
CUST-05203,Sandra Lopez,55,Female,46090,616,Standard Checking,12530.61,1,0,0,High,99.3,0,0
CUST-05204,Joseph Moore,50,Male,66120,693,Standard Checking,12070.33,1,0,0,Low,17.4,0,0
CUST-05205,Margaret Wilson,84,Female,61912,543,Standard Checking,2776.14,0,1,0,Low,10.9,0,1
CUST-05206,Sandra Smith,52,Female,73503,680,Savings,14107.15,0,0,0,High,96.7,0,0
CUST-05207,Richard Anderson,62,Male,47313,644,Premium Checking,28222.27,1,0,0,High,95.2,0,0
CUST-05208,Michael Anderson,39,Male,61843,737,Money Market,77148.45,0,0,0,High,87,0,0
CUST-05209,Karen Martinez,85,Female,52715,582,Money Market,128892.17,0,0,1,High,93.9,0,0
CUST-05210,Susan Garcia,34,Female,75357,693,Money Market,32430.87,1,0,1,Medium,50.6,0,0
CUST-05211,Susan Lopez,22,Female,18754,723,Premium Checking,53578.97,1,0,0,High,76,0,0
CUST-05212,David Martin,74,Female,43509,732,Standard Checking,2386.92,0,0,1,Low,28.4,0,0
CUST-05213,Nancy Jackson,57,Male,141582,634,Savings,7236,0,0,1,Low,23.1,0,0
CUST-05214,Mary Martin,47,Female,105915,655,Premium Checking,23929.27,1,0,0,Medium,33.8,0,0
CUST-05215,James Davis,59,Female,57049,709,Savings,13373.88,1,0,0,Medium,38.5,0,0
CUST-05216,Matthew Wilson,24,Male,65913,599,Savings,235.52,1,0,0,High,78.6,1,1
CUST-05217,William Johnson,36,Male,63572,648,Savings,13359.11,1,1,0,Medium,32.9,0,0
CUST-05218,Matthew Jones,58,Female,67192,619,Savings,4087.89,0,0,0,Medium,54.4,0,0
CUST-05219,Daniel Davis,51,Female,31625,553,Standard Checking,13078.74,1,0,0,Low,9.3,0,0
CUST-05220,Jessica Thomas,39,Male,35146,782,Standard Checking,6389.11,1,0,0,High,96,0,0
CUST-05221,Richard Martin,69,Female,35404,681,Premium Checking,74501.57,0,0,0,Medium,59.8,0,0
CUST-05222,Mark Anderson,23,Female,39246,606,Savings,14849.79,1,0,0,Medium,48.4,0,0
CUST-05223,James Williams,42,Non-Binary,107690,515,Savings,11747.99,0,0,0,Medium,63,0,1
CUST-05224,Jennifer Wilson,83,Male,27359,702,Savings,7303.53,0,0,0,Low,18.9,0,0
CUST-05225,Patricia Moore,27,Female,130862,570,Money Market,101925.07,1,0,0,Medium,31,0,0
CUST-05226,Joseph Rodriguez,43,Male,60029,633,Money Market,118876.72,1,0,0,High,78.6,1,0
CUST-05227,Sarah Williams,22,Female,27350,676,Savings,10390.38,1,0,0,None,0,0,1
CUST-05228,Elizabeth Taylor,85,Male,36867,593,Premium Checking,35779.53,1,0,0,Low,15.1,0,0
CUST-05229,Michael Anderson,67,Female,61038,795,Savings,9765.49,0,0,1,High,98.1,0,0
CUST-05230,James Hernandez,34,Male,25690,608,Standard Checking,6261.9,1,0,1,None,0,0,1
CUST-05231,Thomas Jones,28,Female,41186,593,Standard Checking,5603.55,1,0,1,Medium,50.3,0,0
CUST-05232,Michael Jackson,70,Female,27763,695,Savings,5009.61,1,0,0,Medium,44.4,0,0
CUST-05233,Matthew Anderson,67,Male,67356,655,Money Market,103733.69,1,0,0,High,94.9,0,0
CUST-05234,John Anderson,25,Male,27983,815,Savings,11507.13,1,0,0,Low,10.1,0,0
CUST-05235,Robert Lopez,79,Male,23063,778,Standard Checking,9843.97,0,0,0,High,97,0,0
CUST-05236,Sandra Martin,46,Female,101935,785,Standard Checking,9997.75,1,0,0,Medium,37.4,0,0
CUST-05237,Robert Williams,61,Male,42086,718,Standard Checking,2773.87,1,1,0,Medium,39.5,0,0
CUST-05238,William Rodriguez,62,Male,40275,726,Standard Checking,14036.82,0,0,0,Low,28.9,0,0
CUST-05239,Michael Johnson,46,Male,62047,653,Standard Checking,1628.91,1,0,0,Medium,51.8,0,0
CUST-05240,Daniel Thomas,76,Female,48345,727,Standard Checking,3399.57,0,0,0,High,87.2,0,0
CUST-05241,William Gonzalez,32,Male,32488,633,Savings,411.52,1,0,0,High,96.2,0,1
CUST-05242,Margaret Jackson,61,Male,36122,670,Standard Checking,5567.06,0,0,0,Medium,44.4,0,0
CUST-05243,Karen Taylor,53,Female,70208,582,Money Market,15956.45,1,0,0,Medium,47.5,0,0
CUST-05244,Jennifer Brown,74,Female,30270,649,Premium Checking,73282.67,1,0,1,Medium,49,0,0
CUST-05245,James Moore,81,Female,48144,719,Standard Checking,10019.66,0,0,0,Low,27.5,0,0
CUST-05246,Charles Rodriguez,55,Male,112862,756,Savings,11905.18,1,0,1,High,71.4,0,0
CUST-05247,Richard Davis,34,Male,42245,711,Money Market,13213.9,0,0,0,Low,11.4,0,0
CUST-05248,Daniel Gonzalez,44,Female,90784,776,Money Market,95217.45,1,0,1,Medium,57.7,0,0
CUST-05249,Joseph Hernandez,34,Female,29587,580,Premium Checking,10016.81,1,0,0,None,0,0,1
CUST-05250,Barbara Wilson,80,Female,53757,716,Money Market,146778.01,1,0,0,Medium,50.7,0,0
CUST-05251,Patricia Smith,28,Male,91403,618,Savings,14899.67,0,1,0,High,78,0,0
CUST-05252,Lisa Brown,81,Female,36853,709,Standard Checking,6725.86,1,1,1,High,98.4,0,0
CUST-05253,Charles Rodriguez,56,Female,127851,623,Premium Checking,65055.31,1,0,0,High,75.8,0,0
CUST-05254,Elizabeth Brown,19,Female,47720,640,Premium Checking,7285.92,0,0,0,Low,17.7,0,0
CUST-05255,Karen Rodriguez,83,Female,27410,739,Premium Checking,44843.11,0,0,0,Medium,44.1,0,0
CUST-05256,Richard Lopez,71,Male,80981,697,Premium Checking,59185.56,0,0,0,High,96.8,0,0
CUST-05257,David Lopez,46,Female,108292,621,Standard Checking,13773.29,1,0,0,Low,23.9,0,0
CUST-05258,Sandra Moore,62,Female,26277,574,Standard Checking,3167.44,0,0,0,None,0,1,1
CUST-05259,Sandra Lopez,48,Female,61128,618,Premium Checking,13521.91,1,1,0,None,0,0,1
CUST-05260,Jessica Jones,66,Female,35016,675,Standard Checking,11923.36,1,0,1,High,72.4,0,0
CUST-05261,Karen Lopez,26,Female,29415,595,Standard Checking,3193.25,1,1,0,High,73,1,1
CUST-05262,Christopher Hernandez,44,Female,31540,697,Standard Checking,12552.74,1,0,0,High,86.5,0,0
CUST-05263,William Moore,73,Female,54452,603,Standard Checking,4851.58,0,0,0,High,99.6,0,0
CUST-05264,Sandra Williams,62,Male,93595,666,Premium Checking,39328.89,1,0,1,Medium,39.9,0,0
CUST-05265,Karen Taylor,60,Female,47550,702,Standard Checking,3255.65,1,0,0,High,74.3,0,0
CUST-05266,Susan Smith,39,Female,60475,646,Savings,13111.95,0,0,0,High,96.8,0,0
CUST-05267,Thomas Davis,50,Male,37161,754,Standard Checking,268.33,0,0,0,Low,27.6,0,0
CUST-05268,Robert Jones,44,Male,46019,705,Money Market,85601.49,1,0,1,Low,25.9,0,0
CUST-05269,William Williams,57,Male,31758,615,Standard Checking,12047.58,0,0,0,Low,23.8,1,0
CUST-05270,Charles Rodriguez,43,Male,19825,600,Standard Checking,5589.77,1,1,0,Low,25,0,0
CUST-05271,Nancy Moore,62,Female,37953,788,Savings,10604.17,1,1,0,Medium,69.8,0,0
CUST-05272,Jessica Smith,62,Male,86218,756,Savings,13580.87,0,0,1,High,77.4,0,0
CUST-05273,Mary Wilson,43,Female,14081,655,Premium Checking,33166.61,1,1,1,High,80.6,0,0
CUST-05274,Susan Smith,84,Male,85021,700,Savings,9815.9,0,0,0,Low,21,0,0
CUST-05275,Betty Thomas,23,Male,57777,659,Standard Checking,10520.14,0,0,0,High,98.5,0,0
CUST-05276,Joseph Anderson,45,Female,45739,725,Premium Checking,28474.51,1,0,0,Low,29.8,0,0
CUST-05277,Barbara Thomas,84,Female,37696,691,Standard Checking,6328.13,1,0,0,Low,12.8,0,0
CUST-05278,Susan Anderson,30,Male,62283,538,Standard Checking,8410.25,0,0,0,Medium,66.5,0,1
CUST-05279,Daniel Anderson,80,Non-Binary,98644,759,Savings,7033.95,1,0,1,Low,22.1,0,0
CUST-05280,Charles Davis,30,Female,55770,774,Standard Checking,4769.63,1,0,0,Medium,67,0,0
CUST-05281,Mary Johnson,18,Male,44125,646,Standard Checking,14149.28,1,0,0,High,93,0,0
CUST-05282,Anthony Martinez,57,Female,188996,701,Premium Checking,45691.58,1,0,0,Low,12.3,0,0
CUST-05283,John Taylor,54,Male,51178,755,Standard Checking,13964.66,1,0,0,High,70.4,0,0
CUST-05284,Linda Brown,48,Female,21608,850,Savings,14865.95,0,0,0,Low,12.3,0,0
CUST-05285,Susan Martinez,34,Female,57751,716,Standard Checking,12865.43,1,0,0,Low,26.6,0,0
CUST-05286,Mark Smith,26,Male,36526,704,Money Market,128047.51,1,0,0,Medium,34.9,0,0
CUST-05287,Patricia Smith,81,Female,41088,740,Savings,624.29,1,1,0,High,78.7,0,0
CUST-05288,Thomas Taylor,74,Male,92895,747,Premium Checking,23160.42,1,0,0,Medium,57.7,0,0
CUST-05289,Michael Martin,30,Female,76031,717,Premium Checking,48882.35,1,1,1,High,77.9,0,0
CUST-05290,Joseph Gonzalez,54,Male,20312,589,Savings,9092.26,0,0,0,High,99.5,0,0
CUST-05291,Margaret Johnson,31,Female,20647,692,Standard Checking,902.21,1,0,0,High,80.5,0,0
CUST-05292,Margaret Jackson,42,Female,52603,700,Savings,4378.75,0,1,1,High,90.9,0,0
CUST-05293,Lisa Gonzalez,74,Male,79720,577,Savings,7481.85,0,1,0,Medium,52,0,0
CUST-05294,Lisa Hernandez,59,Female,15946,724,Premium Checking,48298.64,1,0,0,Medium,59.4,0,0
CUST-05295,Anthony Anderson,59,Female,80002,600,Savings,14201.35,0,0,0,Medium,37.2,0,0
CUST-05296,Elizabeth Rodriguez,64,Female,168219,772,Standard Checking,14484.34,1,0,1,High,95,0,0
CUST-05297,Anthony Rodriguez,61,Female,88713,623,Standard Checking,13349.33,0,0,1,Medium,37.7,0,0
CUST-05298,Karen Smith,58,Male,32973,746,Standard Checking,3792.45,0,0,0,Medium,68.2,0,0
CUST-05299,Thomas Lopez,20,Male,67577,632,Savings,9631.9,1,0,1,None,0,0,1
CUST-05300,Elizabeth Jones,18,Male,55077,768,Standard Checking,4147.88,1,0,0,Medium,35.1,0,0
CUST-05301,Sandra Moore,28,Male,119479,776,Savings,14262.14,1,0,1,Medium,37.4,0,0
CUST-05302,Joseph Garcia,24,Male,86476,719,Savings,7616.29,1,0,0,Low,10.2,0,0
CUST-05303,Michael Taylor,29,Female,31273,635,Premium Checking,64703.36,0,1,1,Medium,49.5,0,0
CUST-05304,Jennifer Davis,55,Male,65746,709,Standard Checking,5925.42,1,0,0,High,72.6,0,0
CUST-05305,Barbara Wilson,71,Female,32527,628,Standard Checking,5752.99,0,0,0,Low,9.6,0,0
CUST-05306,Barbara Martinez,84,Male,82378,600,Standard Checking,553.85,0,0,0,Medium,49.4,0,1
CUST-05307,Nancy Martin,70,Male,43179,644,Money Market,146562.53,1,0,0,Low,10.1,0,0
CUST-05308,Joseph Miller,49,Male,48063,676,Standard Checking,9672.17,1,0,0,None,0,0,1
CUST-05309,Betty Rodriguez,62,Female,53354,635,Money Market,111627.2,0,0,1,High,85.9,0,0
CUST-05310,Elizabeth Martinez,68,Female,37213,661,Standard Checking,2813.46,1,1,1,Low,24.5,0,0
CUST-05311,Jessica Miller,54,Male,51700,640,Money Market,82884.03,1,0,0,High,89.8,0,0
CUST-05312,Margaret Jones,76,Female,61663,680,Standard Checking,10987.41,1,0,1,Medium,61.2,0,0
CUST-05313,Daniel Williams,71,Female,42592,664,Standard Checking,13632.7,0,0,0,Low,24.5,0,0
CUST-05314,Sarah Hernandez,35,Female,54703,573,Standard Checking,7168.43,0,0,0,High,95.7,0,0
CUST-05315,Joseph Martin,18,Female,33792,677,Standard Checking,2728.66,1,0,0,High,93.8,0,0
CUST-05316,Robert Lopez,38,Male,26494,624,Savings,2537.27,1,0,1,High,71.2,0,0
CUST-05317,Patricia Anderson,45,Male,48192,616,Savings,8147.65,1,0,0,Medium,44.7,0,0
CUST-05318,William Miller,33,Male,81529,616,Standard Checking,10745.06,1,0,1,Medium,57.8,0,0
CUST-05319,Elizabeth Gonzalez,65,Female,80210,692,Standard Checking,13742.54,1,0,0,None,0,0,0
CUST-05320,Mark Davis,45,Female,77732,708,Money Market,16422.02,0,0,0,High,92.8,0,0
CUST-05321,Barbara Jackson,39,Female,81221,688,Standard Checking,4916.01,1,0,0,None,0,0,1
CUST-05322,Betty Smith,18,Male,53748,730,Standard Checking,14027.68,1,0,0,None,0,0,0
CUST-05323,Jessica Taylor,59,Male,37267,680,Premium Checking,19274.83,1,0,1,Medium,66.4,0,0
CUST-05324,Matthew Moore,20,Female,43025,689,Savings,7831.53,1,0,0,Medium,37.8,0,0
CUST-05325,David Moore,61,Non-Binary,46141,620,Standard Checking,6766.06,0,0,0,High,86.5,0,0
CUST-05326,Michael Moore,44,Female,35277,714,Standard Checking,11535.16,1,0,1,Low,19.7,0,0
CUST-05327,Betty Davis,68,Male,65937,669,Money Market,132585.3,1,0,0,Low,27.4,0,0
CUST-05328,Jennifer Miller,41,Female,36097,723,Savings,12554.16,0,1,0,None,0,0,0
CUST-05329,Daniel Martinez,37,Male,19440,673,Premium Checking,63194.39,0,1,1,Low,5.2,0,0
CUST-05330,David Gonzalez,49,Female,83225,680,Standard Checking,14490.41,1,0,0,Low,12.6,0,0
CUST-05331,William Miller,30,Male,63269,624,Savings,4542.13,1,0,0,Low,12.1,0,0
CUST-05332,William Gonzalez,60,Female,20689,668,Savings,7080.86,1,1,0,Medium,37.1,0,0
CUST-05333,Betty Williams,37,Female,35455,822,Premium Checking,57207.8,1,0,0,High,73.2,0,0
CUST-05334,John Smith,19,Female,46717,550,Premium Checking,20316.18,1,1,0,High,72.3,0,0
CUST-05335,Christopher Martin,85,Female,48945,648,Money Market,50150.73,1,0,0,High,78.7,0,0
CUST-05336,Mary Williams,77,Female,140418,734,Standard Checking,9720.53,0,0,0,High,95.7,0,0
CUST-05337,Joseph Garcia,21,Female,30344,629,Standard Checking,10729.16,1,1,0,Medium,67.5,1,0
CUST-05338,Sandra Gonzalez,34,Female,29420,687,Savings,14388.15,1,0,0,Medium,49.4,0,0
CUST-05339,Christopher Smith,18,Male,92571,673,Savings,7195.44,1,0,0,Medium,60.3,0,0
CUST-05340,Karen Jackson,50,Male,44728,739,Money Market,75656.21,1,0,0,High,99.8,0,0
CUST-05341,James Johnson,47,Female,88139,662,Savings,10274.24,1,0,0,Medium,65.9,0,0
CUST-05342,Joseph Wilson,22,Female,42918,564,Standard Checking,12863.34,1,0,1,Medium,51.2,0,0
CUST-05343,Charles Hernandez,29,Male,90155,798,Standard Checking,4358.79,1,0,0,High,89,0,0
CUST-05344,Sandra Anderson,49,Male,42669,671,Standard Checking,12104.71,1,0,0,Medium,47.5,0,0
CUST-05345,Jennifer Martin,55,Male,46052,691,Savings,7513.9,1,0,1,High,70.7,0,0
CUST-05346,William Jones,34,Female,29185,648,Savings,291.6,1,0,0,None,0,0,1
CUST-05347,Karen Johnson,75,Male,116306,691,Savings,2338.46,1,0,0,High,73.8,0,0
CUST-05348,Jennifer Moore,57,Male,33627,748,Premium Checking,67606.78,0,0,0,Low,7.3,0,0
CUST-05349,Margaret Jackson,41,Male,25885,669,Standard Checking,4060.84,0,0,0,Medium,41.1,0,0
CUST-05350,William Garcia,29,Male,110201,625,Standard Checking,4490.09,0,0,0,High,75.6,0,0
CUST-05351,Susan Gonzalez,36,Female,68147,588,Standard Checking,11040.56,1,0,0,Medium,41.5,0,0
CUST-05352,David Lopez,46,Female,108252,762,Savings,10304.35,1,1,1,Medium,46.3,0,0
CUST-05353,Charles Jackson,69,Male,34316,649,Standard Checking,6782.4,0,0,0,Medium,69.7,0,0
CUST-05354,Christopher Jackson,34,Male,66342,718,Savings,10964.47,1,0,0,Medium,65.3,0,0
CUST-05355,Lisa Gonzalez,38,Female,98720,728,Savings,9175.57,1,0,0,Low,23,0,0
CUST-05356,Margaret Wilson,77,Female,27686,664,Standard Checking,2786.19,1,0,1,Medium,35.9,0,0
CUST-05357,Lisa Moore,37,Male,57716,674,Money Market,54552.46,1,0,0,Medium,40.6,0,0
CUST-05358,Barbara Brown,70,Male,39081,680,Savings,1009.87,1,0,0,High,79.5,0,0
CUST-05359,Elizabeth Taylor,80,Non-Binary,40271,736,Savings,9939.83,0,0,0,Medium,55.5,0,0
CUST-05360,Patricia Lopez,74,Female,32514,622,Premium Checking,17015.44,1,0,0,High,75.9,0,0
CUST-05361,Richard Brown,46,Female,60664,665,Savings,11153.69,0,0,0,Low,25.6,0,0
CUST-05362,Elizabeth Williams,18,Male,43530,700,Premium Checking,64526.25,1,0,0,Medium,50.4,0,0
CUST-05363,Joseph Johnson,76,Female,30861,701,Premium Checking,60584.63,0,0,0,Medium,36.7,0,0
CUST-05364,Matthew Taylor,81,Female,99705,723,Money Market,125385.68,1,0,0,High,99.6,0,0
CUST-05365,Jennifer Davis,61,Female,50298,586,Standard Checking,9312.36,0,0,0,Medium,35.8,0,0
CUST-05366,John Moore,65,Non-Binary,22390,657,Standard Checking,8787.37,1,0,1,Medium,46.9,0,0
CUST-05367,Nancy Smith,32,Male,34803,708,Premium Checking,28228.71,1,0,0,Medium,56.3,0,0
CUST-05368,Mark Thomas,52,Female,23385,588,Standard Checking,9559.2,0,0,1,Medium,45.6,0,0
CUST-05369,Michael Williams,40,Male,35840,802,Money Market,55001.98,1,0,0,None,0,0,0
CUST-05370,Daniel Brown,70,Female,58455,571,Savings,12451.58,1,0,0,Low,23.1,0,0
CUST-05371,William Jones,62,Female,66809,600,Premium Checking,64804.52,0,0,0,Medium,34.5,0,0
CUST-05372,Charles Anderson,30,Female,74799,630,Money Market,142288.94,1,1,0,High,76,0,0
CUST-05373,Linda Garcia,51,Male,35887,622,Standard Checking,10695.89,0,0,0,High,87.6,0,0
CUST-05374,Sarah Jackson,55,Male,41025,715,Standard Checking,7651.32,1,0,0,High,79.5,0,0
CUST-05375,Lisa Anderson,85,Male,61076,685,Money Market,10969.15,1,0,0,Low,18.4,0,0
CUST-05376,Betty Miller,22,Male,75461,617,Premium Checking,48846.04,1,0,0,Low,18.6,0,0
CUST-05377,Elizabeth Garcia,57,Male,45702,825,Money Market,79915.92,0,0,0,Low,24,0,0
CUST-05378,Susan Taylor,38,Female,67578,732,Money Market,39028.68,1,1,0,Medium,62.4,0,0
CUST-05379,William Jackson,45,Female,37045,698,Standard Checking,2101.54,0,0,0,Medium,62.1,0,0
CUST-05380,Sandra Jones,20,Female,16738,730,Premium Checking,57098.81,1,1,1,High,75.8,0,0
CUST-05381,Daniel Miller,40,Female,77117,707,Savings,3557.97,1,0,0,Medium,56.2,0,0
CUST-05382,Charles Martin,36,Female,64973,693,Standard Checking,9124.89,0,0,1,Medium,54.7,0,0
CUST-05383,Betty Miller,67,Female,46692,715,Premium Checking,32603.55,0,0,0,High,72.8,0,0
CUST-05384,Lisa Johnson,75,Male,53500,677,Standard Checking,58.96,1,0,0,Low,11.8,0,0
CUST-05385,Matthew Thomas,37,Male,87400,726,Savings,11134.49,1,0,0,Medium,47.4,0,0
CUST-05386,Richard Davis,70,Male,48814,685,Standard Checking,13134.48,0,0,0,Medium,47.2,0,0
CUST-05387,Jennifer Garcia,26,Female,11540,660,Premium Checking,17149.88,1,0,0,Medium,54.3,0,0
CUST-05388,William Brown,21,Female,17762,794,Money Market,76525.74,0,0,0,Medium,39.4,0,0
CUST-05389,Anthony Hernandez,58,Female,95737,685,Savings,3558.48,1,0,0,High,93.3,0,0
CUST-05390,Robert Taylor,42,Female,65949,662,Savings,12375.15,0,0,0,High,78.9,0,0
CUST-05391,Karen Miller,51,Female,86505,619,Standard Checking,301.31,1,1,1,Medium,59.2,0,1
CUST-05392,Anthony Anderson,26,Non-Binary,103074,610,Premium Checking,59807.97,1,1,1,Low,13.4,0,0
CUST-05393,Matthew Anderson,30,Female,100130,683,Savings,12544.89,1,0,0,Medium,67.9,0,0
CUST-05394,Susan Gonzalez,26,Male,24230,654,Standard Checking,2968.57,1,0,0,Medium,32.6,0,0
CUST-05395,David Gonzalez,21,Male,44316,628,Standard Checking,2204.34,0,0,0,Medium,43.8,0,0
CUST-05396,Betty Rodriguez,51,Male,31490,770,Standard Checking,2766.6,0,0,0,High,92.2,0,0
CUST-05397,Elizabeth Brown,24,Female,53191,752,Standard Checking,11346.49,1,0,0,Medium,66.7,0,0
CUST-05398,Thomas Wilson,32,Female,24899,610,Savings,14479.89,1,0,0,Low,28.8,0,0
CUST-05399,Lisa Moore,55,Male,50085,655,Premium Checking,25493.35,0,0,1,High,98,0,0
CUST-05400,David Thomas,69,Female,20717,566,Savings,1674.04,1,0,0,High,84.5,0,1
CUST-05401,James Miller,24,Male,41210,645,Standard Checking,4098.9,0,1,0,Medium,60.8,0,0
CUST-05402,Margaret Martinez,62,Female,101641,632,Standard Checking,1707.34,1,0,0,Low,25.4,0,0
CUST-05403,William Williams,76,Male,34853,668,Savings,126.1,1,0,1,High,86.7,0,0
CUST-05404,Nancy Wilson,38,Male,34671,617,Premium Checking,28841.4,0,0,1,None,0,0,0
CUST-05405,Betty Anderson,45,Male,52205,555,Premium Checking,41803.87,1,1,0,Low,15.4,0,0
CUST-05406,Mary Wilson,20,Male,53692,641,Premium Checking,66542.49,1,0,0,Medium,51.9,0,0
CUST-05407,Jessica Miller,31,Male,57349,768,Standard Checking,4998.68,1,0,0,Medium,64.4,0,0
CUST-05408,Patricia Moore,19,Female,32941,635,Savings,3456.35,1,0,0,Low,7.4,0,0
CUST-05409,Lisa Jones,46,Male,36290,815,Premium Checking,35590.13,0,0,0,Medium,55.9,0,0
CUST-05410,Jennifer Miller,35,Female,50724,621,Money Market,146405.28,1,1,0,Medium,51,0,0
CUST-05411,Joseph Smith,54,Male,80159,685,Savings,8574.83,1,0,0,High,77.9,0,0
CUST-05412,Lisa Brown,62,Male,34024,702,Savings,11472.93,1,0,1,None,0,1,0
CUST-05413,Mark Smith,62,Female,44420,607,Savings,7579.88,1,0,0,Medium,55.4,0,0
CUST-05414,David Moore,41,Male,18625,564,Savings,12671.43,0,0,0,High,74,0,0
CUST-05415,Susan Hernandez,63,Female,39413,756,Savings,6953.21,1,0,0,Medium,61.8,0,0
CUST-05416,Elizabeth Taylor,29,Male,54219,756,Standard Checking,1114.79,1,1,1,Low,28.7,0,0
CUST-05417,Patricia Anderson,70,Male,75750,777,Standard Checking,9080.37,0,0,0,Low,19.3,0,0
CUST-05418,Betty Thomas,62,Male,33087,622,Savings,10740.73,0,1,0,High,92.6,0,0
CUST-05419,Christopher Gonzalez,49,Female,53415,705,Standard Checking,1895.05,1,1,0,Low,10.9,0,0
CUST-05420,William Hernandez,35,Male,56151,682,Premium Checking,21427.41,1,1,0,Medium,64.7,0,0
CUST-05421,David Garcia,30,Female,20009,673,Savings,4493.06,1,0,1,Low,21.4,1,0
CUST-05422,James Garcia,21,Female,26146,653,Standard Checking,14439.99,1,0,0,High,78.2,0,0
CUST-05423,Richard Jones,40,Male,63020,734,Premium Checking,62006.32,1,0,0,High,73.8,0,0
CUST-05424,Joseph Moore,79,Female,50526,850,Money Market,26609.34,0,0,1,High,86.9,0,0
CUST-05425,Karen Wilson,71,Male,51404,699,Standard Checking,4663.71,0,0,0,High,86.8,0,0
CUST-05426,Joseph Jones,72,Female,30798,692,Savings,6274.43,1,0,0,Medium,61.2,0,0
CUST-05427,Betty Brown,57,Female,23765,634,Premium Checking,41312.99,1,0,0,High,74.8,0,0
CUST-05428,Mary Miller,31,Male,62279,727,Savings,14957.84,1,0,0,Medium,47.2,0,0
CUST-05429,Elizabeth Thomas,45,Female,53296,507,Premium Checking,6794.27,1,0,1,Low,10.7,0,1
CUST-05430,Elizabeth Moore,84,Male,18577,656,Standard Checking,6919.59,1,0,0,High,77.5,0,0
CUST-05431,Thomas Gonzalez,46,Male,46657,705,Standard Checking,9323.01,1,0,1,High,97.5,0,0
CUST-05432,James Smith,78,Female,119431,697,Standard Checking,5922.99,1,0,0,High,78.6,0,0
CUST-05433,Joseph Smith,85,Non-Binary,66162,673,Savings,2021.03,1,0,1,High,74.5,0,0
CUST-05434,Jennifer Gonzalez,26,Female,31329,551,Standard Checking,406.94,0,0,0,High,86.9,0,1
CUST-05435,Anthony Smith,34,Male,53285,784,Savings,517.97,1,0,0,Medium,67.6,0,0
CUST-05436,Robert Rodriguez,66,Female,44227,696,Standard Checking,7487.72,1,0,1,Medium,49.2,0,0
CUST-05437,Sandra Taylor,80,Male,111656,678,Standard Checking,6196.13,0,0,0,High,86.3,0,0
CUST-05438,Jessica Davis,63,Male,27923,768,Premium Checking,61283,1,0,1,Low,11.3,0,0
CUST-05439,Thomas Anderson,30,Female,93878,764,Standard Checking,13685.43,1,0,0,High,84.8,0,0
CUST-05440,Lisa Smith,62,Male,26988,664,Savings,9188,0,1,0,Low,8.9,0,0
CUST-05441,Barbara Jones,70,Male,57926,661,Standard Checking,7146.04,1,0,0,Medium,53.8,0,0
CUST-05442,Lisa Garcia,34,Female,67680,713,Standard Checking,8620.78,1,0,0,Low,27.5,1,0
CUST-05443,Matthew Smith,64,Female,87284,766,Standard Checking,6992.76,1,0,1,Medium,57.6,0,0
CUST-05444,Matthew Smith,79,Female,71981,749,Savings,5233.23,1,0,0,Medium,63.8,0,0
CUST-05445,Elizabeth Martinez,67,Male,22876,612,Money Market,24104.26,0,0,0,Low,16.9,0,0
CUST-05446,John Taylor,60,Female,49049,603,Savings,13958.88,1,0,0,High,93.4,0,0
CUST-05447,Charles Hernandez,85,Male,63297,619,Premium Checking,49752.16,1,0,0,Medium,34.1,0,0
CUST-05448,Mark Moore,45,Female,84386,718,Standard Checking,2702.64,1,1,0,Medium,36.7,0,0
CUST-05449,Mary Rodriguez,62,Female,27853,653,Standard Checking,7164.36,1,0,0,Medium,45.9,0,0
CUST-05450,Lisa Taylor,58,Female,30651,714,Standard Checking,2629.99,0,0,0,Low,6.7,0,0
CUST-05451,Margaret Wilson,53,Male,23581,589,Standard Checking,1835.56,0,0,0,None,0,0,1
CUST-05452,Patricia Taylor,50,Male,49012,622,Standard Checking,4978.36,1,0,0,Medium,42.6,0,0
CUST-05453,Thomas Lopez,42,Female,56119,714,Standard Checking,3027.7,1,0,0,Medium,33,0,0
CUST-05454,Margaret Martin,36,Male,58528,571,Standard Checking,14033.15,1,0,0,Medium,39.4,0,0
CUST-05455,Sarah Williams,64,Female,42918,804,Standard Checking,885.22,1,1,0,Medium,38.3,0,0
CUST-05456,David Moore,50,Male,46325,757,Standard Checking,14463.88,0,0,1,Medium,31.4,0,0
CUST-05457,Patricia Taylor,84,Male,46506,776,Standard Checking,12620.03,0,0,0,High,73.4,0,0
CUST-05458,Sarah Jones,31,Male,43638,733,Money Market,37484.82,1,0,0,Medium,64.1,0,0
CUST-05459,Susan Martinez,50,Male,19583,548,Money Market,101742.66,1,0,0,Medium,45.1,0,0
CUST-05460,Joseph Smith,59,Female,30385,758,Premium Checking,31912.34,0,0,0,Low,24.4,0,0
CUST-05461,Jessica Hernandez,82,Male,64140,730,Money Market,127897.66,0,0,0,Medium,34.4,0,0
CUST-05462,Daniel Martin,64,Female,39250,656,Savings,3795.72,1,0,0,High,73.8,0,0
CUST-05463,Jennifer Thomas,52,Male,38161,648,Premium Checking,19939.15,1,0,1,Medium,35.1,0,0
CUST-05464,Sandra Johnson,49,Male,92332,734,Standard Checking,6892.04,1,0,0,Medium,32.3,0,0
CUST-05465,James Rodriguez,72,Male,83923,569,Standard Checking,7628.36,1,0,0,Medium,67.4,0,0
CUST-05466,Nancy Lopez,71,Male,34022,744,Standard Checking,4820.4,1,0,1,Medium,40.3,0,0
CUST-05467,Thomas Anderson,68,Female,103317,634,Standard Checking,4897.16,1,1,0,Medium,34.4,0,0
CUST-05468,Sandra Jackson,76,Non-Binary,44452,691,Standard Checking,14991.31,0,0,1,Low,6.8,0,0
CUST-05469,Anthony Martinez,31,Female,73127,693,Standard Checking,5928.55,0,0,0,None,0,0,1
CUST-05470,Mark Lopez,35,Female,48180,585,Premium Checking,62808.41,0,0,0,Medium,62.1,0,0
CUST-05471,Susan Rodriguez,72,Female,35599,566,Premium Checking,71475.72,0,0,1,Medium,64.1,0,0
CUST-05472,Anthony Gonzalez,73,Female,73198,697,Standard Checking,11767.36,1,0,1,Medium,51.9,0,0
CUST-05473,John Wilson,66,Female,31223,676,Savings,3566.63,1,0,1,Medium,47.2,0,0
CUST-05474,Christopher Martinez,77,Female,45314,699,Standard Checking,1684.54,0,0,0,High,90.1,0,0
CUST-05475,Jessica Miller,70,Female,48950,608,Standard Checking,4446.01,0,0,0,High,93,0,0
CUST-05476,Patricia Martin,23,Female,40428,741,Savings,7902.59,1,0,0,Low,12,0,0
CUST-05477,Daniel Hernandez,25,Female,24838,764,Money Market,121231.93,1,0,0,High,97.9,0,0
CUST-05478,Jessica Martin,32,Female,63152,660,Savings,2360.98,1,0,0,Medium,45.8,0,0
CUST-05479,Patricia Taylor,43,Female,77678,599,Premium Checking,47301.56,1,1,0,Medium,51.6,0,0
CUST-05480,Richard Hernandez,56,Female,53215,640,Standard Checking,7610.15,0,0,1,Medium,42.1,0,0
CUST-05481,Sandra Williams,20,Male,33511,700,Standard Checking,13065.18,1,0,0,High,79.5,0,0
CUST-05482,William Garcia,74,Female,144903,711,Savings,8951.78,1,1,0,High,81.4,0,0
CUST-05483,Nancy Hernandez,27,Male,43671,816,Standard Checking,13035.26,1,0,0,High,87.3,1,0
CUST-05484,Jessica Jackson,20,Female,43299,737,Savings,11504.26,1,0,0,Medium,61.8,0,0
CUST-05485,Anthony Jones,63,Male,11354,662,Savings,5180.15,1,1,0,Medium,38.1,0,0
CUST-05486,Susan Taylor,39,Male,26357,717,Savings,6227.08,1,0,0,Medium,64.4,0,0
CUST-05487,John Brown,84,Female,87575,703,Premium Checking,18345.47,1,0,0,Medium,69.6,0,0
CUST-05488,Jessica Thomas,82,Female,254347,683,Savings,10595.71,0,0,0,Low,11.8,0,0
CUST-05489,Christopher Brown,36,Male,93238,796,Savings,8413.06,1,0,0,Medium,63.4,0,0
CUST-05490,Charles Taylor,79,Male,29114,636,Standard Checking,14213.2,1,0,0,High,76.8,0,0
CUST-05491,Richard Smith,74,Female,62195,722,Standard Checking,747.68,0,0,1,High,75.3,0,0
CUST-05492,Barbara Brown,30,Male,40358,720,Standard Checking,12860.07,1,0,0,High,98,1,0
CUST-05493,David Jones,33,Male,40980,807,Savings,4814.05,0,0,1,Medium,36.8,0,0
CUST-05494,Mary Taylor,33,Female,25567,535,Premium Checking,9786.72,1,0,0,None,0,0,1
CUST-05495,Linda Garcia,69,Female,63560,765,Savings,13729.72,0,0,0,Low,23.4,0,0
CUST-05496,Christopher Rodriguez,58,Female,25996,602,Savings,5342.97,0,0,0,Medium,37,0,0
CUST-05497,Richard Hernandez,65,Female,15516,572,Savings,7451.68,1,0,0,High,95,0,0
CUST-05498,Mark Thomas,56,Female,39947,613,Savings,4873.54,1,0,0,None,0,0,1
CUST-05499,Jessica Johnson,30,Female,13634,576,Standard Checking,10578.48,1,0,1,Medium,66.5,0,0
CUST-05500,Elizabeth Lopez,21,Female,32727,763,Money Market,47490.89,0,0,0,Medium,49.4,0,0
CUST-05501,Linda Hernandez,60,Male,66158,793,Savings,11307.21,1,0,0,Medium,50.2,0,0
CUST-05502,Sandra Martinez,63,Male,86326,630,Money Market,145697.57,0,0,1,Medium,62.9,0,0
CUST-05503,Richard Taylor,64,Female,67427,665,Savings,1037.08,0,0,0,Medium,52.1,1,0
CUST-05504,Michael Williams,70,Female,43678,759,Standard Checking,6026.07,1,0,0,High,72.8,0,0
CUST-05505,Sandra Martin,42,Male,37344,796,Standard Checking,10467.32,0,0,1,Medium,46.5,0,0
CUST-05506,Richard Jackson,58,Female,30844,690,Standard Checking,1460.26,1,0,0,High,87.1,0,0
CUST-05507,Michael Rodriguez,20,Female,103073,649,Premium Checking,74757.82,0,0,0,High,76.7,0,0
CUST-05508,Charles Gonzalez,30,Male,26124,580,Standard Checking,9655.23,0,0,0,Medium,31.2,0,0
CUST-05509,Nancy Davis,35,Female,52162,596,Savings,6974.06,1,0,1,High,96,0,0
CUST-05510,Nancy Moore,54,Female,65956,794,Premium Checking,18427.85,1,0,0,None,0,0,0
CUST-05511,Mark Johnson,60,Male,18166,596,Standard Checking,1116.58,1,0,0,High,80.9,0,1
CUST-05512,Sarah Moore,51,Female,14651,707,Standard Checking,3715.93,0,1,0,None,0,0,1
CUST-05513,David Smith,72,Male,65882,663,Standard Checking,11864.23,0,1,0,None,0,0,1
CUST-05514,Susan Thomas,69,Female,23681,655,Standard Checking,13355.7,1,0,0,Low,14.5,0,0
CUST-05515,David Smith,53,Female,57226,571,Savings,3753.15,1,0,0,Medium,34.5,0,1
CUST-05516,Sandra Miller,71,Female,31640,664,Standard Checking,4601.13,1,0,0,Medium,46.4,0,0
CUST-05517,Mark Thomas,76,Male,56039,794,Standard Checking,2593.95,1,0,0,Medium,47.7,0,0
CUST-05518,Sandra Wilson,69,Male,59969,679,Savings,10303.77,1,0,0,High,86.7,0,0
CUST-05519,Joseph Wilson,36,Female,81022,719,Money Market,52991.52,0,1,0,Medium,35,0,0
CUST-05520,Margaret Hernandez,29,Male,61176,577,Standard Checking,13966.52,1,0,0,Low,11.9,0,0
CUST-05521,Jessica Jackson,28,Male,54844,672,Money Market,77379,1,0,1,Medium,65.8,0,0
CUST-05522,Thomas Garcia,65,Male,116979,667,Money Market,106768.1,0,0,0,High,93.9,0,0
CUST-05523,David Taylor,33,Female,30074,671,Premium Checking,14047.08,0,1,0,Medium,62.6,0,0
CUST-05524,William Moore,64,Female,50321,710,Standard Checking,2245.75,1,1,0,Medium,52.3,0,0
CUST-05525,Thomas Lopez,84,Non-Binary,77282,697,Standard Checking,1908.94,1,0,0,High,95.3,0,0
CUST-05526,Daniel Jones,48,Male,12966,611,Savings,4173.88,1,0,0,Medium,61.5,0,0
CUST-05527,David Brown,25,Male,105078,628,Savings,8864.16,1,0,0,High,80.6,0,0
CUST-05528,Anthony Brown,78,Female,45111,680,Savings,70.15,1,0,0,Medium,48.6,0,0
CUST-05529,John Taylor,61,Female,60748,828,Savings,9108.62,1,0,0,High,84.4,0,0
CUST-05530,Michael Brown,67,Male,38307,627,Premium Checking,57809.02,1,0,1,Low,23.5,0,0
CUST-05531,Daniel Gonzalez,52,Male,61090,647,Standard Checking,736.03,1,0,0,Low,24.7,0,0
CUST-05532,Barbara Smith,78,Male,55977,656,Savings,7869.59,1,0,0,Low,23.2,0,0
CUST-05533,Christopher Jackson,72,Female,27942,703,Standard Checking,12524.46,1,0,0,Medium,65.3,0,0
CUST-05534,Christopher Martin,83,Male,39343,747,Standard Checking,4526.85,0,0,1,High,70.8,0,0
CUST-05535,Sarah Hernandez,31,Female,63033,707,Standard Checking,12281.29,0,0,0,Medium,61.7,0,0
CUST-05536,Karen Williams,21,Female,102266,607,Savings,6663.55,1,0,0,Medium,41.2,0,0
CUST-05537,Mark Taylor,34,Male,40619,724,Savings,12638.22,1,1,0,Medium,57.8,0,0
CUST-05538,Barbara Martinez,41,Male,25704,786,Standard Checking,7091.09,1,0,1,High,93.3,1,0
CUST-05539,Linda Anderson,66,Male,58488,683,Standard Checking,13517.3,1,1,0,High,97.9,0,0
CUST-05540,Robert Brown,72,Female,42172,661,Standard Checking,13711.96,1,0,1,High,70.6,0,0
CUST-05541,Betty Martin,40,Female,73223,802,Savings,146.7,1,1,0,Medium,41.9,0,0
CUST-05542,Charles Brown,29,Male,33762,588,Savings,5817.5,0,0,0,Low,29.6,0,0
CUST-05543,Joseph Taylor,28,Female,24824,689,Standard Checking,13315.52,1,0,1,Low,29.8,0,0
CUST-05544,Barbara Williams,46,Female,107438,704,Standard Checking,258.45,1,0,0,High,79.2,0,0
CUST-05545,Elizabeth Anderson,79,Male,38689,700,Money Market,30607.24,0,1,0,High,92.8,0,0
CUST-05546,Elizabeth Moore,70,Male,31168,724,Standard Checking,6492.5,0,1,0,Medium,60.3,1,0
CUST-05547,James Williams,65,Male,34822,597,Standard Checking,14706.21,0,1,0,High,79.9,0,0
CUST-05548,Christopher Lopez,83,Male,99227,661,Savings,13914.24,1,0,0,High,72.7,0,0
CUST-05549,James Williams,65,Female,154297,653,Premium Checking,69135.68,0,1,0,High,73.7,0,0
CUST-05550,John Jones,76,Male,33029,601,Standard Checking,3826.37,1,1,0,Medium,30.5,0,0
CUST-05551,Charles Smith,74,Male,44471,578,Premium Checking,11691.31,1,1,0,Medium,41.9,0,0
CUST-05552,Patricia Brown,20,Female,57578,768,Standard Checking,4877,1,0,1,Medium,45.5,0,0
CUST-05553,Thomas Wilson,49,Male,19311,691,Standard Checking,9818.46,0,0,0,None,0,0,0
CUST-05554,Sarah Smith,25,Male,37971,614,Premium Checking,14410.28,0,0,1,Low,29.5,0,0
CUST-05555,Nancy Thomas,47,Female,126125,614,Premium Checking,21769.44,0,0,0,Medium,58.6,0,0
CUST-05556,John Rodriguez,32,Male,41662,677,Savings,10390.05,1,0,0,High,78.8,0,0
CUST-05557,Daniel Brown,72,Male,92215,743,Standard Checking,10731.82,1,0,0,None,0,0,0
CUST-05558,Christopher Jones,55,Male,47387,618,Premium Checking,17164.62,1,0,1,Medium,44.1,0,0
CUST-05559,David Rodriguez,32,Female,16916,719,Money Market,25962.34,1,1,0,Medium,38.1,0,0
CUST-05560,Betty Williams,47,Male,80501,781,Savings,1206.59,1,0,0,Medium,44.2,0,0
CUST-05561,Jennifer Hernandez,63,Female,41186,718,Standard Checking,9096.91,1,0,0,High,89.2,0,0
CUST-05562,William Anderson,81,Female,100296,623,Standard Checking,7263.86,0,0,1,Medium,38.1,0,0
CUST-05563,Daniel Williams,43,Female,54233,672,Savings,9452.42,0,0,0,Medium,43.2,0,0
CUST-05564,James Martin,84,Female,49176,658,Premium Checking,16432.27,0,0,0,Medium,61.4,0,0
CUST-05565,Mark Jackson,53,Male,62039,646,Premium Checking,54442.12,0,0,0,Medium,30.9,0,0
CUST-05566,Susan Taylor,48,Male,59275,678,Standard Checking,7263.12,1,0,0,High,98.4,0,0
CUST-05567,Nancy Wilson,57,Male,20597,643,Standard Checking,7480.78,1,0,1,High,91.5,0,0
CUST-05568,Thomas Wilson,63,Male,83318,614,Savings,9337.51,0,0,0,High,97.1,0,0
CUST-05569,Barbara Thomas,59,Non-Binary,48219,712,Savings,5408.52,0,0,0,Low,20.1,0,0
CUST-05570,James Gonzalez,35,Female,49690,745,Standard Checking,1067.35,1,0,0,Medium,69.3,0,0
CUST-05571,Jennifer Taylor,53,Male,60420,752,Premium Checking,65074.81,1,1,0,Medium,41.9,0,0
CUST-05572,Barbara Jackson,67,Female,77038,608,Premium Checking,62974.13,0,0,0,Medium,64,0,0
CUST-05573,Jennifer Miller,78,Female,83079,750,Premium Checking,60552.7,0,0,0,High,94.7,0,0
CUST-05574,James Smith,57,Female,68386,791,Premium Checking,25563.02,1,0,0,High,74.5,0,0
CUST-05575,Mark Jones,20,Female,20475,606,Premium Checking,58180.91,0,0,1,High,89.9,0,0
CUST-05576,Jennifer Thomas,24,Male,47312,617,Savings,9158.83,0,0,1,Medium,60.3,0,0
CUST-05577,Matthew Thomas,48,Male,30699,591,Standard Checking,3054.22,1,0,0,Medium,57.6,1,1
CUST-05578,Susan Smith,82,Male,53616,603,Premium Checking,62201.16,1,0,0,Medium,34.5,0,0
CUST-05579,Richard Martin,81,Male,44384,780,Savings,11587.16,1,0,0,None,0,0,0
CUST-05580,Elizabeth Martinez,20,Male,135672,616,Money Market,111705.34,1,0,0,High,95.9,0,0
CUST-05581,William Gonzalez,52,Female,24794,730,Savings,4794.75,1,0,0,High,81.3,0,0
CUST-05582,John Moore,32,Female,49269,571,Standard Checking,14747.15,0,0,0,Medium,65,0,0
CUST-05583,Karen Johnson,38,Female,51873,584,Premium Checking,44031.33,1,0,0,Medium,41.2,0,0
CUST-05584,Thomas Jackson,79,Female,38823,624,Savings,11094.26,1,0,0,Medium,58.5,0,0
CUST-05585,Daniel Gonzalez,45,Female,48459,720,Standard Checking,13212.87,1,0,0,Medium,67,0,0
CUST-05586,Richard Smith,21,Male,143026,666,Standard Checking,12364.77,0,0,1,Medium,57.3,0,0
CUST-05587,Mary Smith,30,Female,58761,675,Standard Checking,12322.33,1,0,0,Low,24,0,0
CUST-05588,Lisa Jones,68,Male,104386,624,Standard Checking,3848.55,0,0,0,Medium,66.4,0,0
CUST-05589,Lisa Williams,65,Female,38755,641,Standard Checking,4773.13,0,0,0,Medium,51.3,0,0
CUST-05590,Mark Miller,56,Male,72125,599,Money Market,18615.28,0,1,1,Medium,48.7,0,0
CUST-05591,Lisa Gonzalez,84,Female,32682,728,Standard Checking,13755.66,0,0,0,Medium,62.1,0,0
CUST-05592,Mark Moore,75,Female,31697,704,Standard Checking,905.66,0,0,0,High,72.5,0,0
CUST-05593,Lisa Miller,19,Female,20115,658,Savings,3924.48,1,0,0,High,80.4,0,0
CUST-05594,James Jones,42,Male,28767,656,Savings,6671.01,0,0,0,High,75.2,0,0
CUST-05595,Thomas Davis,28,Male,50412,698,Savings,10740.95,0,0,0,Medium,45.5,0,0
CUST-05596,Joseph Martin,18,Female,106193,746,Premium Checking,63719.82,0,0,0,High,94.8,0,0
CUST-05597,Patricia Johnson,65,Male,46248,635,Standard Checking,7636.95,0,0,0,Medium,44.8,0,0
CUST-05598,Robert Smith,65,Female,55054,727,Savings,5059.57,0,0,0,Medium,53.6,0,0
CUST-05599,Matthew Jones,27,Female,86927,635,Savings,3284,1,0,0,Medium,60.1,0,0
CUST-05600,Jennifer Johnson,47,Female,41696,663,Premium Checking,24697.83,1,0,0,High,81.9,0,0
CUST-05601,Betty Smith,52,Male,30089,666,Savings,12339.59,1,0,0,High,84.6,1,0
CUST-05602,Patricia Miller,36,Female,31854,758,Premium Checking,64395.22,0,0,1,High,95.5,0,0
CUST-05603,Nancy Smith,70,Male,85873,646,Standard Checking,4249.84,1,0,0,Medium,52.1,0,0
CUST-05604,James Davis,51,Male,52694,535,Premium Checking,67600.33,0,0,0,Medium,45.9,0,0
CUST-05605,Karen Thomas,49,Male,52696,612,Savings,8243.99,1,0,0,High,83,0,0
CUST-05606,Christopher Gonzalez,23,Male,31392,816,Standard Checking,4852.43,1,1,0,High,79.8,0,0
CUST-05607,Daniel Moore,30,Male,95957,564,Premium Checking,26559.69,1,0,1,Low,14,0,0
CUST-05608,Sandra Martin,81,Male,123459,548,Savings,3199.37,1,0,0,Medium,41.5,0,1
CUST-05609,Elizabeth Lopez,24,Female,53455,736,Premium Checking,58169.42,1,0,1,High,83.1,0,0
CUST-05610,James Martinez,62,Female,77581,728,Standard Checking,7295.75,0,0,1,Medium,44.7,0,0
CUST-05611,William Williams,62,Female,35509,654,Savings,7098.93,1,0,0,Low,11.6,0,0
CUST-05612,Margaret Jackson,82,Male,92707,716,Savings,5844.66,0,1,0,High,85.5,0,0
CUST-05613,Betty Rodriguez,36,Female,65367,649,Savings,10854.31,0,0,0,High,71,0,0
CUST-05614,Elizabeth Jackson,64,Female,26497,611,Savings,12453.2,1,0,0,Low,16.7,0,0
CUST-05615,Jessica Moore,63,Male,61454,799,Standard Checking,10822.45,0,0,1,High,89.9,0,0
CUST-05616,Susan Williams,46,Female,61299,633,Premium Checking,9129.85,1,0,0,Medium,60.6,0,0
CUST-05617,Mary Smith,78,Male,53681,585,Standard Checking,3047.57,1,0,0,Medium,66.5,0,1
CUST-05618,Sarah Rodriguez,82,Male,63212,562,Savings,8150.36,1,0,1,Medium,32.7,0,0
CUST-05619,Richard Johnson,40,Non-Binary,47886,771,Premium Checking,44513.43,1,0,1,High,87.6,0,0
CUST-05620,Michael Thomas,68,Male,44726,692,Savings,6228.34,1,0,0,Low,8.9,0,0
CUST-05621,Christopher Jackson,80,Female,55540,738,Savings,14862.95,1,0,0,Medium,47,0,0
CUST-05622,Matthew Anderson,39,Male,41156,810,Premium Checking,25387.65,0,0,0,High,77.8,0,0
CUST-05623,Nancy Hernandez,50,Female,35457,644,Savings,13993.6,1,0,0,Medium,49.3,0,0
CUST-05624,James Miller,61,Male,85407,828,Savings,8923.91,1,0,1,High,71.6,0,0
CUST-05625,Karen Davis,24,Male,36800,671,Standard Checking,8314.01,0,0,0,None,0,0,1
CUST-05626,Elizabeth Jones,19,Female,45233,685,Standard Checking,8030.79,1,0,0,Medium,65.9,0,0
CUST-05627,William Smith,34,Female,38566,777,Savings,7066.07,0,0,0,High,91.9,0,0
CUST-05628,Mary Jackson,82,Female,31723,682,Money Market,20176.17,0,0,0,High,76.5,0,0
CUST-05629,Susan Martin,75,Female,105968,738,Premium Checking,31647.88,0,0,0,Medium,69,0,0
CUST-05630,Elizabeth Rodriguez,47,Male,23849,646,Standard Checking,12274.31,0,0,0,High,99.7,0,0
CUST-05631,Elizabeth Garcia,43,Male,59792,707,Savings,11155.07,0,0,0,High,95.6,0,0
CUST-05632,Thomas Garcia,52,Female,45917,778,Premium Checking,73495.29,1,0,1,Low,8.7,0,0
CUST-05633,Patricia Martin,80,Female,62277,722,Savings,7023.96,1,0,1,High,96.2,0,0
CUST-05634,John Jackson,45,Male,45016,651,Savings,14933.6,1,0,0,Medium,32.4,0,0
CUST-05635,Sarah Brown,42,Female,62707,685,Premium Checking,60907.18,1,0,0,Medium,43.6,0,0
CUST-05636,Linda Taylor,78,Female,56473,651,Savings,3976.59,1,1,1,High,78.2,0,0
CUST-05637,Robert Gonzalez,48,Female,65795,674,Standard Checking,5036.8,1,0,0,Medium,63.4,0,0
CUST-05638,Matthew Smith,71,Male,117219,785,Standard Checking,10742.07,1,0,0,Medium,40.6,0,0
CUST-05639,Anthony Gonzalez,84,Male,19275,689,Standard Checking,4551.82,1,0,0,High,92.3,0,0
CUST-05640,Patricia Wilson,68,Male,51053,740,Savings,10046.03,1,1,0,High,85.7,0,0
CUST-05641,John Jones,75,Male,29825,715,Money Market,71347.46,1,0,1,High,79.1,0,0
CUST-05642,Michael Smith,51,Female,34121,770,Premium Checking,11607.65,1,0,0,High,90.3,0,0
CUST-05643,Daniel Lopez,76,Male,30453,606,Savings,6923.27,1,0,0,High,71.2,0,0
CUST-05644,David Davis,38,Male,42358,694,Premium Checking,24709.85,1,1,0,None,0,0,0
CUST-05645,Matthew Garcia,73,Male,85912,809,Premium Checking,17041.64,0,1,0,Medium,55,0,0
CUST-05646,Margaret Johnson,54,Male,40580,634,Standard Checking,2674.19,0,0,0,High,85.6,0,0
CUST-05647,Charles Martin,81,Male,58276,833,Savings,3824.71,1,0,0,Medium,56.7,0,0
CUST-05648,Karen Wilson,36,Male,76756,620,Standard Checking,13985.32,1,0,0,High,84.5,0,0
CUST-05649,James Martinez,70,Male,32022,660,Standard Checking,9631.46,1,0,0,Medium,47,0,0
CUST-05650,Jessica Brown,80,Male,32898,736,Savings,13538.07,1,1,0,Medium,35.1,0,0
CUST-05651,Anthony Hernandez,79,Female,49028,690,Savings,4717.87,0,0,0,Medium,45.4,0,0
CUST-05652,Jessica Martin,36,Female,19912,538,Savings,4979.71,1,0,0,Medium,33.5,0,1
CUST-05653,James Thomas,19,Male,133868,708,Savings,7505.33,1,0,1,None,0,0,1
CUST-05654,Charles Rodriguez,23,Female,49159,689,Savings,9911.41,0,0,1,High,72,0,0
CUST-05655,William Rodriguez,46,Male,64847,642,Savings,2249.18,1,0,0,High,77,0,0
CUST-05656,Anthony Taylor,58,Female,44457,662,Standard Checking,2638.05,1,0,0,Medium,56.9,0,0
CUST-05657,Barbara Gonzalez,68,Male,67375,535,Savings,12050.94,1,0,0,High,78.8,0,0
CUST-05658,Linda Thomas,22,Female,44929,641,Money Market,122889.8,0,0,0,Medium,37.6,0,0
CUST-05659,Sarah Smith,58,Male,64806,731,Savings,153.06,0,1,0,None,0,0,1
CUST-05660,James Lopez,79,Male,93747,692,Premium Checking,62369.64,1,0,1,Medium,52.2,0,0
CUST-05661,Jennifer Rodriguez,47,Male,16300,750,Standard Checking,5408.38,1,1,0,Medium,67.7,1,0
CUST-05662,Daniel Jones,79,Female,68401,810,Savings,5182.36,1,0,0,High,86.9,0,0
CUST-05663,Anthony Thomas,44,Male,37620,622,Premium Checking,59411.08,1,0,0,Medium,56.1,0,0
CUST-05664,Sarah Taylor,67,Male,28216,617,Savings,11333.67,0,0,0,Medium,46.1,0,0
CUST-05665,Sarah Smith,69,Male,23818,746,Savings,13923.62,1,0,1,Low,25.4,0,0
CUST-05666,Charles Davis,66,Female,51473,669,Savings,207.26,1,0,0,Medium,36.4,0,0
CUST-05667,John Jones,79,Male,56443,667,Standard Checking,4031.55,1,0,0,Medium,49.2,0,0
CUST-05668,Daniel Davis,77,Female,35851,850,Standard Checking,5844.68,0,0,0,High,94.5,0,0
CUST-05669,Charles Moore,71,Male,26129,767,Standard Checking,1220.57,0,0,0,Medium,30.1,0,0
CUST-05670,Sarah Smith,22,Female,51913,691,Premium Checking,48049.04,1,0,0,Low,24.7,0,0
CUST-05671,Joseph Moore,26,Male,50751,715,Premium Checking,64343.79,1,0,0,High,87.8,0,0
CUST-05672,Mark Miller,51,Male,66214,694,Premium Checking,38345.63,1,0,0,High,98.1,0,0
CUST-05673,Jessica Thomas,53,Female,69126,588,Standard Checking,4063.02,1,0,0,High,79.4,1,1
CUST-05674,Joseph Garcia,37,Female,87753,704,Savings,5665.66,0,0,0,High,79.6,0,0
CUST-05675,William Miller,80,Non-Binary,68665,670,Standard Checking,10622.07,1,0,1,High,94,0,0
CUST-05676,Susan Hernandez,84,Female,21674,634,Money Market,146784.49,0,1,1,Medium,46.6,0,0
CUST-05677,Christopher Thomas,47,Male,48793,653,Savings,6402.38,0,0,0,Low,9.1,0,0
CUST-05678,Matthew Garcia,20,Female,80822,592,Standard Checking,12957.37,1,0,0,Low,27.2,0,0
CUST-05679,Nancy Thomas,66,Female,74909,572,Standard Checking,4105.54,1,0,1,Low,15.8,0,1
CUST-05680,Karen Thomas,59,Male,165192,631,Savings,2632.71,0,0,1,None,0,0,1
CUST-05681,Barbara Taylor,41,Male,76464,621,Standard Checking,13280.25,1,0,0,Low,18.2,0,0
CUST-05682,Robert Gonzalez,61,Male,25000,814,Premium Checking,12980.8,1,0,0,High,86.7,0,0
CUST-05683,Linda Jones,18,Male,22245,778,Standard Checking,13210.11,0,0,1,High,91.3,0,0
CUST-05684,Barbara Rodriguez,71,Male,50411,648,Premium Checking,54435.21,1,0,0,High,79.8,0,0
CUST-05685,John Williams,69,Female,52862,717,Premium Checking,55317.07,1,0,0,Medium,69.9,0,0
CUST-05686,James Moore,53,Female,37264,679,Premium Checking,10074.77,0,0,0,Low,25.1,0,0
CUST-05687,Lisa Lopez,55,Female,71974,642,Standard Checking,9328.52,1,0,1,Medium,67.7,0,0
CUST-05688,William Rodriguez,61,Male,13944,614,Standard Checking,927.39,1,0,0,Low,22.6,0,1
CUST-05689,Sarah Moore,64,Male,38871,657,Savings,10242.72,1,0,0,High,95.1,0,0
CUST-05690,Mark Miller,46,Female,15654,646,Standard Checking,8160.69,1,0,0,None,0,0,1
CUST-05691,Anthony Brown,68,Female,33657,669,Standard Checking,14064.91,1,0,0,Low,26,0,0
CUST-05692,Richard Taylor,58,Female,41207,823,Premium Checking,43168.85,1,0,0,Medium,49.4,0,0
CUST-05693,Lisa Johnson,81,Female,82919,673,Savings,14865.64,1,0,0,High,79.9,0,0
CUST-05694,Susan Williams,65,Male,26611,592,Standard Checking,14543.11,1,1,0,None,0,0,1
CUST-05695,Robert Wilson,39,Male,45783,665,Premium Checking,62326.69,0,0,0,High,76.8,0,0
CUST-05696,John Miller,34,Male,37722,761,Premium Checking,69954.72,0,0,0,None,0,0,0
CUST-05697,Sandra Moore,22,Male,46122,822,Standard Checking,12123.42,1,0,1,None,0,0,0
CUST-05698,Richard Martinez,78,Male,40374,585,Savings,12796.27,1,0,0,Low,15,1,0
CUST-05699,Matthew Gonzalez,23,Female,43186,683,Savings,8316.7,0,0,0,Low,22.9,0,0
CUST-05700,Jessica Rodriguez,70,Non-Binary,35388,705,Standard Checking,11003.31,0,0,0,Medium,35.7,0,0
CUST-05701,Mary Jones,34,Female,58976,750,Standard Checking,7182.32,0,0,0,Medium,46.3,0,0
CUST-05702,Mark Taylor,76,Female,85066,667,Standard Checking,9511.09,1,0,0,High,98.7,0,0
CUST-05703,Daniel Brown,56,Non-Binary,50057,680,Money Market,44825.27,1,0,0,High,87.5,0,0
CUST-05704,Thomas Rodriguez,71,Female,133807,650,Premium Checking,8539.12,1,0,0,None,0,0,1
CUST-05705,Karen Johnson,65,Female,50984,588,Money Market,14619.14,1,0,0,High,90.9,0,0
CUST-05706,Lisa Moore,54,Male,73352,746,Premium Checking,53606.68,0,0,0,Low,11.5,0,0
CUST-05707,Christopher Hernandez,65,Male,33527,613,Standard Checking,6397.6,1,0,0,Medium,35.6,0,0
CUST-05708,Richard Davis,85,Male,46279,570,Standard Checking,10130,0,0,0,Low,19,0,0
CUST-05709,Anthony Smith,44,Male,41973,647,Premium Checking,25306.55,0,0,1,High,90,0,0
CUST-05710,Thomas Lopez,44,Female,26600,562,Standard Checking,8597.23,0,0,0,High,73.5,0,0
CUST-05711,Patricia Gonzalez,80,Female,33382,651,Standard Checking,8275.45,0,0,1,Medium,69.5,0,0
CUST-05712,Mark Rodriguez,69,Male,58611,647,Standard Checking,7644.94,1,0,1,High,91.3,0,0
CUST-05713,Anthony Miller,64,Male,93148,673,Premium Checking,13560.16,0,0,0,Medium,66.4,0,0
CUST-05714,Daniel Jones,38,Male,64909,646,Standard Checking,9780.58,1,0,0,High,96.3,0,0
CUST-05715,Robert Taylor,74,Male,57994,683,Money Market,76702.04,0,0,0,High,84.5,0,0
CUST-05716,Sandra Rodriguez,59,Male,31923,811,Premium Checking,25220.59,1,0,1,Low,25.4,0,0
CUST-05717,Jennifer Jackson,65,Male,62489,505,Standard Checking,4827.68,0,0,0,None,0,0,1
CUST-05718,Jessica Johnson,44,Male,35729,787,Premium Checking,66025.83,1,0,0,Medium,37.7,0,0
CUST-05719,Elizabeth Thomas,50,Female,27278,579,Savings,7583.54,1,0,0,Low,24.2,0,0
CUST-05720,Robert Anderson,52,Male,31269,711,Premium Checking,45529.15,1,0,0,High,92.2,0,0
CUST-05721,Richard Gonzalez,33,Female,46164,768,Standard Checking,14962.73,1,0,0,Low,25.9,0,0
CUST-05722,Richard Anderson,53,Male,37422,666,Standard Checking,9165.38,1,0,1,None,0,0,1
CUST-05723,Susan Davis,83,Male,56601,694,Premium Checking,9617.47,1,0,0,Medium,47.2,0,0
CUST-05724,David Moore,73,Female,40583,731,Standard Checking,3841.11,1,0,0,Low,6.2,0,0
CUST-05725,Lisa Brown,34,Male,56326,753,Standard Checking,6380.09,0,0,0,Low,28.4,0,0
CUST-05726,Betty Martinez,37,Male,41959,598,Standard Checking,1092.99,0,0,0,Medium,43.3,0,1
CUST-05727,James Jones,25,Female,47847,709,Savings,6968.02,0,0,1,High,76.9,0,0
CUST-05728,Richard Smith,35,Female,30017,675,Savings,6806.22,0,0,0,Medium,48.7,0,0
CUST-05729,Daniel Davis,35,Male,100469,714,Standard Checking,13163.26,0,0,0,High,73,0,0
CUST-05730,John Williams,35,Female,21692,714,Standard Checking,4364.86,0,0,1,Medium,48.6,0,0
CUST-05731,Michael Brown,19,Female,170199,675,Standard Checking,6147.11,1,0,0,Low,18.8,0,0
CUST-05732,John Anderson,68,Male,62125,680,Premium Checking,29393.34,1,0,1,Low,14,0,0
CUST-05733,Linda Williams,27,Female,22441,717,Savings,12005.27,1,0,0,Low,15.5,0,0
CUST-05734,Mark Miller,31,Female,51507,648,Premium Checking,12431.54,1,1,0,Medium,64.1,0,0
CUST-05735,Sarah Hernandez,43,Male,54785,733,Standard Checking,14174.33,0,0,0,Medium,40.1,0,0
CUST-05736,David Taylor,64,Female,103394,628,Money Market,87552.11,1,0,0,Medium,36.7,0,0
CUST-05737,Margaret Garcia,47,Male,24973,818,Premium Checking,30386.23,1,0,0,High,78.7,0,0
CUST-05738,Linda Smith,73,Female,24988,714,Premium Checking,10086.37,0,0,0,High,84.3,0,0
CUST-05739,Mark Martinez,59,Female,58244,697,Premium Checking,44735.4,1,0,0,Low,8.2,0,0
CUST-05740,Margaret Jackson,21,Male,53995,640,Standard Checking,676.16,1,0,0,Medium,65.8,0,0
CUST-05741,John Brown,28,Female,102091,671,Savings,381.3,1,1,1,Medium,48,0,0
CUST-05742,David Anderson,41,Female,29759,710,Standard Checking,4593.75,0,0,0,Low,8,0,0
CUST-05743,James Rodriguez,84,Female,28564,766,Standard Checking,13044.85,0,0,0,High,97.3,0,0
CUST-05744,David Jackson,54,Male,124877,599,Standard Checking,4167.75,1,1,0,Medium,68.3,0,0
CUST-05745,Richard Thomas,19,Male,47916,585,Premium Checking,68433.07,1,0,0,None,0,0,0
CUST-05746,Patricia Smith,29,Female,33768,647,Money Market,99683.51,0,0,0,High,85.4,0,0
CUST-05747,Karen Gonzalez,38,Male,69763,651,Standard Checking,758.68,0,0,0,None,0,0,1
CUST-05748,James Jones,81,Male,17581,649,Money Market,70208.93,0,0,0,Low,18.4,0,0
CUST-05749,Robert Wilson,85,Female,59227,713,Savings,12269.83,1,0,0,High,71.2,0,0
CUST-05750,Anthony Wilson,60,Male,35740,696,Savings,8572.45,1,0,0,Medium,40,0,0
CUST-05751,Linda Brown,71,Male,38137,663,Standard Checking,7603.88,0,0,1,None,0,0,1
CUST-05752,Michael Martin,79,Male,93684,775,Standard Checking,6612.2,0,0,0,Low,11,0,0
CUST-05753,Charles Anderson,29,Male,60754,841,Premium Checking,52090.89,1,0,0,Low,24.8,0,0
CUST-05754,Nancy Brown,18,Male,27892,718,Money Market,55114.14,0,0,0,Medium,63.1,0,0
CUST-05755,Sandra Jackson,50,Male,50298,711,Savings,4746.77,1,0,0,High,83,0,0
CUST-05756,William Gonzalez,81,Male,51974,685,Savings,5174.52,0,0,0,Medium,66.5,1,0
CUST-05757,Susan Wilson,85,Female,42999,601,Premium Checking,52409.48,1,0,0,High,86,0,0
CUST-05758,Nancy Martinez,31,Male,30329,749,Savings,2520.18,1,0,0,High,73.2,0,0
CUST-05759,Jessica Jones,31,Female,54907,663,Savings,7914.67,1,1,0,Medium,45.7,0,0
CUST-05760,Daniel Garcia,26,Male,69591,675,Savings,4765.53,0,0,0,Low,26.1,0,0
CUST-05761,Betty Johnson,43,Female,61504,689,Standard Checking,12304.9,1,0,0,High,77.4,0,0
CUST-05762,Richard Gonzalez,66,Non-Binary,34323,595,Money Market,140714.8,1,0,0,High,79,0,0
CUST-05763,Charles Moore,34,Female,45302,772,Standard Checking,10983.05,0,0,0,Medium,67,0,0
CUST-05764,Margaret Jackson,85,Female,16251,738,Premium Checking,44316.46,0,0,0,High,84.2,0,0
CUST-05765,James Davis,77,Male,109007,622,Standard Checking,1539.1,1,0,1,High,82.4,0,1
CUST-05766,Nancy Thomas,20,Male,36285,606,Standard Checking,8457.23,0,0,0,High,86.4,0,0
CUST-05767,Mark Johnson,42,Female,37794,624,Standard Checking,3924.79,0,0,0,Medium,63,0,0
CUST-05768,Linda Garcia,38,Female,25406,623,Standard Checking,7858.71,1,0,0,Medium,64.8,0,0
CUST-05769,Jessica Hernandez,29,Female,75391,601,Savings,1718.03,1,0,0,None,0,0,1
CUST-05770,Thomas Jackson,71,Female,81964,702,Money Market,134688.11,0,0,0,High,77.2,0,0
CUST-05771,David Davis,18,Male,36869,701,Savings,6020.85,1,0,0,High,81.6,0,0
CUST-05772,Nancy Brown,18,Female,27752,592,Standard Checking,9994.24,1,0,0,None,0,0,1
CUST-05773,David Davis,62,Male,49524,822,Standard Checking,7411.38,1,0,0,Medium,30.8,0,0
CUST-05774,William Johnson,63,Female,41577,609,Savings,7028.16,0,0,0,High,72.4,0,0
CUST-05775,Jessica Garcia,65,Male,71122,538,Standard Checking,5759.17,1,0,0,Low,12.1,0,1
CUST-05776,Christopher Jackson,24,Female,45906,724,Savings,7267.81,1,0,0,Medium,44.2,0,0
CUST-05777,Margaret Davis,27,Female,44299,679,Savings,9209.94,1,0,0,Medium,65.6,0,0
CUST-05778,Susan Thomas,32,Male,68543,652,Savings,3400.49,1,0,0,Medium,51.9,0,0
CUST-05779,Barbara Jones,57,Female,22292,689,Premium Checking,74100.21,0,0,0,Medium,56.9,0,0
CUST-05780,Lisa Jackson,28,Female,41955,676,Money Market,107691.28,1,0,1,Medium,65.3,0,0
CUST-05781,Sarah Rodriguez,73,Male,53964,728,Premium Checking,65444.82,1,0,1,High,96.3,0,0
CUST-05782,Mary Martin,63,Male,39581,665,Money Market,61327.48,0,0,0,High,94.8,0,0
CUST-05783,Barbara Johnson,62,Male,56407,645,Savings,2497.3,1,0,0,Medium,56.1,0,0
CUST-05784,Elizabeth Smith,30,Male,54764,695,Standard Checking,4950.17,0,0,0,High,74.9,0,0
CUST-05785,Patricia Lopez,44,Female,76080,735,Savings,5141.97,1,0,0,High,97.1,0,0
CUST-05786,William Brown,67,Male,42737,673,Standard Checking,6107.46,1,0,0,Low,24.2,0,0
CUST-05787,William Garcia,78,Male,17741,676,Savings,4819.67,1,0,1,Low,29.1,0,0
CUST-05788,James Martinez,30,Female,22611,770,Standard Checking,10137.21,1,1,0,Low,13.8,0,0
CUST-05789,Mark Wilson,29,Non-Binary,61807,683,Standard Checking,14913.48,0,0,0,High,70.6,0,0
CUST-05790,Nancy Moore,46,Female,53675,577,Savings,10608.07,1,0,0,Medium,57.4,0,0
CUST-05791,Jennifer Moore,37,Female,43785,685,Money Market,99425.73,0,0,0,Low,12.3,0,0
CUST-05792,Karen Thomas,48,Male,45403,680,Standard Checking,11087.45,1,0,0,High,89.6,0,0
CUST-05793,Joseph Thomas,25,Male,35453,697,Premium Checking,15423.51,1,0,1,Low,23.3,0,0
CUST-05794,Linda Gonzalez,41,Male,35515,696,Premium Checking,5496.27,1,0,0,High,76,0,0
CUST-05795,Daniel Hernandez,56,Female,37289,681,Money Market,12768.78,1,0,0,Low,27.7,0,0
CUST-05796,Margaret Miller,50,Male,42632,702,Premium Checking,46963.67,0,0,0,High,75.6,0,0
CUST-05797,Thomas Moore,59,Male,52104,595,Money Market,24766.83,0,0,0,Medium,61.4,0,0
CUST-05798,Nancy Jackson,32,Female,47178,838,Money Market,135773.38,1,1,0,None,0,0,0
CUST-05799,Matthew Gonzalez,85,Male,41616,685,Money Market,135847.4,1,0,0,Medium,59.2,0,0
CUST-05800,Joseph Smith,82,Female,69414,605,Savings,10963.91,1,0,1,Low,17.8,0,0
CUST-05801,Mark Thomas,49,Female,75700,576,Standard Checking,132.69,1,0,0,Medium,57.9,0,1
CUST-05802,Robert Williams,28,Male,95736,712,Savings,9637.08,0,0,0,Low,25.2,0,0
CUST-05803,Daniel Martinez,54,Female,44611,652,Savings,781.76,0,0,1,Medium,67.1,0,0
CUST-05804,Charles Jones,36,Male,37788,700,Money Market,133854.55,0,0,0,High,92.8,0,0
CUST-05805,Michael Wilson,68,Female,47485,828,Savings,11174.6,1,0,1,Low,7.3,0,0
CUST-05806,John Gonzalez,51,Male,37261,681,Premium Checking,32897.11,1,0,0,Medium,69,0,0
CUST-05807,Richard Martinez,77,Female,48633,756,Standard Checking,7301.53,1,0,0,None,0,0,0
CUST-05808,Mary Garcia,70,Female,60084,611,Premium Checking,51277.01,1,1,0,Medium,56.7,0,0
CUST-05809,Linda Brown,29,Female,51701,698,Savings,14019,0,1,1,None,0,0,0
CUST-05810,Matthew Lopez,79,Female,45218,620,Standard Checking,4064.44,1,0,0,High,79.2,0,0
CUST-05811,Margaret Anderson,83,Female,67462,599,Premium Checking,13582.82,0,0,0,Medium,61.4,0,0
CUST-05812,Linda Miller,65,Female,113349,693,Standard Checking,8323.03,1,0,1,Medium,59.4,0,0
CUST-05813,Susan Jackson,57,Female,34412,783,Savings,3294.71,1,1,0,High,97.3,0,0
CUST-05814,Susan Gonzalez,41,Female,57939,747,Standard Checking,14399.75,0,0,0,High,99.7,0,0
CUST-05815,Mark Smith,67,Male,44563,850,Premium Checking,51164.24,1,0,0,High,73.5,0,0
CUST-05816,Anthony Jackson,85,Female,32146,676,Premium Checking,69132.05,1,0,0,High,72.6,0,0
CUST-05817,Mark Smith,60,Female,34207,703,Money Market,119700.63,1,0,1,High,70.2,0,0
CUST-05818,Patricia Martinez,34,Female,40005,726,Money Market,70278.21,0,1,0,Low,15.3,0,0
CUST-05819,John Martin,72,Female,107648,688,Savings,9641.3,0,0,1,Medium,45.3,0,0
CUST-05820,William Williams,51,Male,78950,742,Premium Checking,32584.46,1,0,0,Medium,37.3,0,0
CUST-05821,Margaret Garcia,77,Male,31362,642,Standard Checking,8674.6,0,0,0,Medium,63,0,0
CUST-05822,Jennifer Lopez,68,Male,64362,631,Standard Checking,6990.49,0,0,0,Medium,66.9,0,0
CUST-05823,Daniel Smith,52,Female,30169,644,Standard Checking,5216.12,1,0,0,Low,26.2,0,0
CUST-05824,Jessica Jones,51,Male,35840,609,Savings,3567.65,1,0,0,Medium,55.5,0,0
CUST-05825,William Martinez,33,Female,94513,562,Savings,4027.44,0,0,0,Medium,46.7,0,1
CUST-05826,Richard Anderson,35,Male,132152,669,Savings,7333.36,1,0,0,None,0,0,1
CUST-05827,Barbara Jones,55,Male,19019,523,Savings,14152.02,1,0,1,Low,23.2,0,0
CUST-05828,Robert Moore,60,Male,49780,651,Standard Checking,13056.84,0,0,0,High,92.6,0,0
CUST-05829,Barbara Williams,49,Male,60103,535,Standard Checking,4943.96,1,0,0,Medium,40.3,0,1
CUST-05830,Betty Miller,24,Male,42732,792,Savings,14283.73,1,0,0,High,91.6,1,0
CUST-05831,Thomas Jackson,63,Female,52591,651,Savings,2405.62,1,0,0,Medium,56.8,1,0
CUST-05832,Margaret Moore,78,Male,40022,483,Savings,8170.07,1,0,0,High,99.2,0,1
CUST-05833,James Jones,35,Male,67083,682,Premium Checking,13871.14,1,0,0,High,72.3,0,0
CUST-05834,Anthony Johnson,57,Female,41321,698,Money Market,116491.24,0,1,0,Medium,51.3,0,0
CUST-05835,James Miller,67,Male,64838,637,Standard Checking,3568.53,1,0,0,High,80.9,0,0
CUST-05836,Mark Hernandez,22,Female,80234,792,Standard Checking,4654.48,0,0,0,None,0,0,0
CUST-05837,David Moore,71,Female,74790,721,Standard Checking,1798.78,1,0,0,Low,28.7,0,0
CUST-05838,Thomas Johnson,75,Female,44712,662,Standard Checking,5076.53,0,0,0,Low,6.8,0,0
CUST-05839,Michael Miller,39,Female,15859,716,Standard Checking,12573,0,0,0,Medium,57.7,0,0
CUST-05840,Elizabeth Williams,55,Male,62625,788,Standard Checking,6268.54,1,0,1,Low,24.3,0,0
CUST-05841,Sandra Lopez,66,Male,23793,594,Standard Checking,14831.99,1,0,0,Low,16.5,0,0
CUST-05842,John Hernandez,18,Male,61769,622,Standard Checking,5979.88,1,0,0,High,80.2,0,0
CUST-05843,Mark Lopez,53,Male,59358,681,Standard Checking,10780.01,1,0,0,High,78.8,0,0
CUST-05844,Matthew Brown,45,Male,44194,562,Standard Checking,6025.73,0,0,0,Medium,69.1,0,1
CUST-05845,Matthew Thomas,52,Female,50686,699,Savings,3613.34,1,0,0,High,74.2,0,0
CUST-05846,Karen Moore,77,Male,101457,795,Standard Checking,2714.31,1,0,0,Low,7.4,0,0
CUST-05847,Patricia Garcia,79,Female,93686,671,Savings,2647.27,1,0,0,High,99.7,0,0
CUST-05848,Christopher Anderson,63,Female,41122,569,Standard Checking,9707.33,1,1,0,Medium,47.3,0,0
CUST-05849,James Williams,78,Male,19056,736,Premium Checking,60185,0,0,0,Low,24,0,0
CUST-05850,Robert Taylor,82,Male,107524,795,Savings,9594.14,1,0,0,Low,14.1,0,0
CUST-05851,Sandra Wilson,43,Male,22270,489,Savings,6260.95,0,0,0,High,76.6,0,1
CUST-05852,William Williams,52,Female,51308,717,Savings,9962.49,1,0,0,Low,12.3,0,0
CUST-05853,Betty Gonzalez,74,Male,47254,725,Standard Checking,381.55,0,0,0,High,81.9,0,0
CUST-05854,John Hernandez,80,Female,60941,713,Savings,2108.15,1,0,1,Medium,59.2,0,0
CUST-05855,Mary Anderson,21,Female,93868,696,Money Market,120147.27,0,0,0,Low,29.5,0,0
CUST-05856,Richard Jackson,59,Female,50528,688,Standard Checking,14998.68,1,1,0,High,96.7,0,0
CUST-05857,Nancy Thomas,62,Male,38087,661,Savings,12639.65,0,1,0,Medium,55.9,0,0
CUST-05858,Sarah Miller,56,Female,56518,783,Standard Checking,1929.37,0,0,0,Low,13.8,0,0
CUST-05859,Richard Brown,82,Male,24797,686,Savings,3058.28,1,0,1,Low,9.4,0,0
CUST-05860,William Martinez,39,Male,34821,848,Premium Checking,41362.18,1,0,0,High,76.5,0,0
CUST-05861,William Miller,28,Male,44099,746,Savings,13023.13,1,1,0,Low,14.8,0,0
CUST-05862,Joseph Davis,54,Female,64314,687,Standard Checking,12414.72,1,0,1,Medium,56.1,0,0
CUST-05863,Charles Hernandez,68,Female,98045,615,Standard Checking,6201.56,1,1,1,High,99.4,0,0
CUST-05864,Robert Johnson,75,Male,84173,719,Standard Checking,1903.57,1,0,0,Medium,41.4,1,0
CUST-05865,Elizabeth Thomas,24,Female,77677,621,Money Market,78279.69,0,0,0,High,72.8,0,0
CUST-05866,Daniel Gonzalez,25,Male,84630,633,Standard Checking,8751.78,0,0,0,Medium,63.1,0,0
CUST-05867,Linda Rodriguez,68,Female,65812,654,Premium Checking,69361.85,0,0,0,Low,25,0,0
CUST-05868,David Hernandez,40,Male,50958,590,Savings,4268.75,1,0,0,High,78.6,0,1
CUST-05869,Daniel Thomas,26,Male,29731,803,Premium Checking,47277.99,0,1,0,High,79.8,0,0
CUST-05870,Elizabeth Lopez,63,Female,49806,595,Premium Checking,66265.64,0,0,0,Medium,67.4,0,0
CUST-05871,Matthew Garcia,55,Female,21563,699,Standard Checking,5327.69,0,0,0,Medium,56.1,0,0
CUST-05872,Margaret Lopez,30,Male,37758,624,Standard Checking,6750.64,0,0,0,Low,24.3,0,0
CUST-05873,Elizabeth Moore,24,Female,50636,579,Standard Checking,1352.37,0,1,0,High,88.1,0,1
CUST-05874,Sarah Brown,28,Male,50505,664,Standard Checking,8915.79,1,0,0,None,0,0,1
CUST-05875,William Miller,67,Male,35788,670,Premium Checking,35128.06,0,0,1,High,93.8,0,0
CUST-05876,Sarah Davis,84,Male,20704,786,Standard Checking,10235.5,0,0,0,Medium,45.5,0,0
CUST-05877,David Miller,58,Female,37032,709,Standard Checking,11412.78,1,1,0,High,78,0,0
CUST-05878,William Davis,46,Female,43150,695,Standard Checking,4351.31,0,0,0,High,95.5,0,0
CUST-05879,John Taylor,54,Male,53885,733,Savings,6650.25,1,0,0,Low,27.2,0,0
CUST-05880,Mary Anderson,73,Female,69292,660,Standard Checking,5207.96,0,0,0,Low,18.9,0,0
CUST-05881,Susan Moore,33,Female,42028,637,Standard Checking,14686.92,1,0,0,Low,11.7,0,0
CUST-05882,Jessica Martin,61,Female,40441,633,Savings,12730.27,1,0,0,Medium,58.5,0,0
CUST-05883,Nancy Brown,67,Female,35599,629,Standard Checking,6349.16,1,0,1,Medium,34.3,1,0
CUST-05884,Matthew Martin,23,Female,47327,700,Standard Checking,7729.75,1,1,0,High,83.7,0,0
CUST-05885,Jennifer Garcia,35,Male,78212,577,Premium Checking,59017.03,1,0,0,Medium,31.5,0,0
CUST-05886,Betty Hernandez,36,Male,29039,663,Premium Checking,21534.04,1,0,0,Medium,46.1,0,0
CUST-05887,Betty Taylor,68,Female,18379,772,Money Market,135059.43,0,0,1,None,0,0,0
CUST-05888,Lisa Williams,83,Female,54426,701,Money Market,35667.17,1,1,0,Low,10.1,1,0
CUST-05889,Richard Williams,20,Male,88244,673,Savings,6926.68,1,0,1,Low,29.2,0,0
CUST-05890,Jessica Anderson,71,Female,57129,643,Standard Checking,3751.72,1,0,0,Low,9.5,0,0
CUST-05891,David Moore,66,Female,29860,619,Premium Checking,24854.01,1,0,0,High,72.1,0,0
CUST-05892,Joseph Jones,45,Male,46507,768,Standard Checking,1138.24,0,0,0,Medium,38,1,0
CUST-05893,Jessica Thomas,55,Female,50401,687,Money Market,28098.54,1,0,0,High,73.3,0,0
CUST-05894,Thomas Rodriguez,45,Male,70113,644,Savings,5083.62,1,0,0,Medium,34.1,0,0
CUST-05895,Anthony Williams,49,Female,31763,658,Premium Checking,46953.78,1,1,0,Medium,66.7,0,0
CUST-05896,Karen Gonzalez,58,Female,107665,617,Premium Checking,23753.62,1,1,0,High,98.4,0,0
CUST-05897,Nancy Williams,53,Female,39876,687,Premium Checking,33447.68,0,0,0,Medium,66.4,0,0
CUST-05898,Margaret Miller,53,Female,35253,687,Premium Checking,44040.41,1,0,0,Medium,64.3,0,0
CUST-05899,Mark Garcia,83,Male,56618,722,Standard Checking,8938.12,1,0,1,Medium,54.5,0,0
CUST-05900,William Lopez,27,Male,24418,573,Savings,6929.18,0,1,0,Medium,67.2,0,0
CUST-05901,Joseph Martin,80,Female,137125,689,Money Market,14244.87,0,0,0,Medium,59.7,0,0
CUST-05902,John Martinez,39,Female,61881,719,Standard Checking,8425.96,1,0,0,High,77.2,0,0
CUST-05903,James Jackson,37,Female,42653,668,Money Market,89492.56,1,0,1,None,0,0,0
CUST-05904,Charles Gonzalez,50,Male,29950,774,Savings,6024.41,1,0,0,High,81,0,0
CUST-05905,Barbara Smith,32,Female,44603,725,Savings,13280.5,1,1,1,None,0,0,0
CUST-05906,Charles Thomas,24,Male,79698,756,Savings,2806.59,1,0,0,Medium,65.1,0,0
CUST-05907,Matthew Anderson,67,Male,40487,605,Money Market,106422.05,1,0,0,Medium,68.6,0,0
CUST-05908,Jessica Hernandez,27,Male,33607,552,Standard Checking,12021.18,1,0,0,None,0,0,1
CUST-05909,Lisa Garcia,54,Female,69713,699,Premium Checking,62216.58,0,0,0,Medium,42.7,0,0
CUST-05910,David Williams,76,Female,29006,537,Premium Checking,37462.97,1,0,0,High,71.6,1,0
CUST-05911,Joseph Smith,80,Female,55105,638,Standard Checking,4220.73,0,0,0,High,78.9,0,0
CUST-05912,Michael Smith,38,Female,60232,677,Money Market,100303.35,1,0,0,Medium,59.3,0,0
CUST-05913,Thomas Rodriguez,54,Male,59395,732,Savings,9724.98,1,0,0,Medium,57.3,1,0
CUST-05914,Mark Gonzalez,62,Female,60821,686,Premium Checking,17785.81,1,0,0,High,84.2,0,0
CUST-05915,David Martin,31,Male,30476,781,Money Market,84602.49,1,1,1,High,76.9,0,0
CUST-05916,Jennifer Smith,60,Female,44628,631,Standard Checking,3087.2,1,0,0,Low,20,1,0
CUST-05917,Michael Lopez,50,Male,43226,616,Standard Checking,14224.36,1,1,0,Medium,69,0,0
CUST-05918,Nancy Martin,20,Female,52509,838,Standard Checking,11813.16,1,1,0,None,0,0,0
CUST-05919,Daniel Jackson,61,Female,19938,669,Standard Checking,2293.24,1,0,0,Medium,44.4,0,0
CUST-05920,Thomas Brown,52,Male,24353,689,Standard Checking,6667.65,1,0,0,Medium,61.9,0,0
CUST-05921,John Smith,42,Male,144381,640,Savings,4989.67,0,0,0,High,71.7,0,0
CUST-05922,Sarah Anderson,25,Male,70455,618,Standard Checking,2362.03,1,0,0,Medium,31.9,0,0
CUST-05923,Linda Smith,79,Non-Binary,44072,669,Money Market,49309.15,0,0,1,High,84.7,1,0
CUST-05924,Karen Wilson,35,Male,50919,753,Savings,11110.59,1,0,0,High,78.8,0,0
CUST-05925,Patricia Jones,45,Female,134458,664,Standard Checking,3541.98,0,0,0,High,81.6,0,0
CUST-05926,Daniel Gonzalez,29,Male,19206,505,Savings,8270.37,0,0,0,Medium,47.7,0,1
CUST-05927,Margaret Anderson,81,Male,51896,602,Standard Checking,3052.47,1,0,1,Medium,45.1,0,1
CUST-05928,Jennifer Smith,19,Female,41325,812,Standard Checking,9931.87,1,0,0,Low,14.3,0,0
CUST-05929,Daniel Jackson,76,Female,91245,502,Savings,10499.29,0,0,1,High,90.1,0,1
CUST-05930,Richard Garcia,54,Female,65310,628,Savings,7562.02,1,0,1,High,74.1,0,0
CUST-05931,Joseph Thomas,21,Female,144649,710,Money Market,12173.09,1,0,1,High,77.4,0,0
CUST-05932,Lisa Thomas,58,Female,73654,712,Premium Checking,40754.29,1,0,1,Medium,61.8,0,0
CUST-05933,Elizabeth Rodriguez,62,Male,39293,714,Premium Checking,47351.76,1,0,1,Low,26.5,0,0
CUST-05934,William Taylor,51,Male,43578,742,Savings,12532.42,1,0,0,Medium,47,0,0
CUST-05935,Thomas Taylor,30,Male,69038,664,Savings,12340.63,1,0,0,High,89,0,0
CUST-05936,Lisa Lopez,24,Male,101357,608,Premium Checking,6977.17,1,0,0,High,93.7,0,0
CUST-05937,Richard Lopez,49,Female,34398,664,Standard Checking,3979.13,1,0,0,High,90.3,0,0
CUST-05938,Susan Martinez,40,Female,55714,763,Standard Checking,2937.36,0,0,0,Medium,57.6,0,0
CUST-05939,Daniel Jackson,66,Male,18403,563,Money Market,73557.89,1,0,1,Medium,61,0,0
CUST-05940,Mark Johnson,64,Female,42338,647,Standard Checking,8480.62,0,1,0,Low,27.6,0,0
CUST-05941,Patricia Jackson,54,Female,116168,681,Standard Checking,2652.83,0,0,0,None,0,0,1
CUST-05942,Michael Anderson,65,Male,104757,634,Money Market,21407.93,1,0,0,High,84.8,0,0
CUST-05943,Joseph Garcia,46,Female,71300,643,Savings,10428.33,0,0,0,Medium,64.6,1,0
CUST-05944,John Garcia,54,Male,119320,708,Money Market,147372.14,0,1,0,High,85.7,0,0
CUST-05945,Jessica Johnson,40,Female,43010,689,Standard Checking,4220.07,1,0,0,Medium,43,0,0
CUST-05946,Margaret Miller,55,Male,47443,746,Premium Checking,61792.21,0,0,0,High,89.5,0,0
CUST-05947,Sandra Hernandez,61,Female,42623,718,Savings,4562.16,1,0,0,Low,14.5,0,0
CUST-05948,Betty Miller,22,Male,68001,752,Premium Checking,24745.13,0,0,0,Low,6.8,0,0
CUST-05949,Patricia Martin,69,Non-Binary,211053,634,Standard Checking,6135.72,0,1,1,None,0,0,1
CUST-05950,Michael Brown,57,Male,58884,850,Standard Checking,3248.85,0,0,1,High,96.1,0,0
CUST-05951,Mark Lopez,28,Male,27708,562,Premium Checking,40120.22,1,0,0,High,90.9,0,0
CUST-05952,Robert Jackson,19,Female,28239,736,Premium Checking,8096.28,1,0,0,Low,14.2,0,0
CUST-05953,Betty Jones,52,Female,31711,608,Savings,12181.52,1,0,0,Medium,35.1,0,0
CUST-05954,Anthony Jackson,62,Female,32668,565,Savings,2225.01,1,0,1,Medium,46.6,0,1
CUST-05955,Christopher Williams,66,Female,31246,796,Standard Checking,14581.78,0,1,0,Medium,53.4,0,0
CUST-05956,Anthony Hernandez,52,Female,54693,653,Savings,6056.81,1,0,1,High,98.8,0,0
CUST-05957,Michael Taylor,49,Male,24021,590,Savings,3423.87,0,0,0,Medium,60.9,0,1
CUST-05958,Matthew Rodriguez,85,Male,62628,651,Standard Checking,11452.3,1,0,0,Medium,32.9,0,0
CUST-05959,Christopher Rodriguez,56,Male,80336,632,Standard Checking,1426.29,1,0,0,Medium,57.2,0,0
CUST-05960,Elizabeth Gonzalez,65,Female,35935,668,Premium Checking,41094.41,0,0,0,High,90.5,0,0
CUST-05961,Joseph Jones,54,Male,58242,657,Standard Checking,4696.46,0,0,0,Medium,39.3,0,0
CUST-05962,Mark Williams,77,Male,68376,584,Premium Checking,41425.86,0,0,1,High,70.6,0,0
CUST-05963,Anthony Davis,21,Female,76051,684,Standard Checking,12679.69,1,1,0,High,72.9,0,0
CUST-05964,Karen Martinez,40,Male,51797,679,Premium Checking,24834.85,0,0,0,High,81.7,0,0
CUST-05965,Richard Williams,31,Male,30519,793,Money Market,115111.46,0,0,0,High,89.6,0,0
CUST-05966,Mark Davis,22,Female,51734,781,Money Market,69693.5,1,0,0,High,72.6,0,0
CUST-05967,Mark Rodriguez,83,Male,45330,680,Money Market,136666.11,0,0,0,Medium,37.3,0,0
CUST-05968,Sandra Lopez,41,Female,52571,712,Premium Checking,8162.84,1,0,0,High,88.7,0,0
CUST-05969,David Johnson,35,Male,29859,606,Standard Checking,7182.15,1,0,0,High,77.4,0,0
CUST-05970,Sarah Rodriguez,44,Male,22948,726,Savings,9482.3,1,0,0,Medium,36.1,0,0
CUST-05971,Mary Johnson,41,Female,17889,850,Premium Checking,7084.7,1,0,0,High,93.4,0,0
CUST-05972,John Thomas,46,Male,20394,599,Savings,8914.46,1,0,0,High,84.4,0,0
CUST-05973,Charles Brown,28,Male,19708,637,Standard Checking,3501.54,1,0,0,Medium,69.7,0,0
CUST-05974,Daniel Moore,35,Female,81822,697,Standard Checking,11042.08,1,0,1,High,97.3,0,0
CUST-05975,Karen Moore,21,Male,55579,692,Standard Checking,4737.84,0,1,0,Medium,49.3,0,0
CUST-05976,Elizabeth Hernandez,50,Male,50008,688,Premium Checking,53896.88,1,0,0,Medium,35.6,0,0
CUST-05977,Mark Taylor,59,Male,41299,631,Money Market,90700.21,1,0,0,High,93.9,0,0
CUST-05978,Betty Martin,49,Female,18832,581,Savings,1809.49,0,0,0,Low,7.9,0,1
CUST-05979,Jessica Martin,68,Male,59426,620,Premium Checking,24701.47,1,0,0,High,74.4,0,0
CUST-05980,Richard Johnson,21,Female,54896,738,Savings,9439.75,1,0,0,Low,16.5,0,0
CUST-05981,Lisa Johnson,37,Male,50156,822,Standard Checking,4245.52,1,0,0,High,73.8,0,0
CUST-05982,Matthew Wilson,84,Male,33388,717,Standard Checking,11598.15,0,0,1,Medium,53.4,0,0
CUST-05983,Patricia Taylor,85,Female,34680,656,Savings,14424.67,1,0,0,Medium,51.4,0,0
CUST-05984,Richard Brown,79,Male,63675,737,Money Market,54818.92,0,0,0,High,97.7,0,0
CUST-05985,John Lopez,75,Male,33398,585,Premium Checking,34306.16,1,0,0,Medium,34.4,0,0
CUST-05986,Nancy Davis,64,Female,83403,677,Standard Checking,4451.81,1,0,0,Medium,49.6,0,0
CUST-05987,Mary Garcia,76,Female,109071,638,Standard Checking,171.36,1,0,0,High,99.1,0,0
CUST-05988,Nancy Martinez,23,Male,85771,660,Savings,3918.83,1,0,0,Medium,50.1,0,0
CUST-05989,Barbara Martinez,57,Male,51412,640,Standard Checking,1781.77,1,0,0,Medium,69.5,0,0
CUST-05990,Elizabeth Williams,40,Male,46793,602,Savings,12430.42,0,0,0,Medium,56.6,0,0
CUST-05991,Karen Martinez,69,Female,51491,799,Savings,11672.43,1,1,0,High,78.1,0,0
CUST-05992,Mark Rodriguez,21,Female,68851,636,Savings,7087.49,0,0,0,Medium,37.5,0,0
CUST-05993,Karen Jackson,54,Female,101463,636,Standard Checking,1799.8,0,0,1,Medium,49.9,0,0
CUST-05994,Susan Johnson,59,Male,64641,675,Standard Checking,7817.34,1,0,0,Low,26.8,0,0
CUST-05995,Robert Martin,61,Male,20962,694,Standard Checking,7981.36,1,0,0,None,0,0,1
CUST-05996,Mark Davis,59,Male,30828,793,Savings,9485.95,1,1,0,High,94.5,0,0
CUST-05997,Michael Garcia,46,Male,45450,691,Savings,7909.51,1,0,0,Low,10.2,0,0
CUST-05998,David Lopez,36,Female,80263,718,Savings,1538.26,0,0,0,High,72.6,0,0
CUST-05999,Sarah Jackson,49,Male,154170,550,Standard Checking,9603.32,1,0,0,Medium,48.8,0,0
CUST-06000,Elizabeth Wilson,61,Female,50821,701,Premium Checking,33964.27,0,1,0,Medium,58.8,1,0
CUST-06001,John Moore,72,Female,68460,626,Savings,9520.39,1,0,0,High,72.1,0,0
CUST-06002,Lisa Anderson,22,Male,22610,628,Premium Checking,15805.69,1,0,0,Medium,58.3,0,0
CUST-06003,Jennifer Martinez,63,Female,34483,596,Money Market,46460.51,1,0,0,Medium,44.5,0,0
CUST-06004,Anthony Lopez,62,Male,58555,656,Savings,8403.97,0,0,0,Low,26.1,0,0
CUST-06005,Michael Taylor,38,Male,17567,706,Savings,1470.37,0,1,0,Low,29.3,0,0
CUST-06006,James Moore,39,Male,55445,710,Savings,9530.22,0,0,0,High,95.4,0,0
CUST-06007,Betty Anderson,47,Male,40561,693,Savings,9811.17,1,0,1,Medium,56,0,0
CUST-06008,Charles Smith,40,Male,50146,636,Standard Checking,5281.19,0,0,0,Low,24.8,0,0
CUST-06009,Sandra Jones,22,Female,34287,629,Standard Checking,4547.54,0,1,0,Low,14.8,0,0
CUST-06010,Joseph Williams,80,Female,63679,650,Savings,7484.18,0,0,0,Medium,44.3,0,0
CUST-06011,James Davis,76,Male,83216,687,Premium Checking,12689.73,1,0,0,Medium,38.4,0,0
CUST-06012,Barbara Jackson,69,Female,71170,570,Savings,1424.54,1,0,0,Medium,31.7,0,1
CUST-06013,Matthew Lopez,82,Female,70099,661,Standard Checking,11334.28,1,0,0,High,78.1,0,0
CUST-06014,Richard Smith,56,Female,65158,653,Standard Checking,2784.41,0,0,0,Medium,44.2,0,0
CUST-06015,Charles Garcia,20,Male,48598,704,Standard Checking,3764.03,1,0,0,Medium,45.3,0,0
CUST-06016,Linda Brown,59,Male,39380,850,Money Market,108796.45,0,0,1,High,83.4,0,0
CUST-06017,Robert Miller,44,Female,77803,679,Standard Checking,10797.82,1,0,1,Medium,33.7,0,0
CUST-06018,Daniel Brown,45,Female,31496,680,Money Market,101761.81,0,0,1,Low,27.9,0,0
CUST-06019,Karen Brown,71,Male,62967,726,Savings,6890.87,1,0,1,Medium,67.2,0,0
CUST-06020,Sandra Anderson,32,Female,62133,665,Standard Checking,14763.81,0,0,0,Medium,36.1,0,0
CUST-06021,Anthony Jones,70,Male,28999,710,Standard Checking,7090.32,0,0,0,Medium,31,0,0
CUST-06022,Lisa Rodriguez,21,Female,30575,771,Standard Checking,8826.98,1,0,0,Low,28.8,0,0
CUST-06023,Mary Miller,34,Male,63270,659,Standard Checking,1286.18,1,1,1,Medium,68.5,0,0
CUST-06024,Thomas Thomas,51,Female,54472,786,Money Market,137327.69,0,0,0,Medium,50.4,0,0
CUST-06025,Thomas Martin,23,Female,58669,693,Savings,4428.2,1,1,0,High,79.8,0,0
CUST-06026,Betty Johnson,53,Male,44021,735,Standard Checking,3390.91,0,0,0,Medium,34,0,0
CUST-06027,David Johnson,56,Male,105465,751,Premium Checking,63068.87,1,0,0,Low,10.4,0,0
CUST-06028,James Johnson,83,Female,65807,772,Savings,7280.47,0,0,0,Low,21.9,0,0
CUST-06029,Mark Rodriguez,25,Female,96023,759,Premium Checking,53354.25,1,0,0,Medium,49.4,0,0
CUST-06030,Nancy Johnson,32,Female,42971,777,Savings,9689.43,0,1,0,Low,13.7,0,0
CUST-06031,Margaret Anderson,80,Female,80767,691,Savings,11981.01,1,0,0,High,77.3,0,0
CUST-06032,Elizabeth Anderson,82,Female,41870,630,Standard Checking,7343.06,0,0,0,Low,25.7,1,0
CUST-06033,Elizabeth Taylor,76,Male,41581,687,Savings,8540.7,0,0,0,High,74.3,0,0
CUST-06034,Margaret Rodriguez,27,Female,26596,604,Premium Checking,35273.31,1,0,0,High,82.8,0,0
CUST-06035,Sarah Brown,24,Male,61540,656,Standard Checking,2164.37,0,0,0,High,74.1,0,0
CUST-06036,William Thomas,29,Male,29382,638,Savings,12475.95,0,1,1,Low,8.9,0,0
CUST-06037,Patricia Thomas,63,Female,36014,575,Premium Checking,13495.68,1,0,0,Medium,32.1,0,0
CUST-06038,Charles Smith,49,Female,24912,744,Standard Checking,11753.57,0,0,0,Medium,38.6,0,0
CUST-06039,Daniel Garcia,49,Male,18989,773,Standard Checking,2991.55,0,0,0,Low,14.3,0,0
CUST-06040,Elizabeth Thomas,78,Male,47030,628,Premium Checking,31749.07,1,0,0,Low,20.1,0,0
CUST-06041,Patricia Gonzalez,78,Female,34307,724,Standard Checking,640.42,1,0,0,High,81.7,0,0
CUST-06042,Jessica Martin,63,Male,57823,850,Standard Checking,4061.89,1,0,1,Medium,45.3,0,0
CUST-06043,Sandra Garcia,85,Non-Binary,47778,763,Premium Checking,46591.33,0,1,0,None,0,0,0
CUST-06044,Betty Hernandez,72,Female,82667,608,Standard Checking,3238.04,0,0,0,Medium,30.7,0,0
CUST-06045,Lisa Williams,18,Female,128433,742,Standard Checking,9658.29,1,1,0,High,84.5,0,0
CUST-06046,Karen Martinez,84,Male,87050,668,Savings,2117.87,1,0,0,None,0,0,1
CUST-06047,Mark Smith,66,Male,49762,741,Standard Checking,10612.77,1,0,0,Medium,30.5,0,0
CUST-06048,Karen Hernandez,42,Female,68627,841,Savings,2248.79,1,0,0,High,74.2,0,0
CUST-06049,Betty Lopez,33,Male,94517,675,Standard Checking,5797.57,1,0,0,High,85.3,0,0
CUST-06050,Susan Davis,30,Female,38117,778,Standard Checking,3130.64,1,0,1,Medium,69.8,0,0
CUST-06051,David Brown,69,Male,76690,627,Standard Checking,4186.06,1,0,0,Medium,34.6,0,0
CUST-06052,Margaret Miller,53,Male,94200,646,Premium Checking,55064.98,1,0,0,High,84.1,0,0
CUST-06053,Elizabeth Jackson,61,Female,51081,541,Standard Checking,8446.66,0,1,0,Medium,67.2,0,1
CUST-06054,Matthew Brown,64,Female,61965,793,Standard Checking,1556.99,0,0,0,Medium,41,0,0
CUST-06055,Mary Moore,37,Male,136338,563,Savings,12525.28,1,0,0,Medium,61.2,0,0
CUST-06056,Susan Thomas,35,Female,35863,600,Standard Checking,9072.7,1,0,0,High,96.2,0,0
CUST-06057,Nancy Hernandez,71,Female,42848,695,Standard Checking,4271,1,0,0,None,0,0,1
CUST-06058,Elizabeth Taylor,29,Female,64730,823,Standard Checking,6015.66,0,0,0,High,89.3,1,0
CUST-06059,Susan Brown,42,Male,31475,546,Savings,13236.07,1,0,0,Low,8.3,0,0
CUST-06060,Charles Johnson,77,Male,47250,705,Savings,4917.88,0,0,1,Low,16.8,0,0
CUST-06061,Michael Rodriguez,51,Female,26650,580,Premium Checking,23045.19,1,0,0,Low,13.2,0,0
CUST-06062,Margaret Jackson,30,Male,19025,797,Premium Checking,52780.18,0,0,0,High,75.8,0,0
CUST-06063,Jessica Thomas,55,Male,55280,691,Premium Checking,65078.01,1,0,0,Low,13.8,0,0
CUST-06064,Sarah Hernandez,29,Male,25169,788,Standard Checking,3866.54,1,1,0,High,92.9,0,0
CUST-06065,Michael Rodriguez,53,Male,30921,626,Savings,7139.16,1,1,1,Medium,56.6,0,0
CUST-06066,Patricia Gonzalez,45,Female,81791,648,Savings,199.49,0,0,0,Low,10.2,0,0
CUST-06067,Anthony Brown,56,Male,53363,614,Premium Checking,26075.79,0,0,0,None,0,0,0
CUST-06068,Charles Johnson,60,Male,48123,781,Standard Checking,12506.34,1,0,0,Medium,38.3,0,0
CUST-06069,William Lopez,48,Female,40697,779,Standard Checking,9808.66,1,1,0,Medium,34.4,0,0
CUST-06070,Mary Garcia,19,Female,105805,634,Standard Checking,4639.03,0,0,0,Medium,35.2,0,0
CUST-06071,Robert Jones,59,Male,150125,748,Savings,2854.48,0,0,0,High,76.9,0,0
CUST-06072,Karen Jones,48,Female,66387,672,Premium Checking,13014.92,0,0,0,Medium,42.5,0,0
CUST-06073,Anthony Brown,78,Male,13144,543,Money Market,117068.87,1,0,1,High,80.7,0,0
CUST-06074,Mark Rodriguez,73,Male,48181,715,Money Market,127380.09,1,0,0,Medium,44.3,0,0
CUST-06075,Mark Martinez,31,Female,28903,739,Savings,11016.24,0,0,1,Low,14.1,0,0
CUST-06076,Jessica Martinez,31,Female,39165,757,Premium Checking,18687.52,1,0,1,High,94.6,0,0
CUST-06077,Mark Martinez,46,Female,62351,685,Standard Checking,10197.02,1,0,0,High,86.7,0,0
CUST-06078,Mark Jackson,67,Female,51682,656,Standard Checking,11489.34,1,0,0,Medium,43.8,0,0
CUST-06079,Elizabeth Garcia,67,Female,24707,645,Standard Checking,702.93,1,0,0,Medium,45.4,0,0
CUST-06080,Sandra Taylor,80,Non-Binary,34678,743,Money Market,18250.25,0,0,0,Medium,44.3,0,0
CUST-06081,Robert Garcia,82,Female,87034,709,Premium Checking,45969.77,0,0,0,High,94.7,0,0
CUST-06082,Anthony Anderson,85,Female,108518,635,Standard Checking,3315.11,1,0,1,Medium,52.1,1,0
CUST-06083,Matthew Jackson,28,Female,97003,699,Standard Checking,9018.4,1,0,1,High,91.2,0,0
CUST-06084,Sarah Brown,31,Male,24946,730,Premium Checking,28422.24,0,0,0,Low,18.6,0,0
CUST-06085,Linda Thomas,20,Male,41112,732,Premium Checking,15958.13,1,0,0,Medium,34.9,0,0
CUST-06086,Lisa Jackson,25,Male,34071,679,Premium Checking,71417.73,0,0,0,High,71.5,0,0
CUST-06087,Karen Williams,60,Female,68413,767,Savings,6530.6,1,0,0,Medium,33.5,0,0
CUST-06088,Elizabeth Johnson,26,Female,42310,624,Savings,10765.95,0,0,0,Medium,41.9,0,0
CUST-06089,Patricia Garcia,36,Female,29521,683,Standard Checking,997.3,1,0,1,None,0,0,1
CUST-06090,David Wilson,29,Male,102711,745,Standard Checking,5501.51,1,0,0,High,91,0,0
CUST-06091,Jessica Jackson,44,Male,36714,701,Premium Checking,48841.71,1,0,1,Medium,48.7,0,0
CUST-06092,Mary Taylor,75,Male,81272,685,Standard Checking,12697.47,1,0,0,Medium,53.7,0,0
CUST-06093,William Taylor,42,Female,36131,627,Standard Checking,6280.3,0,0,0,High,83.5,0,0
CUST-06094,Joseph Miller,62,Female,72664,589,Savings,8289.73,1,1,0,High,82.4,0,0
CUST-06095,Nancy Jackson,65,Female,41699,632,Savings,14491.36,1,0,0,High,85.7,0,0
CUST-06096,Sandra Williams,67,Male,29149,762,Money Market,91137.25,1,0,0,Medium,41.3,0,0
CUST-06097,Mark Smith,61,Male,87188,634,Premium Checking,20783.06,1,0,0,Medium,50.5,0,0
CUST-06098,Patricia Moore,76,Male,34415,680,Savings,358.66,1,1,0,Medium,32.6,0,0
CUST-06099,Betty Davis,50,Male,51781,819,Money Market,35657.33,1,0,0,Medium,63.8,0,0
CUST-06100,Charles Garcia,45,Female,25599,751,Premium Checking,30088.35,1,0,1,None,0,0,0
CUST-06101,James Davis,35,Male,24610,669,Standard Checking,3617.75,1,1,0,Medium,30.7,0,0
CUST-06102,James Jackson,72,Female,105790,662,Standard Checking,12855.83,0,1,0,Medium,30.4,0,0
CUST-06103,David Anderson,50,Female,52569,780,Premium Checking,36766.98,1,0,0,Low,14.3,0,0
CUST-06104,Daniel Hernandez,32,Male,46495,656,Savings,9999.64,0,0,0,High,91,0,0
CUST-06105,Charles Martinez,78,Male,39682,680,Savings,3917.52,0,1,0,None,0,0,1
CUST-06106,Lisa Lopez,28,Female,33222,666,Standard Checking,4059.23,0,0,0,Medium,35.5,0,0
CUST-06107,James Miller,53,Male,65611,794,Savings,7606.16,0,1,0,Medium,64.5,0,0
CUST-06108,Thomas Martinez,32,Female,99727,679,Savings,14015.21,1,0,0,Medium,51,0,0
CUST-06109,Margaret Garcia,70,Male,73774,657,Standard Checking,14204.88,0,0,0,Low,8.5,0,0
CUST-06110,Thomas Moore,79,Female,66525,728,Standard Checking,6487.35,1,0,0,High,74.5,0,0
CUST-06111,Robert Moore,65,Male,41900,816,Standard Checking,4851.25,0,0,1,None,0,0,0
CUST-06112,Sandra Taylor,32,Female,67339,594,Savings,5836.21,1,0,0,High,83,0,0
CUST-06113,Nancy Thomas,80,Female,129894,704,Savings,3542.23,1,1,0,Low,7.8,0,0
CUST-06114,Linda Gonzalez,60,Male,42917,621,Premium Checking,47262.51,0,0,0,Medium,46.4,0,0
CUST-06115,Mark Thomas,67,Male,58662,780,Savings,10274.16,1,1,0,High,98.8,0,0
CUST-06116,David Garcia,77,Female,96772,602,Savings,3934.68,0,0,0,Medium,69.2,0,0
CUST-06117,Anthony Williams,76,Male,129980,736,Savings,12460.36,0,0,0,Medium,47.1,0,0
CUST-06118,James Moore,32,Female,52570,628,Premium Checking,28485.09,0,0,0,Low,12.6,0,0
CUST-06119,Robert Gonzalez,46,Female,74914,794,Standard Checking,8274.66,0,0,0,Medium,52,0,0
CUST-06120,Elizabeth Jones,57,Male,43170,849,Money Market,145847.43,1,0,0,Medium,44,0,0
CUST-06121,Betty Wilson,48,Male,57653,766,Standard Checking,9807.34,0,0,0,Medium,54.8,0,0
CUST-06122,Thomas Smith,28,Male,43409,677,Savings,1744.84,1,0,0,Low,13.6,0,0
CUST-06123,Matthew Johnson,79,Female,88209,595,Savings,4159.12,0,0,0,Medium,30.3,0,1
CUST-06124,Michael Martinez,25,Female,113343,693,Money Market,73432.33,1,0,0,High,98.4,0,0
CUST-06125,Karen Miller,68,Female,26818,698,Standard Checking,8875.35,1,0,0,Low,26.1,0,0
CUST-06126,Lisa Thomas,74,Female,46514,843,Money Market,95709.7,0,0,1,Low,27.8,0,0
CUST-06127,Robert Lopez,21,Female,37400,689,Standard Checking,7161.52,1,1,1,High,93,0,0
CUST-06128,Thomas Thomas,53,Male,41795,630,Premium Checking,71817.2,1,0,0,Low,12.3,0,0
CUST-06129,Karen Thomas,36,Female,43436,694,Savings,12776.7,1,0,0,High,80.7,0,0
CUST-06130,Charles Anderson,41,Male,31761,653,Standard Checking,3854.61,0,0,0,Low,28.8,0,0
CUST-06131,Barbara Martinez,58,Male,56367,673,Standard Checking,8096.86,1,0,0,None,0,0,1
CUST-06132,Mark Johnson,66,Female,27373,831,Savings,2071.29,0,0,0,Medium,32.2,0,0
CUST-06133,Michael Gonzalez,63,Female,76222,620,Money Market,115219.02,1,0,1,None,0,0,0
CUST-06134,John Anderson,53,Male,56777,747,Savings,4607.56,1,1,0,Medium,35.5,0,0
CUST-06135,James Williams,27,Female,28837,658,Savings,10692.72,1,0,1,Low,25.5,0,0
CUST-06136,Matthew Martinez,24,Male,28084,677,Standard Checking,2247.32,0,0,0,High,96.9,0,0
CUST-06137,Anthony Anderson,29,Female,72474,679,Premium Checking,74462.01,0,1,1,Low,11.6,0,0
CUST-06138,Nancy Garcia,65,Male,34478,612,Money Market,81449.88,1,0,0,High,92.2,0,0
CUST-06139,Karen Anderson,54,Male,106262,721,Savings,10211.29,1,1,0,High,79.6,0,0
CUST-06140,Lisa Miller,53,Female,16954,521,Savings,11755.21,1,0,0,None,0,0,1
CUST-06141,Matthew Jones,77,Female,28967,658,Standard Checking,13534.48,0,0,0,None,0,0,0
CUST-06142,Sandra Brown,25,Female,40449,700,Savings,12458.62,1,0,0,None,0,1,0
CUST-06143,Nancy Moore,24,Female,48260,720,Savings,9610.3,0,0,0,Medium,57,0,0
CUST-06144,John Taylor,60,Female,68303,717,Savings,11825.31,1,0,0,High,97,0,0
CUST-06145,Sarah Moore,75,Female,44313,601,Premium Checking,53678.87,0,0,0,High,78.1,0,0
CUST-06146,Lisa Johnson,63,Female,41747,650,Savings,7125.73,0,0,0,Medium,62.8,0,0
CUST-06147,Richard Anderson,51,Female,35013,689,Premium Checking,24979.47,1,0,0,High,97.7,0,0
CUST-06148,Robert Williams,39,Female,33003,627,Savings,129.79,0,0,0,High,93.7,0,1
CUST-06149,Robert Jones,38,Male,34322,692,Premium Checking,45205.46,0,0,0,Medium,47.5,0,0
CUST-06150,Robert Williams,32,Female,47150,717,Premium Checking,32756.31,0,0,0,Medium,57,0,0
CUST-06151,John Martin,22,Female,19474,642,Savings,13709.48,1,0,0,Low,8.6,0,0
CUST-06152,Daniel Moore,34,Male,64108,724,Standard Checking,14978.47,1,0,0,Low,23.5,0,0
CUST-06153,Betty Martin,36,Female,50751,662,Standard Checking,4218.16,1,0,0,High,77.1,0,0
CUST-06154,Patricia Smith,22,Male,46226,622,Savings,2095.28,1,0,0,None,0,0,1
CUST-06155,Betty Thomas,40,Male,86585,772,Money Market,81135.37,0,0,0,Medium,59.9,0,0
CUST-06156,Linda Taylor,31,Female,66003,646,Premium Checking,30810.82,1,0,1,Medium,44.3,1,0
CUST-06157,Linda Miller,27,Male,52250,579,Savings,6886.21,1,0,0,High,98.2,0,0
CUST-06158,Matthew Davis,48,Female,67968,644,Premium Checking,16325.05,0,0,0,Medium,39.4,0,0
CUST-06159,Christopher Lopez,30,Male,35906,697,Money Market,18663.85,0,0,0,High,85.9,0,0
CUST-06160,Jessica Lopez,39,Female,65954,703,Savings,8162.92,1,0,0,High,86.2,0,0
CUST-06161,Charles Martinez,54,Male,73901,603,Savings,11903.88,0,0,1,Low,14.3,1,0
CUST-06162,Michael Lopez,56,Male,14421,723,Savings,4506.54,1,1,0,Low,21.1,0,0
CUST-06163,Karen Jones,27,Female,118772,677,Savings,5950.69,0,0,1,High,98,0,0
CUST-06164,Jessica Rodriguez,48,Male,57933,578,Premium Checking,41682.49,0,0,0,Medium,65.6,1,0
CUST-06165,Michael Martin,60,Male,66522,562,Premium Checking,11572.67,1,0,0,High,97.4,0,0
CUST-06166,Nancy Wilson,53,Male,84246,694,Savings,6709.02,1,1,0,Medium,44.8,0,0
CUST-06167,David Miller,52,Male,45780,657,Standard Checking,6175.54,0,0,0,Low,11.1,0,0
CUST-06168,Mark Martinez,85,Male,39810,618,Premium Checking,7457.63,0,0,0,High,90.6,0,0
CUST-06169,Mark Rodriguez,72,Male,56947,636,Savings,11368.39,1,0,0,Medium,30,0,0
CUST-06170,Patricia Thomas,85,Female,194791,673,Standard Checking,13809.17,1,0,0,Medium,51.9,0,0
CUST-06171,Elizabeth Jackson,64,Female,46616,671,Money Market,128890.34,1,0,0,Medium,64.3,0,0
CUST-06172,Lisa Taylor,23,Female,35583,671,Savings,5238.45,1,0,0,High,75.1,1,0
CUST-06173,William Gonzalez,45,Female,95899,669,Savings,4562.13,0,1,0,High,99,0,0
CUST-06174,James Johnson,47,Male,17266,818,Savings,10284.29,1,0,0,High,85.5,0,0
CUST-06175,Richard Rodriguez,44,Female,46413,644,Premium Checking,46917.34,1,0,0,Medium,43.1,0,0
CUST-06176,Michael Thomas,56,Male,35670,731,Premium Checking,54084.89,1,0,1,High,75.4,0,0
CUST-06177,Charles Miller,52,Female,67133,722,Savings,11927.03,1,0,0,None,0,0,0
CUST-06178,Jennifer Moore,61,Male,52476,639,Standard Checking,9556.77,1,0,0,Medium,49.3,0,0
CUST-06179,Charles Hernandez,32,Female,28279,561,Premium Checking,46939.13,0,0,0,High,70.2,0,0
CUST-06180,Mark Lopez,49,Female,67749,650,Standard Checking,10059.02,1,1,0,High,93.6,0,0
CUST-06181,Mark Martinez,46,Male,32522,564,Money Market,138649.47,1,0,1,Medium,64.3,0,0
CUST-06182,Richard Lopez,80,Female,47872,553,Standard Checking,4298,1,0,0,High,94.6,0,1
CUST-06183,Christopher Martinez,23,Male,39593,644,Standard Checking,4137.66,0,1,0,High,84.1,0,0
CUST-06184,Karen Moore,44,Female,73665,685,Money Market,71034.09,1,0,0,Medium,40.7,0,0
CUST-06185,Patricia Jones,45,Female,38971,665,Premium Checking,67143.51,1,0,0,Medium,36.8,0,0
CUST-06186,Robert Lopez,22,Male,10450,565,Standard Checking,14228.98,0,0,0,High,89.5,0,0
CUST-06187,Betty Williams,58,Male,28067,594,Premium Checking,53894.97,1,0,0,Medium,30.2,0,0
CUST-06188,Mark Davis,73,Female,50594,690,Standard Checking,13034.52,1,0,1,High,87.5,0,0
CUST-06189,Nancy Johnson,71,Female,35249,723,Money Market,41674.63,1,0,0,Medium,47,0,0
CUST-06190,Sarah Rodriguez,35,Female,88973,621,Savings,7406.34,1,0,0,High,94.9,0,0
CUST-06191,Richard Miller,60,Female,29424,678,Standard Checking,620.74,0,0,0,Medium,45.4,0,0
CUST-06192,Elizabeth Rodriguez,46,Male,65404,694,Premium Checking,7933.55,1,0,1,None,0,0,1
CUST-06193,Sandra Anderson,27,Female,73420,800,Standard Checking,9576.66,1,0,0,Low,12.5,0,0
CUST-06194,Robert Lopez,23,Female,53534,790,Savings,5538.86,1,1,0,Medium,38.8,0,0
CUST-06195,James Lopez,21,Male,60144,721,Savings,2247.28,0,0,0,Medium,61.6,0,0
CUST-06196,Nancy Garcia,51,Male,45825,536,Premium Checking,67011.59,1,0,0,Medium,30.4,0,0
CUST-06197,Charles Jackson,50,Male,56261,783,Money Market,86952.29,0,0,0,Medium,32.3,0,0
CUST-06198,Jessica Jackson,21,Female,38444,713,Money Market,115488.84,1,0,0,Low,7.6,1,0
CUST-06199,John Martinez,61,Male,54893,634,Standard Checking,298.56,1,0,0,Medium,61.4,0,1
CUST-06200,Anthony Moore,48,Female,42450,817,Standard Checking,13053.11,1,1,0,None,0,0,0
CUST-06201,Betty Gonzalez,83,Non-Binary,42444,657,Savings,9166.57,0,0,0,Low,7.3,0,0
CUST-06202,Betty Moore,75,Male,35153,830,Premium Checking,50449.34,0,1,1,Low,18.8,0,0
CUST-06203,John Williams,77,Female,43982,601,Standard Checking,12221.08,0,0,1,High,91.6,0,0
CUST-06204,Daniel Lopez,19,Male,104232,650,Money Market,10336,1,0,0,Medium,42.2,0,0
CUST-06205,Anthony Martin,53,Male,43447,535,Money Market,30340.44,0,1,0,Medium,33.8,0,0
CUST-06206,Michael Davis,77,Male,78433,647,Money Market,20113.56,1,1,1,Medium,36.7,0,0
CUST-06207,William Wilson,40,Female,63698,764,Premium Checking,25066.39,1,0,0,High,96.4,0,0
CUST-06208,Robert Jackson,64,Female,55463,640,Savings,10372.56,1,0,0,Medium,37.3,0,0
CUST-06209,Christopher Thomas,63,Female,56553,621,Standard Checking,5284.58,1,0,1,Medium,59.7,0,0
CUST-06210,Lisa Lopez,61,Male,49539,767,Money Market,49905.42,0,0,0,High,80,0,0
CUST-06211,Christopher Brown,36,Female,36643,691,Standard Checking,2744.99,0,0,0,Medium,37.1,0,0
CUST-06212,Linda Miller,66,Female,115731,689,Standard Checking,3127.02,0,1,1,High,80.3,0,0
CUST-06213,Joseph Garcia,75,Male,83198,603,Standard Checking,10130.49,0,0,1,Low,15.5,0,0
CUST-06214,Robert Wilson,24,Male,50088,609,Premium Checking,43894.39,1,1,0,Medium,68,0,0
CUST-06215,Christopher Gonzalez,58,Female,50744,662,Money Market,126048.68,1,0,0,Medium,32,0,0
CUST-06216,Elizabeth Moore,32,Female,65051,544,Standard Checking,7411.12,1,0,0,Medium,68.2,0,1
CUST-06217,Mark Brown,70,Male,28881,736,Standard Checking,14344.58,1,1,0,High,93.5,0,0
CUST-06218,Linda Hernandez,40,Female,33143,722,Standard Checking,8051.96,1,0,0,High,88.5,0,0
CUST-06219,Thomas Moore,82,Female,19178,709,Savings,6378.85,1,0,0,Medium,49.5,0,0
CUST-06220,Christopher Hernandez,77,Male,44101,587,Premium Checking,60209.28,0,0,1,Low,18.5,0,0
CUST-06221,Jessica Lopez,27,Male,88944,729,Standard Checking,11329.4,1,0,0,High,88.7,0,0
CUST-06222,Richard Thomas,75,Female,42573,620,Premium Checking,7264.42,0,0,0,High,94.3,0,0
CUST-06223,Daniel Smith,64,Male,146589,766,Standard Checking,14848.2,1,1,0,High,94.2,0,0
CUST-06224,Jessica Anderson,32,Female,39426,658,Savings,4666.97,0,0,0,None,0,0,1
CUST-06225,Jennifer Lopez,26,Male,53583,685,Standard Checking,1952,1,0,0,Low,27.6,0,0
CUST-06226,Linda Miller,30,Female,42652,724,Premium Checking,72224.4,1,0,1,Low,26.3,0,0
CUST-06227,Mary Lopez,40,Female,16002,701,Premium Checking,37031.87,1,0,0,Low,10.3,0,0
CUST-06228,Christopher Wilson,50,Male,42717,455,Premium Checking,18344.43,1,0,0,Medium,35,0,0
CUST-06229,Jessica Hernandez,26,Male,32189,559,Savings,9082.62,1,0,0,Medium,54.3,0,0
CUST-06230,Karen Rodriguez,20,Female,55121,625,Savings,14406.97,1,1,1,High,82.9,1,0
CUST-06231,Elizabeth Taylor,42,Male,92773,708,Standard Checking,1725.76,0,0,0,Medium,66.7,0,0
CUST-06232,Barbara Garcia,53,Female,41092,800,Standard Checking,4654.1,0,0,0,High,78.7,0,0
CUST-06233,Charles Hernandez,37,Male,59023,658,Savings,4530.5,1,1,0,Low,18.6,0,0
CUST-06234,William Garcia,71,Male,44059,736,Standard Checking,6012.1,0,0,0,Low,10.1,0,0
CUST-06235,Anthony Thomas,36,Male,76781,727,Savings,11275.69,1,1,0,Medium,60,0,0
CUST-06236,Karen Thomas,77,Male,153325,586,Savings,352.47,1,0,0,Medium,58.2,0,1
CUST-06237,Jennifer Jones,54,Male,102999,679,Money Market,101670.57,1,0,0,Medium,53.3,0,0
CUST-06238,Christopher Brown,20,Female,36021,637,Savings,2101.94,0,0,0,High,93.7,0,0
CUST-06239,Mary Garcia,36,Female,97782,615,Standard Checking,2827.04,0,0,0,Medium,42.2,0,0
CUST-06240,William Taylor,70,Female,56960,799,Standard Checking,14837.95,0,0,0,Low,7.5,1,0
CUST-06241,Susan Miller,63,Male,90751,706,Standard Checking,3906.19,1,0,0,High,83.4,0,0
CUST-06242,Nancy Jackson,73,Male,29343,621,Savings,6889.27,1,0,0,Low,13.4,0,0
CUST-06243,James Martin,48,Male,46895,638,Standard Checking,483.51,0,0,0,Medium,65.6,0,0
CUST-06244,Sandra Anderson,70,Male,53601,689,Savings,13960.73,1,0,0,High,81.2,0,0
CUST-06245,Sarah Williams,51,Female,47716,706,Premium Checking,33652.51,0,1,0,Medium,60.7,0,0
CUST-06246,Sarah Johnson,48,Female,56665,542,Savings,13539.71,1,0,1,High,81.2,0,0
CUST-06247,Elizabeth Hernandez,77,Male,46399,773,Premium Checking,14192.92,1,0,1,Low,7.5,0,0
CUST-06248,Anthony Williams,28,Female,41018,694,Standard Checking,13638.24,0,1,1,High,73.2,1,0
CUST-06249,Michael Davis,23,Male,39000,615,Standard Checking,4993.46,1,0,1,High,83.4,0,0
CUST-06250,Charles Moore,44,Female,32553,849,Savings,7178.05,0,0,0,None,0,0,0
CUST-06251,Richard Gonzalez,24,Female,57191,710,Money Market,89709.22,0,0,0,High,85.5,0,0
CUST-06252,Lisa Jackson,66,Male,45649,788,Standard Checking,11160.32,0,0,0,Medium,62.9,0,0
CUST-06253,Daniel Lopez,77,Female,37429,767,Money Market,116006.31,1,0,0,Low,15.1,0,0
CUST-06254,Thomas Lopez,50,Female,23169,821,Savings,340.83,1,0,1,Medium,59.2,0,0
CUST-06255,Margaret Gonzalez,64,Male,64168,754,Money Market,126886.1,0,0,0,High,93.4,0,0
CUST-06256,Matthew Lopez,61,Female,68722,746,Premium Checking,43143.04,1,0,0,High,88.1,0,0
CUST-06257,Charles Wilson,44,Female,30674,733,Standard Checking,13107.03,1,1,1,Medium,66.8,0,0
CUST-06258,Michael Gonzalez,39,Female,51612,780,Standard Checking,2755.25,1,0,0,High,76.6,0,0
CUST-06259,Jennifer Jackson,64,Female,37325,640,Savings,5621.49,0,0,1,Medium,46.8,0,0
CUST-06260,Charles Brown,65,Male,70202,709,Savings,6559.19,1,0,0,Medium,45.7,0,0
CUST-06261,Charles Rodriguez,47,Male,38259,641,Standard Checking,7341.26,1,0,1,Medium,43.5,0,0
CUST-06262,Jessica Brown,19,Male,38339,745,Premium Checking,56627.34,1,0,0,Medium,36,0,0
CUST-06263,Jennifer Davis,32,Male,52339,659,Standard Checking,13653.05,0,0,0,Medium,30.7,0,0
CUST-06264,Anthony Thomas,64,Female,39734,664,Savings,1979.78,0,0,0,Medium,40.5,0,0
CUST-06265,Robert Martinez,44,Male,38395,546,Premium Checking,62003.39,1,1,0,Medium,69.7,0,0
CUST-06266,Daniel Gonzalez,44,Female,36048,819,Money Market,24367.66,1,0,0,Medium,41.8,0,0
CUST-06267,Mark Wilson,30,Female,39295,593,Standard Checking,9007.25,1,0,0,High,74.2,0,0
CUST-06268,Michael Martin,72,Female,40640,709,Standard Checking,12736.47,1,0,0,Medium,36,0,0
CUST-06269,Jennifer Miller,34,Male,49337,722,Savings,13351.45,1,0,0,High,75.4,1,0
CUST-06270,Robert Moore,76,Male,45207,778,Standard Checking,1112.04,0,0,1,Medium,34.7,0,0
CUST-06271,Daniel Lopez,27,Male,62773,645,Savings,7239.89,1,0,1,High,89.1,0,0
CUST-06272,Jennifer Smith,50,Female,27536,584,Money Market,125202.77,0,0,1,Low,29,0,0
CUST-06273,Patricia Jackson,54,Female,139330,747,Standard Checking,2281.41,1,0,0,High,83.6,0,0
CUST-06274,Barbara Anderson,25,Male,49566,761,Standard Checking,2867.09,1,0,0,Low,7.4,0,0
CUST-06275,John Martin,50,Male,79670,705,Money Market,68273.75,1,0,0,Medium,44.3,0,0
CUST-06276,Margaret Davis,24,Female,62409,683,Standard Checking,2040.89,0,1,0,High,70.2,0,0
CUST-06277,David Thomas,51,Male,52069,677,Premium Checking,58402.45,1,0,0,Medium,40.9,0,0
CUST-06278,William Williams,24,Female,61426,602,Savings,11453.61,0,0,0,Medium,35.9,0,0
CUST-06279,Robert Martin,58,Female,58093,523,Premium Checking,21874.63,0,0,0,Medium,50.8,0,0
CUST-06280,Susan Anderson,72,Female,44898,795,Standard Checking,6108.08,1,0,0,Low,12,0,0
CUST-06281,Jennifer Brown,24,Female,162246,680,Premium Checking,12754.22,1,0,0,Medium,63.4,0,0
CUST-06282,Linda Jackson,35,Female,85594,737,Savings,4939.64,1,0,0,High,96.8,0,0
CUST-06283,Anthony Jones,60,Male,22089,655,Standard Checking,994.34,0,0,0,Medium,64.2,0,0
CUST-06284,Richard Thomas,57,Female,82905,655,Standard Checking,11633.76,0,0,0,Low,12,0,0
CUST-06285,James Gonzalez,70,Female,50787,647,Standard Checking,14576.58,1,1,1,Medium,43.4,0,0
CUST-06286,Nancy Hernandez,31,Male,111114,666,Savings,4325,0,0,0,High,80.8,0,0
CUST-06287,Christopher Davis,38,Male,41640,758,Savings,4350.12,1,0,0,Low,25.9,0,0
CUST-06288,Matthew Davis,74,Male,15248,689,Standard Checking,3137.81,1,0,1,None,0,0,1
CUST-06289,Lisa Wilson,63,Female,41125,797,Standard Checking,6427.48,1,0,0,Low,27.4,0,0
CUST-06290,Richard Williams,43,Male,22003,600,Standard Checking,5666.96,1,0,0,High,94.1,0,0
CUST-06291,Patricia Martin,41,Female,34878,667,Premium Checking,51534.34,1,1,1,None,0,0,0
CUST-06292,Joseph Anderson,22,Male,36850,676,Savings,11864.62,0,0,0,Medium,60.9,0,0
CUST-06293,Sandra Gonzalez,59,Female,59209,731,Standard Checking,13214.41,0,1,0,High,97.2,0,0
CUST-06294,William Martinez,60,Female,55682,630,Savings,13796.19,1,0,0,High,93,0,0
CUST-06295,Mark Lopez,49,Male,67509,760,Premium Checking,69552.18,0,0,1,Medium,66.2,0,0
CUST-06296,Susan Smith,23,Male,64687,724,Premium Checking,14693.55,1,0,0,High,97.5,0,0
CUST-06297,Susan Wilson,84,Male,129401,792,Standard Checking,7018.81,1,0,0,Low,5.2,0,0
CUST-06298,Linda Thomas,24,Female,49059,644,Standard Checking,1289.67,1,0,1,Medium,64.7,0,0
CUST-06299,Susan Smith,46,Female,63392,563,Standard Checking,6721.86,1,0,0,High,76.7,0,1
CUST-06300,Jessica Moore,51,Male,76291,747,Savings,5470.56,1,0,0,High,74.6,0,0
CUST-06301,Michael Anderson,24,Female,35492,756,Savings,5707.5,1,0,0,Medium,40.7,0,0
CUST-06302,Lisa Taylor,75,Male,26054,517,Money Market,143537.75,1,0,0,Medium,48.1,0,0
CUST-06303,Charles Gonzalez,48,Female,58936,719,Standard Checking,7933.11,0,0,0,High,78,0,0
CUST-06304,William Anderson,62,Male,40144,701,Savings,3279.24,0,1,0,Low,18.8,0,0
CUST-06305,Matthew Williams,64,Female,72410,641,Money Market,51161.47,1,0,0,High,70.7,0,0
CUST-06306,Lisa Smith,57,Female,70769,788,Savings,3087.75,1,0,0,Medium,65.8,0,0
CUST-06307,Jessica Davis,47,Female,80382,650,Standard Checking,11059.11,0,0,0,High,75.1,0,0
CUST-06308,Mark Gonzalez,79,Male,33092,799,Savings,14467.55,0,0,0,None,0,0,0
CUST-06309,Linda Taylor,34,Male,36782,745,Premium Checking,23329.87,1,0,0,Medium,39.5,1,0
CUST-06310,Nancy Wilson,22,Female,51714,730,Premium Checking,52634.41,1,0,0,Low,13.7,0,0
CUST-06311,Anthony Miller,18,Male,44843,714,Premium Checking,69037.89,0,1,1,None,0,1,0
CUST-06312,Anthony Anderson,48,Male,61592,731,Premium Checking,31187.23,0,0,1,Medium,57.9,1,0
CUST-06313,Jessica Jackson,52,Female,96768,638,Savings,7897.6,1,0,1,Medium,33.3,0,0
CUST-06314,Jennifer Smith,47,Male,46636,596,Standard Checking,9169.15,1,0,0,Medium,38.8,0,0
CUST-06315,Barbara Moore,32,Male,24889,799,Standard Checking,11582.91,0,0,0,High,76.3,0,0
CUST-06316,Jessica Lopez,73,Female,18457,640,Standard Checking,8188.15,0,0,0,Medium,44.4,0,0
CUST-06317,Karen Gonzalez,77,Female,25693,665,Premium Checking,45491.8,1,0,1,Medium,49.2,0,0
CUST-06318,Linda Smith,44,Male,25273,586,Standard Checking,4841.76,0,0,0,Medium,61.3,0,1
CUST-06319,Betty Miller,19,Female,68433,723,Savings,1893.37,0,0,1,High,87.2,0,0
CUST-06320,Joseph Gonzalez,81,Female,47859,605,Money Market,105142.45,1,0,0,High,76.9,0,0
CUST-06321,Richard Rodriguez,22,Non-Binary,50887,709,Savings,4412.84,1,1,0,Low,23.7,0,0
CUST-06322,Lisa Anderson,85,Male,70320,657,Money Market,89357.5,1,1,1,High,77.3,0,0
CUST-06323,Patricia Gonzalez,30,Female,96902,696,Savings,1382.16,1,1,0,High,93.7,0,0
CUST-06324,Anthony Lopez,40,Male,44471,798,Premium Checking,70469.43,1,0,0,High,89,0,0
CUST-06325,Robert Miller,67,Male,71066,600,Standard Checking,6138.29,1,1,1,Medium,62.6,0,0
CUST-06326,Linda Jones,54,Male,58459,643,Standard Checking,7048.33,0,1,0,Medium,50.1,0,0
CUST-06327,William Wilson,47,Male,22501,626,Standard Checking,3234.72,1,0,0,High,80.5,0,0
CUST-06328,Betty Lopez,40,Female,23338,714,Standard Checking,10474.44,1,1,0,High,78.6,0,0
CUST-06329,Patricia Martin,51,Female,41360,708,Premium Checking,16435.35,1,1,0,Medium,63.1,0,0
CUST-06330,Mark Davis,81,Male,54092,664,Standard Checking,6046.2,1,0,0,None,0,0,1
CUST-06331,Thomas Davis,72,Male,62335,762,Money Market,132663.03,1,0,1,Low,18.3,0,0
CUST-06332,Christopher Smith,26,Male,44407,681,Standard Checking,306.29,0,0,1,Medium,62.2,0,0
CUST-06333,Karen Johnson,21,Male,20991,637,Savings,12999.29,1,0,0,High,87.7,0,0
CUST-06334,Patricia Smith,83,Male,40785,772,Savings,10594.44,1,0,0,High,88.1,0,0
CUST-06335,Michael Smith,50,Male,19559,663,Standard Checking,12703.56,1,0,0,Medium,65.9,0,0
CUST-06336,William Williams,49,Male,44252,668,Savings,5920.45,0,0,0,Medium,38.1,0,0
CUST-06337,Barbara Jackson,61,Male,64876,674,Savings,9517.79,0,0,1,High,82.7,0,0
CUST-06338,Joseph Thomas,54,Female,60744,695,Savings,5848.39,0,0,1,None,0,1,1
CUST-06339,Elizabeth Garcia,84,Male,38134,763,Money Market,71956.95,1,0,0,High,95.3,0,0
CUST-06340,Mark Taylor,77,Male,60009,742,Money Market,39419.83,0,1,0,Medium,51.2,0,0
CUST-06341,Christopher Taylor,76,Male,28003,723,Standard Checking,3316.06,1,0,0,High,90.1,0,0
CUST-06342,Christopher Jackson,53,Male,35563,612,Standard Checking,10948.28,0,0,0,Medium,63.5,0,0
CUST-06343,Sarah Hernandez,66,Female,21410,678,Standard Checking,9523.94,1,0,0,High,70.8,0,0
CUST-06344,Lisa Miller,68,Female,37583,670,Premium Checking,6427.96,0,0,0,Low,23.1,0,0
CUST-06345,Elizabeth Miller,25,Female,33267,719,Standard Checking,4314.87,0,0,1,Medium,67.4,0,0
CUST-06346,Robert Lopez,67,Female,39957,666,Standard Checking,5428.27,1,0,1,High,96.7,0,0
CUST-06347,Jessica Moore,58,Male,42793,780,Savings,4705.97,1,0,1,Medium,58.2,0,0
CUST-06348,John Martin,55,Male,55530,725,Standard Checking,5451.79,1,0,0,Medium,42.4,0,0
CUST-06349,Joseph Jones,72,Female,18365,721,Money Market,84054.48,0,0,0,Medium,41.8,0,0
CUST-06350,Richard Jackson,85,Female,31889,611,Standard Checking,5138.21,1,1,1,High,91.9,0,0
CUST-06351,Barbara Jones,35,Female,79953,629,Standard Checking,8135.21,1,0,0,Medium,38.2,0,0
CUST-06352,Jennifer Miller,82,Male,80645,643,Standard Checking,7262.01,1,0,1,High,88,0,0
CUST-06353,Betty Martinez,81,Male,50405,680,Standard Checking,2160.78,0,1,0,Low,6.5,1,0
CUST-06354,Jessica Davis,29,Male,50951,763,Savings,14206.95,1,0,0,Medium,30.9,0,0
CUST-06355,William Brown,58,Male,27899,626,Money Market,11994.92,1,0,0,High,86.2,0,0
CUST-06356,Christopher Davis,59,Female,40672,566,Premium Checking,52602.55,1,0,0,Medium,56.7,0,0
CUST-06357,Matthew Miller,77,Male,73943,780,Premium Checking,48022.7,0,1,0,High,86.5,0,0
CUST-06358,Joseph Williams,67,Male,26311,647,Savings,10116.2,0,0,0,High,85.8,0,0
CUST-06359,Thomas Hernandez,53,Female,52698,675,Standard Checking,6564.28,0,0,0,Medium,59.7,0,0
CUST-06360,William Jones,65,Male,64760,750,Standard Checking,663.12,1,0,0,Medium,36.8,0,0
CUST-06361,Matthew Martinez,25,Male,50195,761,Premium Checking,73650.34,0,0,0,Medium,31.7,0,0
CUST-06362,Joseph Wilson,42,Male,45505,616,Standard Checking,13888.87,1,0,1,Medium,63.5,0,0
CUST-06363,Patricia Martin,24,Male,45272,698,Savings,13049.47,0,0,0,Medium,58.3,0,0
CUST-06364,Mary Lopez,25,Male,62962,777,Money Market,34757.25,0,0,1,Low,19.4,0,0
CUST-06365,James Martin,48,Female,54030,682,Savings,4910.75,1,1,0,Medium,43.7,0,0
CUST-06366,Robert Garcia,29,Female,62770,757,Savings,8835,0,0,0,Medium,66.3,0,0
CUST-06367,Sandra Hernandez,74,Female,40805,691,Savings,2990.26,0,0,1,Medium,35.7,0,0
CUST-06368,Linda Miller,83,Female,41756,757,Premium Checking,61088.87,1,0,1,High,94.6,0,0
CUST-06369,Patricia Garcia,29,Female,64502,773,Savings,12027.56,1,1,0,High,79.7,0,0
CUST-06370,Jessica Martin,44,Male,31384,801,Standard Checking,3092.67,1,0,1,Low,5.3,0,0
CUST-06371,Joseph Wilson,63,Female,27879,713,Premium Checking,51098.17,0,1,0,Low,10.2,0,0
CUST-06372,Daniel Lopez,24,Male,152727,652,Standard Checking,7573.31,0,0,0,Medium,38.3,0,0
CUST-06373,Mark Lopez,78,Male,60557,699,Standard Checking,3304.52,1,0,0,None,0,0,1
CUST-06374,Jessica Anderson,75,Male,43355,703,Premium Checking,55802.49,1,0,0,Medium,62.6,0,0
CUST-06375,Mark Gonzalez,75,Male,34637,680,Standard Checking,4333.27,0,1,0,Low,6,0,0
CUST-06376,David Taylor,30,Female,30963,731,Premium Checking,27035.5,1,0,0,High,88.1,1,0
CUST-06377,Christopher Anderson,70,Male,47854,719,Premium Checking,6560.54,1,0,0,Low,16.9,0,0
CUST-06378,Susan Martinez,82,Male,46737,699,Standard Checking,3106.5,1,0,0,Medium,32.2,0,0
CUST-06379,Barbara Thomas,66,Female,61046,834,Premium Checking,12243.39,0,0,0,None,0,1,0
CUST-06380,Joseph Martinez,52,Male,25601,623,Standard Checking,10190.67,1,0,0,Medium,33.6,0,0
CUST-06381,Patricia Rodriguez,34,Female,26128,705,Money Market,76296.15,1,0,0,Medium,30.3,0,0
CUST-06382,Christopher Martin,84,Female,55826,680,Standard Checking,1661.18,1,0,1,High,87.8,0,0
CUST-06383,William Martin,27,Male,59471,550,Standard Checking,10005.51,0,0,0,Medium,35.9,0,0
CUST-06384,David Hernandez,51,Male,77021,635,Savings,13749.1,1,0,0,High,70.7,0,0
CUST-06385,Michael Martinez,21,Male,112511,581,Money Market,85262.72,1,0,0,Low,18.9,0,0
CUST-06386,Patricia Jones,46,Male,42844,738,Standard Checking,9215.59,1,0,0,High,77.4,0,0
CUST-06387,Robert Hernandez,63,Male,68558,591,Money Market,128112.62,1,0,0,High,87.6,0,0
CUST-06388,William Thomas,63,Male,29134,583,Savings,3574.8,0,0,1,Medium,68.9,0,1
CUST-06389,William Brown,76,Female,13456,665,Savings,12380.19,1,0,0,Medium,30.9,0,0
CUST-06390,Mary Wilson,78,Male,30043,655,Premium Checking,52045.11,1,0,0,Medium,36.8,0,0
CUST-06391,John Moore,85,Male,38577,652,Savings,13940.66,1,0,0,High,77.3,0,0
CUST-06392,Christopher Garcia,83,Male,143673,603,Savings,8991.69,0,0,0,High,80.8,0,0
CUST-06393,David Moore,51,Female,21343,742,Money Market,23685.81,0,0,0,None,0,0,0
CUST-06394,Barbara Jones,22,Male,71007,667,Standard Checking,11115.03,1,0,0,Low,26,0,0
CUST-06395,William Martin,26,Male,36469,748,Savings,14135.85,1,1,0,High,98.1,0,0
CUST-06396,Margaret Moore,37,Male,62870,611,Savings,12336.78,0,0,0,Medium,53.6,0,0
CUST-06397,Charles Williams,38,Male,50068,635,Money Market,63499.76,0,1,0,Medium,30.5,0,0
CUST-06398,William Brown,34,Male,31027,618,Standard Checking,1934.5,1,0,0,High,92.2,0,1
CUST-06399,Thomas Taylor,29,Non-Binary,81816,678,Standard Checking,5741.07,1,0,0,High,90.5,0,0
CUST-06400,Daniel Johnson,84,Female,61351,632,Standard Checking,13102.46,1,0,1,Medium,60,0,0
CUST-06401,William Rodriguez,22,Female,48664,755,Savings,12775.63,1,0,0,High,71.2,0,0
CUST-06402,Robert Anderson,77,Female,56776,522,Premium Checking,33104.17,1,0,0,Medium,36,0,0
CUST-06403,Joseph Williams,70,Female,39645,798,Money Market,61499.71,0,1,0,High,93.7,1,0
CUST-06404,Charles Williams,69,Female,18649,658,Standard Checking,10280.17,0,0,0,High,96.2,0,0
CUST-06405,Jennifer Brown,65,Male,51847,625,Standard Checking,6617.81,1,1,0,None,0,0,1
CUST-06406,Lisa Gonzalez,36,Female,149241,808,Savings,1387.85,1,0,0,High,79.5,0,0
CUST-06407,Anthony Gonzalez,34,Male,74805,672,Standard Checking,10956.59,0,0,0,Low,25.7,0,0
CUST-06408,Anthony Hernandez,71,Male,56759,659,Standard Checking,9767.25,0,0,0,Medium,57.8,0,0
CUST-06409,Robert Smith,85,Male,59439,636,Standard Checking,3020.08,0,0,1,Medium,34.2,0,0
CUST-06410,William Taylor,52,Female,48991,661,Standard Checking,12051.71,1,0,0,Medium,56.7,0,0
CUST-06411,Nancy Smith,58,Male,15990,714,Premium Checking,36502.47,1,0,1,High,74.5,0,0
CUST-06412,John Anderson,30,Female,28975,716,Standard Checking,3743.47,0,0,0,High,98.9,0,0
CUST-06413,Betty Martinez,50,Female,47488,596,Money Market,55356.78,0,0,1,High,70.8,0,0
CUST-06414,Linda Lopez,32,Male,77783,598,Savings,2984.17,1,0,1,Medium,54.5,0,1
CUST-06415,Matthew Anderson,80,Male,122439,751,Savings,7423.42,0,0,0,High,78.7,0,0
CUST-06416,Anthony Rodriguez,32,Male,28621,643,Standard Checking,4823.95,1,0,0,Medium,56.2,0,0
CUST-06417,Lisa Martinez,48,Male,68066,675,Savings,10117.1,1,0,1,Medium,55.2,0,0
CUST-06418,Karen Rodriguez,45,Female,16073,688,Premium Checking,25448.33,0,0,0,Medium,46.4,0,0
CUST-06419,Joseph Smith,27,Female,41535,782,Standard Checking,10084.01,0,1,0,Low,17.7,0,0
CUST-06420,Mary Jackson,74,Male,48336,772,Standard Checking,3351.07,0,1,0,Medium,58.2,0,0
CUST-06421,Sandra Wilson,50,Female,113850,703,Premium Checking,31878.57,1,0,1,High,78,0,0
CUST-06422,Linda Garcia,24,Female,32595,632,Standard Checking,13253.7,1,0,0,Medium,57.6,0,0
CUST-06423,Barbara Anderson,22,Male,41190,842,Savings,8775.92,1,0,0,Medium,53.5,0,0
CUST-06424,Susan Smith,74,Female,80513,729,Savings,10348.03,0,0,0,Low,18,0,0
CUST-06425,Margaret Hernandez,57,Male,33971,775,Savings,14256.18,1,0,1,Low,23.6,0,0
CUST-06426,Margaret Williams,45,Female,37623,663,Standard Checking,13302.69,1,0,0,Low,6.9,0,0
CUST-06427,Charles Moore,53,Male,23843,599,Savings,3413.09,1,0,0,Low,11.9,0,1
CUST-06428,Karen Johnson,73,Female,66946,715,Premium Checking,16843.92,0,1,1,High,92.2,0,0
CUST-06429,Mark Miller,64,Male,23944,681,Savings,14701.42,1,1,0,Low,5.8,0,0
CUST-06430,Linda Jackson,57,Female,82965,795,Savings,11841.87,1,0,0,Medium,32.5,0,0
CUST-06431,Nancy Anderson,76,Male,26262,672,Standard Checking,1973.86,1,0,0,High,83.4,0,0
CUST-06432,Elizabeth Smith,60,Male,33568,648,Premium Checking,26267.39,1,0,0,High,92.2,0,0
CUST-06433,Jennifer Gonzalez,83,Male,27276,769,Premium Checking,6906.97,1,0,0,Low,26.1,0,0
CUST-06434,Susan Williams,26,Female,42554,650,Savings,2253.9,1,0,1,None,0,0,1
CUST-06435,David Williams,23,Female,83977,660,Standard Checking,8348.23,1,1,0,Low,20.2,0,0
CUST-06436,Charles Martinez,82,Female,34569,571,Savings,13851.34,1,0,0,High,71.1,0,0
CUST-06437,Anthony Anderson,20,Female,30023,758,Savings,4466.52,0,0,0,Medium,68.4,0,0
CUST-06438,David Anderson,54,Female,48589,667,Standard Checking,12121.09,1,1,1,High,91.1,0,0
CUST-06439,Betty Gonzalez,50,Male,47421,597,Premium Checking,61166.99,0,0,1,High,85.5,0,0
CUST-06440,Robert Brown,26,Male,68815,761,Money Market,87522.67,1,0,0,High,77.1,0,0
CUST-06441,Richard Rodriguez,70,Non-Binary,25398,661,Standard Checking,4527.86,1,0,0,High,82.7,0,0
CUST-06442,Matthew Taylor,68,Female,55214,807,Savings,11367.66,1,0,0,Medium,62.7,0,0
CUST-06443,Mary Jones,43,Male,91120,769,Premium Checking,56177.58,0,0,0,High,71.3,0,0
CUST-06444,Jessica Miller,33,Female,29511,595,Standard Checking,7885.21,0,0,0,High,96.7,0,0
CUST-06445,James Lopez,57,Female,53921,730,Savings,7383.54,1,0,0,High,75.3,0,0
CUST-06446,Christopher Hernandez,68,Female,29480,753,Money Market,125154.29,0,0,0,High,98.4,0,0
CUST-06447,Barbara Jackson,56,Female,84764,562,Savings,3071.98,1,0,0,None,0,0,1
CUST-06448,Betty Lopez,72,Male,114245,661,Standard Checking,11518.08,0,0,0,High,74.8,0,0
CUST-06449,Barbara Wilson,53,Female,27028,642,Standard Checking,3032.36,1,0,1,High,72.7,0,0
CUST-06450,Mary Johnson,82,Male,56715,756,Premium Checking,67904,1,1,0,Low,14.8,0,0
CUST-06451,Matthew Brown,62,Male,58605,616,Standard Checking,12775.22,1,0,0,High,90,0,0
CUST-06452,Karen Thomas,26,Male,52404,698,Savings,1245.33,1,0,0,Low,14,0,0
CUST-06453,Elizabeth Gonzalez,54,Female,43775,815,Standard Checking,2342.77,1,1,0,High,97.9,0,0
CUST-06454,Mary Williams,18,Female,36840,537,Money Market,87985.41,0,0,0,High,82,0,0
CUST-06455,Charles Garcia,83,Female,22408,686,Savings,14374.88,1,0,0,Low,20.4,0,0
CUST-06456,Charles Martin,80,Female,45200,689,Savings,1617.3,0,0,0,High,94.4,0,0
CUST-06457,Charles Davis,60,Female,75514,506,Savings,139.55,1,0,0,Medium,46.5,0,1
CUST-06458,Susan Martinez,45,Male,85118,562,Savings,9205.6,0,0,1,Medium,65.7,0,0
CUST-06459,John Garcia,48,Female,53627,740,Premium Checking,54218.78,0,0,1,High,85.3,0,0
CUST-06460,Mark Anderson,25,Male,29903,676,Savings,2706.23,1,0,0,High,70.9,0,0
CUST-06461,Daniel Moore,51,Female,25841,693,Standard Checking,5264.64,1,0,0,High,95.4,0,0
CUST-06462,Susan Jackson,66,Male,35986,669,Savings,4681.51,1,0,0,Low,16.4,0,0
CUST-06463,Margaret Martinez,75,Male,18862,767,Savings,10871.74,0,0,1,Low,13.4,0,0
CUST-06464,Joseph Brown,64,Male,13884,848,Standard Checking,5941.87,1,0,1,Medium,59.6,0,0
CUST-06465,Daniel Johnson,42,Female,25020,758,Savings,7952.34,1,0,1,Low,17,0,0
CUST-06466,John Miller,20,Male,57294,515,Standard Checking,11657.48,1,0,0,Medium,35.1,0,1
CUST-06467,Daniel Thomas,62,Male,21606,677,Money Market,72384.54,1,0,0,Low,28.1,0,0
CUST-06468,Elizabeth Jackson,69,Female,57783,778,Savings,10897.81,0,1,1,Medium,51,0,0
CUST-06469,Margaret Taylor,51,Male,32420,649,Premium Checking,29801.36,1,0,0,Medium,52.5,0,0
CUST-06470,Margaret Jackson,25,Female,89446,779,Premium Checking,21996.49,1,1,0,Medium,53.5,0,0
CUST-06471,Robert Martin,44,Female,36300,656,Savings,1406.05,0,0,0,None,0,0,1
CUST-06472,Richard Gonzalez,80,Female,38911,592,Savings,14674.38,0,0,0,Medium,67.3,0,0
CUST-06473,David Hernandez,42,Male,33686,730,Money Market,41846.65,0,0,0,High,71,0,0
CUST-06474,Jessica Anderson,75,Male,34039,712,Standard Checking,9559.8,1,0,1,Medium,51.3,0,0
CUST-06475,Thomas Moore,65,Male,51223,637,Premium Checking,49872.94,0,0,1,Medium,57.9,1,0
CUST-06476,Margaret Jackson,18,Male,56581,771,Standard Checking,7780.92,1,1,0,Medium,47.7,0,0
CUST-06477,Patricia Jones,25,Male,47912,550,Standard Checking,1485.51,1,0,0,Medium,55.7,0,1
CUST-06478,Michael Johnson,38,Female,25937,753,Standard Checking,1395.4,1,0,0,High,84,0,0
CUST-06479,James Lopez,46,Female,60076,641,Standard Checking,4309.54,1,1,0,Medium,63.8,0,0
CUST-06480,Elizabeth Davis,47,Male,26769,803,Savings,3662.38,0,1,1,High,87.1,0,0
CUST-06481,James Lopez,20,Male,28454,737,Savings,2095.44,0,1,0,Medium,44.7,0,0
CUST-06482,Mary Martinez,24,Female,36923,655,Premium Checking,65050.07,1,0,0,High,98.8,0,0
CUST-06483,Nancy Taylor,28,Male,72226,612,Premium Checking,63141.87,1,1,0,Medium,31.1,1,0
CUST-06484,Betty Williams,49,Female,27741,566,Standard Checking,13765.56,1,0,0,Medium,59.6,0,0
CUST-06485,Michael Lopez,76,Male,58909,674,Savings,4391.47,0,0,0,High,74.4,0,0
CUST-06486,Linda Martin,29,Female,13571,683,Savings,12975.37,0,0,0,Medium,64.5,0,0
CUST-06487,Barbara Williams,55,Female,63118,753,Premium Checking,48733.3,1,0,0,Medium,41.3,0,0
CUST-06488,Thomas Rodriguez,41,Female,82669,629,Standard Checking,4716.88,1,0,0,Medium,46.6,0,0
CUST-06489,Elizabeth Garcia,82,Male,66427,705,Standard Checking,14061.03,0,1,0,High,72.3,0,0
CUST-06490,Matthew Smith,35,Male,47803,655,Premium Checking,56719.82,0,0,0,Medium,51.4,0,0
CUST-06491,Nancy Lopez,63,Female,34619,784,Premium Checking,14528.09,0,0,0,High,70.4,0,0
CUST-06492,Robert Gonzalez,73,Female,30619,671,Money Market,22643.56,1,0,0,Low,27.7,0,0
CUST-06493,Anthony Anderson,80,Female,32108,628,Standard Checking,10980.45,1,0,0,Medium,32.2,0,0
CUST-06494,Nancy Hernandez,24,Female,36293,596,Standard Checking,3946.42,1,0,1,High,70.3,0,1
CUST-06495,Linda Jones,83,Male,78236,648,Standard Checking,3643.24,0,0,0,Medium,54.6,0,0
CUST-06496,Mary Lopez,57,Male,46148,663,Premium Checking,35565.24,1,0,1,Medium,54.1,0,0
CUST-06497,Margaret Johnson,71,Male,72541,666,Standard Checking,8386.14,1,0,0,High,86.6,0,0
CUST-06498,Betty Thomas,48,Female,224498,709,Standard Checking,1112.1,0,0,0,Medium,46.2,0,0
CUST-06499,Christopher Williams,69,Male,112008,656,Premium Checking,64633.02,1,0,0,Medium,44.1,0,0
CUST-06500,Elizabeth Jackson,48,Male,48640,621,Standard Checking,4395.42,0,0,0,Medium,37.2,0,0
CUST-06501,Linda Miller,51,Female,37052,650,Money Market,148183.71,1,0,0,Medium,42.9,0,0
CUST-06502,James Lopez,24,Female,74357,664,Savings,8697.35,1,0,0,High,74.3,0,0
CUST-06503,Mark Jones,33,Female,74300,640,Standard Checking,8604.85,0,0,0,High,92.9,0,0
CUST-06504,Jessica Brown,39,Female,64147,567,Standard Checking,12887.98,1,0,1,None,0,0,1
CUST-06505,Thomas Johnson,70,Non-Binary,102496,573,Standard Checking,13212.74,1,0,1,Low,15.3,0,0
CUST-06506,Barbara Smith,34,Male,30570,543,Money Market,111231.68,1,0,0,High,94.9,0,0
CUST-06507,Sandra Lopez,21,Male,56567,691,Savings,6454.85,1,0,1,High,73.9,0,0
CUST-06508,Barbara Lopez,78,Female,48122,711,Premium Checking,53546.73,0,0,1,Medium,58.3,0,0
CUST-06509,Charles Taylor,69,Male,68945,621,Premium Checking,53865.33,1,0,1,High,94.5,0,0
CUST-06510,Karen Hernandez,52,Male,38931,713,Standard Checking,6329.38,1,0,1,Medium,60.6,0,0
CUST-06511,Richard Davis,61,Male,58931,653,Money Market,82630.69,1,1,0,Medium,49.8,0,0
CUST-06512,Elizabeth Davis,32,Female,20050,669,Money Market,48763.7,0,0,0,Medium,56.6,0,0
CUST-06513,Karen Davis,78,Male,48539,588,Money Market,86077.17,1,1,0,Medium,69.5,0,0
CUST-06514,William Miller,61,Male,115378,767,Standard Checking,2660.52,0,1,0,High,95.4,0,0
CUST-06515,Susan Johnson,38,Male,37807,791,Premium Checking,39199.64,1,0,0,High,97.6,0,0
CUST-06516,Matthew Hernandez,64,Male,46589,702,Premium Checking,29584.04,0,0,1,High,87.6,0,0
CUST-06517,Linda Gonzalez,66,Female,83675,626,Premium Checking,14513.78,1,0,0,Low,25.6,0,0
CUST-06518,Christopher Anderson,70,Non-Binary,62037,686,Standard Checking,11201.71,0,0,0,Low,14.5,0,0
CUST-06519,Margaret Williams,44,Female,20832,625,Savings,9489.22,1,0,0,Low,9.8,0,0
CUST-06520,Daniel Wilson,48,Non-Binary,45697,586,Savings,9392.47,1,0,0,High,75.5,0,0
CUST-06521,Sandra Anderson,61,Male,59376,729,Premium Checking,70807.96,1,0,1,None,0,0,0
CUST-06522,Mary Jackson,49,Female,97095,610,Standard Checking,6299.91,0,0,0,High,80.5,0,0
CUST-06523,Barbara Martin,47,Male,88396,620,Savings,5805.62,1,0,0,Medium,62.6,0,0
CUST-06524,Patricia Williams,35,Female,47470,524,Standard Checking,6702,1,0,0,Medium,47.6,0,1
CUST-06525,Robert Williams,80,Male,67351,754,Money Market,16645.59,0,0,1,Medium,65.4,1,0
CUST-06526,Matthew Anderson,33,Female,47140,785,Standard Checking,6834.78,0,0,0,Medium,42.3,0,0
CUST-06527,Charles Johnson,52,Male,38115,731,Standard Checking,13573.49,1,0,1,Medium,53.3,0,0
CUST-06528,Barbara Jones,79,Male,84790,736,Savings,4396.45,0,0,0,Low,24.9,0,0
CUST-06529,Nancy Taylor,26,Female,81993,586,Premium Checking,31672.28,1,0,0,Medium,63.4,0,0
CUST-06530,Susan Martinez,79,Female,56080,661,Savings,9707.69,0,1,1,Medium,42.9,0,0
CUST-06531,John Brown,56,Female,35361,730,Standard Checking,11519.62,1,0,0,High,89.6,0,0
CUST-06532,Jennifer Thomas,68,Female,48368,611,Standard Checking,185.75,0,1,1,High,86.3,0,1
CUST-06533,Michael Anderson,27,Male,49983,651,Premium Checking,27551.78,0,0,0,Medium,54.4,0,0
CUST-06534,Sandra Martin,69,Female,77743,565,Premium Checking,44641.03,1,0,0,Medium,39.1,0,0
CUST-06535,Betty Hernandez,29,Male,42077,658,Premium Checking,31119.14,1,1,1,High,82.1,0,0
CUST-06536,Nancy Smith,79,Female,49720,667,Standard Checking,2082.35,1,0,0,High,90,0,0
CUST-06537,Robert Gonzalez,20,Female,53825,715,Premium Checking,34234.12,0,1,1,Medium,63.1,0,0
CUST-06538,Christopher Wilson,28,Female,42838,563,Premium Checking,18726.28,1,0,1,Medium,65.5,0,0
CUST-06539,William Taylor,25,Male,55719,562,Savings,3391.98,1,0,0,Low,29.7,0,1
CUST-06540,Joseph Miller,40,Male,51831,766,Premium Checking,66081.89,1,0,0,High,82.7,0,0
CUST-06541,Anthony Lopez,27,Male,32599,755,Premium Checking,53427.7,1,0,0,Medium,37.5,0,0
CUST-06542,Daniel Garcia,35,Male,37125,634,Savings,13793.81,0,0,1,Low,10,0,0
CUST-06543,Christopher Thomas,56,Male,24239,786,Standard Checking,7082.11,0,0,0,Medium,66.2,0,0
CUST-06544,Betty Jones,43,Female,33878,691,Savings,8088.05,1,0,0,Medium,50.7,0,0
CUST-06545,William Wilson,28,Male,100036,759,Savings,2338.61,1,1,0,Medium,51.4,0,0
CUST-06546,Linda Wilson,27,Female,68241,659,Standard Checking,14806.95,1,0,0,Medium,49,0,0
CUST-06547,Barbara Martinez,20,Male,32811,701,Savings,2778.21,1,0,0,High,74.6,0,0
CUST-06548,Sandra Martin,79,Male,44541,656,Savings,9053.69,1,1,0,Medium,51.7,0,0
CUST-06549,Karen Gonzalez,78,Female,31734,796,Standard Checking,8562.8,1,0,0,Medium,55.6,0,0
CUST-06550,Mark Jackson,21,Female,70478,668,Standard Checking,1027.8,1,0,0,Medium,67.1,0,0
CUST-06551,Joseph Davis,78,Female,55597,673,Standard Checking,14946.78,0,0,1,Medium,60.1,0,0
CUST-06552,Daniel Martinez,25,Male,68953,566,Premium Checking,42599.02,1,0,0,Medium,39.7,0,0
CUST-06553,John Williams,30,Male,41864,671,Money Market,99184.66,0,0,0,High,73.1,1,0
CUST-06554,Betty Jones,29,Female,80854,801,Savings,11334.33,0,0,0,Medium,62.1,0,0
CUST-06555,Jessica Taylor,52,Female,27015,774,Savings,5916.87,1,0,0,Medium,50.6,0,0
CUST-06556,Jennifer Martin,71,Female,36443,667,Standard Checking,10068.01,1,0,0,Low,24.2,0,0
CUST-06557,Karen Thomas,68,Male,40174,673,Savings,3390.31,0,0,0,High,83,0,0
CUST-06558,Lisa Johnson,60,Female,73205,592,Savings,13837.88,1,0,0,Low,28.2,0,0
CUST-06559,Karen Anderson,83,Female,37358,704,Premium Checking,39807.79,1,0,0,Low,6.1,0,0
CUST-06560,Sarah Smith,32,Female,30239,702,Savings,352.53,1,0,0,Low,25.2,0,0
CUST-06561,Betty Jackson,66,Male,49249,716,Standard Checking,12979.25,0,0,1,High,71.5,0,0
CUST-06562,Barbara Davis,51,Female,165800,568,Standard Checking,8185.76,0,0,0,Low,21.5,0,0
CUST-06563,Jennifer Lopez,56,Female,30087,761,Standard Checking,5155.46,1,0,0,Medium,67.1,0,0
CUST-06564,Michael Moore,43,Female,91070,663,Standard Checking,2160.11,0,0,0,Medium,32.1,0,0
CUST-06565,Nancy Wilson,65,Male,48832,766,Standard Checking,944.23,1,0,0,High,96.1,0,0
CUST-06566,Linda Martin,68,Female,49160,694,Premium Checking,32207.23,1,0,0,Low,20,0,0
CUST-06567,Nancy Wilson,21,Non-Binary,36266,780,Savings,12175.32,1,0,0,High,80.9,0,0
CUST-06568,Robert Rodriguez,44,Female,67012,725,Standard Checking,2927.78,0,0,0,Medium,61.9,0,0
CUST-06569,Linda Johnson,59,Female,82390,621,Standard Checking,14693.19,1,0,0,High,76.3,0,0
CUST-06570,Margaret Thomas,73,Female,104037,737,Premium Checking,17223.47,1,0,0,Medium,31.3,0,0
CUST-06571,Richard Miller,35,Female,56547,751,Savings,226.44,0,0,0,Low,21.6,0,0
CUST-06572,Jessica Miller,78,Male,34683,694,Standard Checking,8267.66,1,0,0,High,78.6,0,0
CUST-06573,Anthony Wilson,21,Male,119815,660,Money Market,20804.33,1,0,0,Medium,41,0,0
CUST-06574,Susan Lopez,18,Female,39086,744,Standard Checking,6688.14,0,0,0,Low,18.2,0,0
CUST-06575,James Smith,67,Male,33319,760,Savings,6681.1,0,0,0,High,95.9,0,0
CUST-06576,Barbara Martin,37,Female,56647,588,Premium Checking,37182.47,0,0,0,Medium,52.1,0,0
CUST-06577,Christopher Anderson,37,Female,30275,689,Standard Checking,10300.15,0,0,0,High,83.3,0,0
CUST-06578,Patricia Miller,63,Female,38187,666,Standard Checking,4395.87,0,0,1,Low,20.4,0,0
CUST-06579,Jessica Williams,44,Female,67055,812,Savings,7758.58,0,1,0,High,85.9,0,0
CUST-06580,Michael Garcia,43,Male,206152,629,Standard Checking,7330.36,0,0,0,Medium,56.9,0,0
CUST-06581,Jessica Davis,49,Male,65038,718,Savings,4342.2,1,1,0,High,76.2,0,0
CUST-06582,Daniel Garcia,27,Male,88647,728,Savings,9326.32,1,0,0,High,97.3,0,0
CUST-06583,Elizabeth Thomas,29,Female,38042,684,Standard Checking,9493.38,0,0,1,Low,17.6,0,0
CUST-06584,David Gonzalez,41,Non-Binary,56023,776,Money Market,86281.1,1,0,0,High,88,0,0
CUST-06585,Mark Garcia,68,Male,18789,673,Savings,1383.02,0,0,0,High,96.2,0,0
CUST-06586,Lisa Smith,55,Male,25178,594,Standard Checking,493.49,1,0,1,Low,23,0,1
CUST-06587,Christopher Jackson,63,Male,53009,782,Standard Checking,8905.03,0,0,0,High,70.8,0,0
CUST-06588,Barbara Garcia,25,Female,58504,648,Savings,14938.58,0,0,0,Medium,48.8,0,0
CUST-06589,Sandra Moore,72,Female,74787,686,Premium Checking,37269.01,1,0,0,Medium,68.2,0,0
CUST-06590,Richard Miller,48,Female,44586,669,Money Market,129688.72,0,0,0,Medium,59.3,0,0
CUST-06591,Daniel Gonzalez,33,Female,104241,613,Money Market,51351.73,1,0,1,High,95.7,0,0
CUST-06592,Christopher Davis,37,Female,64548,615,Standard Checking,11012.26,1,0,0,Medium,35.6,0,0
CUST-06593,Sandra Taylor,55,Male,19799,572,Standard Checking,5062.62,0,0,0,High,72.7,0,1
CUST-06594,William Martin,32,Male,19818,716,Savings,569.2,0,0,0,Medium,42.5,0,0
CUST-06595,Richard Johnson,51,Female,52275,730,Money Market,149161.27,1,0,0,Medium,54.8,0,0
CUST-06596,Patricia Johnson,36,Female,43538,697,Standard Checking,4844.58,1,0,0,None,0,0,1
CUST-06597,Patricia Moore,80,Male,54763,722,Money Market,114912.23,1,0,0,High,83.2,0,0
CUST-06598,Robert Jackson,49,Male,41438,670,Standard Checking,11407.73,1,0,0,High,75.1,0,0
CUST-06599,Elizabeth Moore,54,Female,36308,694,Standard Checking,8618.45,0,0,0,Medium,52.6,0,0
CUST-06600,Sandra Martinez,83,Male,33950,678,Premium Checking,36946.03,1,0,0,High,77.8,0,0
CUST-06601,Robert Taylor,24,Female,47640,674,Savings,6281.07,1,0,0,Medium,61,0,0
CUST-06602,Nancy Gonzalez,65,Female,74595,604,Standard Checking,1219.7,1,0,0,High,98,0,1
CUST-06603,Daniel Taylor,28,Male,28620,772,Standard Checking,1897.6,0,0,0,High,94.8,0,0
CUST-06604,William Lopez,48,Female,45737,659,Standard Checking,6315.14,0,0,0,Medium,35.1,0,0
CUST-06605,Susan Wilson,61,Male,99941,647,Money Market,105771.01,1,0,1,Medium,39.6,0,0
CUST-06606,Linda Jones,62,Male,20524,640,Standard Checking,2890.05,0,1,0,Low,18,0,0
CUST-06607,Charles Wilson,73,Male,67593,653,Savings,5562.37,1,0,0,Low,15.6,0,0
CUST-06608,William Miller,49,Female,44168,653,Standard Checking,7883.76,0,0,0,High,75.8,0,0
CUST-06609,Anthony Davis,38,Female,33186,693,Premium Checking,54311.29,1,0,0,High,73.9,0,0
CUST-06610,Susan Wilson,48,Male,37154,562,Savings,7368.44,1,0,0,High,95.8,0,1
CUST-06611,David Wilson,18,Female,82160,619,Money Market,29545.35,1,0,1,Medium,63.8,0,0
CUST-06612,Christopher Davis,28,Male,45930,784,Standard Checking,1243.6,0,0,0,None,0,0,0
CUST-06613,John Moore,85,Female,28627,779,Standard Checking,3124.92,1,0,0,Low,27.7,0,0
CUST-06614,John Gonzalez,53,Female,31784,661,Money Market,125954.19,1,0,0,High,88.2,0,0
CUST-06615,Barbara Anderson,76,Female,38195,850,Premium Checking,6742.85,0,1,0,Medium,40.5,0,0
CUST-06616,Sarah Jones,84,Male,75653,729,Standard Checking,10846.04,1,0,0,Medium,64.7,0,0
CUST-06617,Michael Hernandez,73,Male,38128,783,Money Market,115774.88,1,0,0,Low,21.7,0,0
CUST-06618,Betty Hernandez,68,Male,48417,686,Standard Checking,1619.2,0,1,1,High,77.1,0,0
CUST-06619,Anthony Anderson,46,Male,34693,662,Standard Checking,8970.66,1,0,0,Low,9.2,0,0
CUST-06620,Elizabeth Anderson,19,Female,40165,746,Savings,11547.84,1,0,0,Medium,66.3,0,0
CUST-06621,Richard Wilson,23,Male,45209,758,Standard Checking,12057.69,1,0,0,Medium,55.8,0,0
CUST-06622,Thomas Gonzalez,48,Male,30785,660,Standard Checking,483.54,1,0,0,High,88.7,0,0
CUST-06623,Elizabeth Smith,71,Male,33170,710,Premium Checking,40592.77,1,0,0,Low,10.3,0,0
CUST-06624,James Anderson,57,Female,37769,474,Savings,2836.22,1,0,0,Medium,54.1,0,1
CUST-06625,Jessica Lopez,34,Female,103862,634,Savings,13345.11,1,0,0,Low,12.6,0,0
CUST-06626,Betty Garcia,22,Male,50531,779,Standard Checking,6999.39,0,0,0,Medium,61.6,0,0
CUST-06627,Jennifer Lopez,19,Male,31328,642,Standard Checking,6265.21,1,0,0,High,72.9,0,0
CUST-06628,Matthew Anderson,75,Female,74749,676,Premium Checking,38965.99,1,0,0,High,86.5,0,0
CUST-06629,Patricia Brown,29,Male,76765,671,Standard Checking,2983.46,0,0,1,Medium,67.3,1,0
CUST-06630,Sandra Johnson,22,Female,31004,603,Savings,14869.13,1,0,0,Medium,56.5,0,0
CUST-06631,Anthony Lopez,77,Female,110471,673,Premium Checking,18802.01,1,0,0,High,73.2,0,0
CUST-06632,Michael Martin,58,Male,59374,665,Standard Checking,678.89,1,0,1,High,92.3,1,0
CUST-06633,William Rodriguez,37,Male,60469,615,Standard Checking,4025.37,0,0,0,Medium,57,1,0
CUST-06634,Linda Wilson,18,Male,58718,669,Savings,5529.52,0,0,0,Low,27.4,0,0
CUST-06635,James Lopez,73,Female,58036,597,Savings,5853.97,1,0,0,High,92.1,0,0
CUST-06636,Matthew Johnson,73,Female,46273,676,Standard Checking,2916.71,1,0,1,Medium,34.7,0,0
CUST-06637,Richard Brown,71,Male,67833,674,Standard Checking,14089.58,1,1,0,Medium,38.3,0,0
CUST-06638,Karen Moore,28,Male,41558,818,Standard Checking,13536.73,0,0,0,Medium,52.1,0,0
CUST-06639,Charles Thomas,20,Female,107658,623,Savings,7484.07,1,0,0,Medium,39.9,0,0
CUST-06640,Anthony Wilson,45,Male,18096,736,Standard Checking,11316.66,1,0,1,High,72.8,0,0
CUST-06641,Sandra Davis,22,Male,31101,578,Money Market,108643.05,1,0,0,None,0,0,0
CUST-06642,Barbara Rodriguez,33,Female,58552,850,Savings,12829.47,1,1,1,High,95,0,0
CUST-06643,Jennifer Moore,48,Female,47110,707,Standard Checking,6208.36,1,0,0,High,84.4,0,0
CUST-06644,Mary Davis,45,Male,38124,696,Standard Checking,2046.34,1,0,0,Medium,68,0,0
CUST-06645,Lisa Wilson,24,Male,53502,722,Savings,11906.84,1,1,0,High,70.6,0,0
CUST-06646,Jennifer Martinez,26,Female,26708,684,Standard Checking,7237.07,1,0,0,None,0,0,1
CUST-06647,Linda Taylor,56,Male,29198,651,Savings,9125.4,1,0,0,Medium,64.8,0,0
CUST-06648,Matthew Lopez,60,Female,46001,614,Savings,13753.65,1,0,0,Medium,64.2,0,0
CUST-06649,Thomas Gonzalez,44,Female,59394,694,Premium Checking,53566.15,0,0,1,None,0,0,0
CUST-06650,Charles Lopez,50,Male,34259,767,Standard Checking,4029.43,0,0,0,Medium,52.5,0,0
CUST-06651,Jessica Jones,73,Female,19946,549,Premium Checking,55227.77,1,0,0,Low,5.6,0,0
CUST-06652,Matthew Thomas,19,Male,54987,834,Premium Checking,15335.8,0,0,0,High,86.2,0,0
CUST-06653,Matthew Garcia,31,Female,62493,619,Savings,12203.38,1,0,0,High,71.6,0,0
CUST-06654,David Taylor,30,Female,28404,701,Savings,11107.32,0,0,1,Medium,59,0,0
CUST-06655,Betty Wilson,41,Female,40284,629,Savings,1977.75,1,0,1,None,0,0,1
CUST-06656,Jennifer Hernandez,51,Female,77261,675,Standard Checking,2955.31,1,0,0,Medium,39.3,0,0
CUST-06657,Barbara Gonzalez,36,Male,27462,702,Money Market,98651.89,1,0,0,High,89.3,0,0
CUST-06658,Patricia Miller,47,Male,48230,667,Premium Checking,66241.21,1,0,0,None,0,0,0
CUST-06659,Mary Garcia,66,Male,35155,692,Standard Checking,10684.6,0,0,0,Medium,60.6,0,0
CUST-06660,Jennifer Moore,60,Female,146129,687,Premium Checking,30924.16,1,0,0,Medium,38.5,0,0
CUST-06661,Sandra Martin,33,Female,26541,719,Savings,8850.03,1,0,1,None,0,0,0
CUST-06662,Linda Davis,69,Male,19690,714,Premium Checking,49778.51,1,0,0,Medium,45.5,0,0
CUST-06663,Mark Davis,66,Male,66378,528,Savings,13122.66,0,1,0,Medium,66.1,0,0
CUST-06664,Linda Smith,28,Male,41654,656,Premium Checking,30236.2,1,0,0,Low,10.8,0,0
CUST-06665,Mary Lopez,64,Female,29282,773,Premium Checking,62059.42,0,0,0,None,0,0,0
CUST-06666,Joseph Brown,52,Male,38336,739,Premium Checking,19750.05,1,0,0,None,0,0,0
CUST-06667,Margaret Williams,46,Female,104605,601,Premium Checking,62968.49,0,0,0,None,0,1,0
CUST-06668,Susan Davis,71,Male,49094,653,Standard Checking,7738.6,1,1,1,Medium,50.2,0,0
CUST-06669,Richard Jackson,40,Male,101962,664,Premium Checking,40809.63,1,1,0,Low,16.5,0,0
CUST-06670,Nancy Jones,41,Male,26377,662,Money Market,13154.71,1,0,1,Medium,53.2,0,0
CUST-06671,Richard Martin,27,Male,84420,668,Savings,8331.34,1,0,0,High,71.8,0,0
CUST-06672,James Thomas,78,Male,30205,644,Standard Checking,8140.76,1,1,0,Medium,34.5,0,0
CUST-06673,Sandra Johnson,25,Male,90528,612,Savings,9248.23,0,0,1,Medium,31.2,0,0
CUST-06674,Michael Garcia,65,Male,86906,828,Savings,2400.92,1,0,0,High,93.8,0,0
CUST-06675,Robert Brown,46,Male,29809,692,Standard Checking,11096.6,0,0,0,None,0,0,0
CUST-06676,Mary Martinez,43,Female,60546,664,Standard Checking,13361.44,1,1,0,High,97.2,0,0
CUST-06677,Nancy Jones,54,Female,54363,732,Premium Checking,55003.82,0,0,0,High,72.3,0,0
CUST-06678,Sarah Martinez,69,Female,78280,570,Premium Checking,31979.17,1,0,0,Medium,44,0,0
CUST-06679,Daniel Anderson,55,Male,27825,718,Savings,7858.45,1,0,0,None,0,0,0
CUST-06680,Anthony Rodriguez,23,Female,40003,577,Standard Checking,8450.8,0,0,1,High,97.8,0,0
CUST-06681,David Taylor,25,Male,50211,705,Standard Checking,8677.25,1,0,0,High,84.3,0,0
CUST-06682,Christopher Rodriguez,34,Male,104020,619,Standard Checking,3871.69,1,0,0,High,72.4,0,0
CUST-06683,Daniel Thomas,79,Male,50506,729,Standard Checking,11491.52,1,0,0,Low,25.8,0,0
CUST-06684,Jennifer Hernandez,51,Male,30167,850,Standard Checking,6281.93,0,0,0,Low,22.2,0,0
CUST-06685,Daniel Taylor,36,Male,57556,690,Premium Checking,22320.91,1,0,0,High,76.8,0,0
CUST-06686,Patricia Anderson,54,Male,29508,575,Premium Checking,39404.35,1,1,1,Medium,52,0,0
CUST-06687,James Martin,55,Male,21096,634,Standard Checking,1908.43,1,1,0,Low,21.4,0,0
CUST-06688,James Rodriguez,32,Male,45214,704,Premium Checking,28690.43,1,0,0,High,95.8,0,0
CUST-06689,Barbara Brown,57,Female,56324,768,Standard Checking,2613.45,1,0,0,Medium,59.1,0,0
CUST-06690,Margaret Gonzalez,26,Female,53981,601,Premium Checking,52148.89,0,0,0,Medium,57.7,0,0
CUST-06691,Michael Davis,70,Female,50349,811,Standard Checking,13330.02,1,0,1,Low,10.4,0,0
CUST-06692,Margaret Gonzalez,83,Male,119710,724,Standard Checking,13331.14,1,0,0,High,75,0,0
CUST-06693,David Rodriguez,69,Male,106474,679,Standard Checking,4788.12,1,0,1,Medium,60.9,0,0
CUST-06694,Matthew Thomas,18,Female,32463,740,Standard Checking,4788.5,0,0,0,Low,27.4,0,0
CUST-06695,Elizabeth Hernandez,47,Male,78562,591,Premium Checking,21876.95,1,0,0,Medium,65.4,0,0
CUST-06696,Barbara Wilson,18,Female,151897,616,Savings,13217.56,1,0,0,None,0,0,1
CUST-06697,Charles Lopez,56,Female,118081,583,Premium Checking,58211.64,1,0,0,Low,10.8,0,0
CUST-06698,Sarah Taylor,33,Male,81144,836,Savings,8513.28,1,0,1,Medium,54.4,0,0
CUST-06699,John Smith,34,Male,45844,680,Standard Checking,14568.12,1,0,0,High,88.5,0,0
CUST-06700,Mark Jackson,39,Female,25532,692,Savings,10488.23,1,0,0,Medium,58.2,0,0
CUST-06701,Mark Brown,48,Male,30312,759,Standard Checking,11959.27,0,0,0,Medium,41.4,0,0
CUST-06702,Daniel Thomas,57,Male,63841,580,Standard Checking,6913.54,1,0,0,High,80.2,0,0
CUST-06703,Barbara Gonzalez,44,Female,56795,623,Savings,11373.54,0,0,0,High,87.9,0,0
CUST-06704,Thomas Davis,53,Female,50732,704,Standard Checking,11989.98,0,0,0,Medium,51.8,0,0
CUST-06705,Richard Martin,21,Female,77268,798,Standard Checking,10262.82,1,0,1,Low,9,0,0
CUST-06706,Betty Jones,42,Male,87988,742,Savings,14989.6,1,0,0,Medium,48.5,0,0
CUST-06707,Sarah Anderson,47,Female,87926,704,Money Market,86926.29,1,0,0,High,96.2,0,0
CUST-06708,Barbara Taylor,64,Male,70839,698,Standard Checking,12491.51,1,0,1,Low,26.8,0,0
CUST-06709,Matthew Anderson,29,Male,63491,758,Savings,3292.81,0,1,0,Low,18.4,0,0
CUST-06710,Mary Garcia,44,Female,37673,612,Savings,9426.89,0,0,1,High,90.3,0,0
CUST-06711,Thomas Thomas,62,Male,51159,700,Savings,12266.42,0,1,1,Medium,65.3,0,0
CUST-06712,Thomas Martin,80,Female,58676,712,Money Market,64147.83,1,0,0,High,74.3,0,0
CUST-06713,William Jones,72,Female,47729,661,Standard Checking,4140.5,1,0,0,Low,14.5,0,0
CUST-06714,Daniel Smith,47,Male,22130,670,Savings,4636.11,1,0,1,High,81.5,0,0
CUST-06715,Jennifer Wilson,31,Female,57543,567,Standard Checking,9021.96,1,1,1,Low,12.4,0,0
CUST-06716,Thomas Jackson,73,Female,47626,641,Standard Checking,13585.99,0,0,0,High,87.7,0,0
CUST-06717,James Smith,36,Female,45749,514,Standard Checking,9872.05,1,0,0,High,88.6,0,1
CUST-06718,Richard Wilson,43,Female,65305,727,Savings,6394.09,1,0,0,High,91.4,0,0
CUST-06719,Anthony Garcia,55,Male,64636,688,Standard Checking,12979.11,1,1,0,Medium,42.6,0,0
CUST-06720,Anthony Garcia,53,Female,89041,670,Savings,4515.1,1,0,0,Low,27.9,0,0
CUST-06721,James Wilson,35,Male,65884,698,Money Market,81373.04,0,0,0,Medium,57.4,0,0
CUST-06722,John Martinez,74,Female,40457,701,Standard Checking,4676.67,1,0,0,Low,18.4,0,0
CUST-06723,Charles Jackson,40,Female,95006,655,Savings,11785.95,1,0,1,High,73.8,0,0
CUST-06724,Charles Brown,31,Female,103975,582,Standard Checking,3049.06,0,0,0,High,85,0,1
CUST-06725,Karen Jackson,39,Female,48508,714,Money Market,140841.59,0,0,0,Low,16,0,0
CUST-06726,Elizabeth Johnson,45,Female,91544,610,Savings,9913.08,0,0,0,High,75,0,0
CUST-06727,Patricia Garcia,60,Female,53194,704,Savings,13970.3,0,0,1,Medium,64.8,0,0
CUST-06728,Sandra Miller,35,Female,87099,771,Premium Checking,42337.35,0,0,0,High,89.5,0,0
CUST-06729,Jessica Miller,53,Male,95014,804,Money Market,56263.44,0,0,0,High,75.2,0,0
CUST-06730,Sarah Martin,24,Male,35722,706,Standard Checking,9000.84,0,1,0,Medium,58,1,0
CUST-06731,Betty Jackson,40,Male,98709,658,Standard Checking,1947.35,1,0,1,Medium,66.7,0,0
CUST-06732,William Martin,51,Female,50143,646,Savings,6853.25,1,0,0,High,77.7,0,0
CUST-06733,Elizabeth Gonzalez,38,Male,59571,703,Premium Checking,54998.52,1,0,0,Medium,48.7,0,0
CUST-06734,Sarah Thomas,64,Male,85474,544,Savings,11827.59,1,0,0,None,0,1,1
CUST-06735,Nancy Taylor,70,Male,43100,623,Standard Checking,4938.02,1,0,0,High,90,0,0
CUST-06736,Nancy Gonzalez,58,Male,80502,626,Premium Checking,68538.27,1,0,0,High,87.9,0,0
CUST-06737,Barbara Martinez,49,Male,53288,708,Standard Checking,4282.78,0,0,1,Medium,69.7,0,0
CUST-06738,James Davis,31,Male,39060,676,Money Market,66743.04,1,0,0,Medium,46.5,0,0
CUST-06739,Christopher Moore,34,Male,67623,690,Premium Checking,51775.1,0,0,0,High,82.8,0,0
CUST-06740,Mary Thomas,42,Female,91700,671,Savings,12502.35,0,0,0,High,96,0,0
CUST-06741,Barbara Rodriguez,81,Male,51677,664,Savings,6764.57,1,0,0,High,70.8,0,0
CUST-06742,John Brown,65,Female,29530,701,Standard Checking,12434.84,0,0,0,Medium,40.6,0,0
CUST-06743,Betty Johnson,52,Female,41726,728,Money Market,61388.24,1,0,0,Medium,64.9,0,0
CUST-06744,Linda Martinez,54,Male,34428,754,Premium Checking,30058.29,1,0,1,Low,20.4,0,0
CUST-06745,Jessica Hernandez,72,Male,152904,678,Savings,468.62,0,0,0,Medium,55.4,0,0
CUST-06746,Sarah Wilson,34,Female,31665,753,Savings,13707.19,1,0,0,Medium,41.4,0,0
CUST-06747,Linda Anderson,45,Male,15718,791,Standard Checking,3441.27,0,0,0,Low,27.3,0,0
CUST-06748,Thomas Moore,18,Female,40439,637,Savings,10884.82,0,0,0,None,0,0,1
CUST-06749,Jennifer Wilson,70,Male,53808,735,Savings,12240.4,0,0,0,High,99.6,0,0
CUST-06750,Daniel Williams,72,Female,49834,640,Money Market,55906.24,0,0,0,Medium,59.5,0,0
CUST-06751,Michael Anderson,78,Non-Binary,53633,765,Premium Checking,23910.81,1,0,0,Medium,41.9,0,0
CUST-06752,Christopher Thomas,30,Female,25851,693,Savings,1077.96,1,0,0,Medium,68.3,0,0
CUST-06753,Jessica Davis,64,Female,50555,652,Money Market,102278.03,1,0,0,Medium,59.2,0,0
CUST-06754,Michael Garcia,81,Female,29873,616,Savings,4483.54,0,0,0,High,84.4,0,0
CUST-06755,Mary Gonzalez,49,Female,77082,639,Savings,8539.71,1,0,0,Medium,39.9,0,0
CUST-06756,Barbara Anderson,45,Female,27677,669,Premium Checking,25538.63,0,1,0,Medium,67.5,0,0
CUST-06757,Anthony Rodriguez,70,Male,46950,758,Standard Checking,1145.97,1,0,0,Medium,47.8,1,0
CUST-06758,Mary Taylor,48,Male,32949,659,Money Market,25357.87,1,0,0,Low,7.2,0,0
CUST-06759,Anthony Jones,25,Male,78923,648,Savings,12712.69,1,0,0,Low,12.9,0,0
CUST-06760,David Jackson,42,Female,38750,804,Standard Checking,1859.03,0,0,0,High,78.1,0,0
CUST-06761,Lisa Miller,50,Male,28995,651,Money Market,110494.91,1,0,0,Medium,58.6,0,0
CUST-06762,Mary Thomas,85,Male,83054,599,Savings,8301.2,1,0,0,High,94.9,0,0
CUST-06763,Barbara Anderson,24,Female,18096,584,Standard Checking,9232.62,0,0,1,High,90.1,0,0
CUST-06764,James Gonzalez,83,Male,69291,628,Standard Checking,375.79,1,0,0,Low,5.5,0,1
CUST-06765,Daniel Garcia,63,Female,58013,679,Savings,12963.91,1,0,0,None,0,1,0
CUST-06766,Richard Moore,22,Female,173034,681,Money Market,145395.05,1,0,0,High,91.8,0,0
CUST-06767,John Smith,34,Female,67869,636,Standard Checking,9372.17,1,0,0,High,99.9,0,0
CUST-06768,Joseph Gonzalez,69,Female,62962,571,Premium Checking,11231.6,1,0,0,Low,28.7,0,0
CUST-06769,Robert Gonzalez,29,Female,32023,617,Standard Checking,4564.69,1,0,0,Low,26.1,0,0
CUST-06770,Nancy Jones,79,Female,43927,587,Savings,3171.62,1,0,0,High,75.6,0,1
CUST-06771,Margaret Jackson,52,Male,55886,469,Premium Checking,19383.39,1,0,0,Medium,58.6,0,0
CUST-06772,Christopher Moore,79,Male,99811,517,Standard Checking,2751.43,0,0,0,Medium,56.7,0,1
CUST-06773,Christopher Martinez,38,Male,33371,700,Savings,562.42,1,0,0,Low,13.6,0,0
CUST-06774,Lisa Davis,83,Female,19552,658,Premium Checking,34114.99,0,0,0,High,75.8,0,0
CUST-06775,Joseph Martin,70,Female,50825,721,Premium Checking,66881.36,1,1,0,Medium,37,1,0
CUST-06776,Margaret Brown,38,Male,22099,633,Premium Checking,48472.82,1,0,1,High,73.1,0,0
CUST-06777,Mary Garcia,32,Female,73478,637,Premium Checking,61834.78,1,0,1,Medium,56.5,0,0
CUST-06778,Margaret Williams,40,Female,104631,619,Standard Checking,3311.06,1,0,0,Medium,37.1,0,0
CUST-06779,Michael Martinez,48,Male,82077,617,Money Market,17204.68,0,0,0,None,0,0,0
CUST-06780,Daniel Garcia,71,Male,38110,626,Standard Checking,11828.46,1,0,0,High,76.1,0,0
CUST-06781,Jessica Johnson,72,Female,110216,801,Savings,10792.16,0,0,0,High,70.7,0,0
CUST-06782,Lisa Taylor,43,Female,33391,672,Standard Checking,11442.23,0,1,0,Medium,31.9,0,0
CUST-06783,Richard Smith,70,Male,29991,624,Standard Checking,10704.27,1,0,1,None,0,0,1
CUST-06784,Jennifer Jones,83,Female,100186,747,Savings,11418.77,1,0,0,Medium,41.3,0,0
CUST-06785,Matthew Gonzalez,56,Male,41037,678,Savings,8450.15,1,0,0,Medium,42.5,0,0
CUST-06786,Margaret Moore,24,Female,53078,755,Savings,8212.51,0,0,0,Low,5.7,1,0
CUST-06787,Mark Lopez,56,Male,81414,714,Premium Checking,25844.38,0,1,0,Medium,37.2,0,0
CUST-06788,Michael Anderson,49,Female,28289,689,Premium Checking,19375.56,0,1,0,High,78.4,0,0
CUST-06789,John Thomas,43,Female,37527,700,Premium Checking,7488.42,1,0,0,Medium,49.3,0,0
CUST-06790,James Thomas,46,Female,36539,706,Savings,12995.08,0,0,0,Medium,49.8,0,0
CUST-06791,Lisa Lopez,42,Female,43628,590,Standard Checking,7252.62,1,0,0,Low,18.8,0,0
CUST-06792,Charles Davis,73,Male,34364,688,Standard Checking,3818.82,0,0,0,Low,9.9,0,0
CUST-06793,Daniel Lopez,48,Female,59038,699,Savings,5664.67,1,1,0,Medium,58.4,0,0
CUST-06794,Joseph Johnson,83,Male,58666,708,Standard Checking,8568.84,1,0,1,Medium,67.7,0,0
CUST-06795,Mark Taylor,19,Male,49050,645,Savings,5937.07,1,0,0,Medium,66.6,0,0
CUST-06796,Michael Gonzalez,64,Female,54963,764,Standard Checking,8905.22,0,0,0,High,98.5,0,0
CUST-06797,James Garcia,46,Male,35336,695,Money Market,77249.97,1,1,0,None,0,0,0
CUST-06798,Richard Hernandez,66,Male,49541,651,Standard Checking,8301.29,1,0,0,High,76.8,0,0
CUST-06799,Elizabeth Thomas,49,Female,21108,708,Premium Checking,20618.11,1,0,1,High,78.8,0,0
CUST-06800,Anthony Martin,47,Female,80418,752,Standard Checking,4821.71,0,0,1,Low,17.5,0,0
CUST-06801,Thomas Taylor,32,Female,37032,629,Savings,12936.07,1,0,0,High,71.6,0,0
CUST-06802,Patricia Jones,79,Female,37835,619,Premium Checking,66606.48,1,0,0,High,97,0,0
CUST-06803,Margaret Wilson,34,Non-Binary,30720,737,Money Market,40568.15,1,1,1,High,88.5,0,0
CUST-06804,Karen Martinez,39,Female,52576,747,Standard Checking,4453.16,1,1,1,High,88.2,0,0
CUST-06805,Susan Smith,47,Female,37537,672,Standard Checking,10770.26,0,0,0,Medium,53.3,0,0
CUST-06806,David Moore,33,Male,67157,666,Standard Checking,10000.45,0,0,0,High,81.5,0,0
CUST-06807,Jessica Moore,69,Female,29000,742,Standard Checking,2960.38,1,0,0,High,97.9,0,0
CUST-06808,Linda Martinez,25,Male,52527,624,Standard Checking,14973.57,1,0,0,High,70,0,0
CUST-06809,Betty Martinez,81,Female,60646,512,Standard Checking,9407.49,1,0,0,High,81.7,0,1
CUST-06810,Robert Martinez,56,Female,73016,687,Standard Checking,4940.39,0,0,0,Medium,59.4,0,0
CUST-06811,Sarah Garcia,48,Male,68416,687,Standard Checking,5919.38,0,1,1,High,83.2,0,0
CUST-06812,John Davis,29,Female,31148,745,Standard Checking,13798.39,0,0,0,Medium,31.9,0,0
CUST-06813,Sandra Rodriguez,50,Female,50715,736,Standard Checking,6495.31,1,0,1,Medium,31.8,0,0
CUST-06814,Robert Johnson,75,Female,46533,796,Savings,3654.38,1,0,1,Medium,34.9,0,0
CUST-06815,Mary Miller,29,Male,29031,698,Standard Checking,5188.1,0,1,0,Low,21,0,0
CUST-06816,Thomas Martinez,42,Female,48372,834,Money Market,142224.47,1,0,0,Medium,51.4,0,0
CUST-06817,Barbara Johnson,55,Male,24415,761,Standard Checking,2407.62,1,0,0,High,96.7,0,0
CUST-06818,Elizabeth Martin,65,Female,55139,687,Standard Checking,812.12,1,1,1,Medium,30.2,0,0
CUST-06819,James Brown,72,Male,89588,754,Standard Checking,6084.62,1,0,1,Medium,40.2,0,0
CUST-06820,Richard Lopez,20,Male,80770,617,Money Market,92734.31,1,0,0,High,78.1,1,0
CUST-06821,David Martinez,52,Male,59615,660,Money Market,108507.26,0,0,1,Low,17.7,0,0
CUST-06822,Joseph Jones,68,Male,55784,669,Standard Checking,12493.18,1,0,1,High,74.9,0,0
CUST-06823,Matthew Taylor,44,Female,46286,666,Standard Checking,2597.73,0,1,1,Low,9.2,0,0
CUST-06824,Margaret Jones,54,Male,144382,739,Savings,779.27,1,0,0,High,75.7,1,0
CUST-06825,Mary Rodriguez,33,Female,44046,757,Money Market,48997.44,1,0,1,Medium,45.3,0,0
CUST-06826,Jennifer Moore,42,Non-Binary,25378,734,Savings,10168.22,1,1,0,High,99.4,0,0
CUST-06827,Susan Jackson,50,Female,71788,636,Money Market,119611.34,1,0,0,Medium,50,0,0
CUST-06828,Susan Davis,79,Male,61729,727,Money Market,67264.08,0,0,0,Medium,34.6,0,0
CUST-06829,Thomas Williams,34,Female,28224,764,Savings,5105.18,0,0,1,Medium,32.5,0,0
CUST-06830,Mark Martinez,60,Male,40195,730,Standard Checking,14515.48,0,0,0,Medium,42.9,0,0
CUST-06831,Thomas Hernandez,47,Male,53344,581,Standard Checking,6429.9,0,0,0,None,0,0,1
CUST-06832,Linda Smith,58,Female,36963,612,Premium Checking,53381.6,1,0,0,High,88.9,0,0
CUST-06833,Richard Brown,21,Male,77556,719,Standard Checking,7534.97,1,0,0,High,97.1,0,0
CUST-06834,Michael Wilson,83,Female,33223,761,Standard Checking,12828.93,0,0,0,Low,14.1,0,0
CUST-06835,Robert Hernandez,77,Male,43230,611,Standard Checking,12573.44,0,0,0,None,0,0,1
CUST-06836,Thomas Jones,26,Male,39711,679,Premium Checking,22927.37,0,0,0,Medium,50.7,1,0
CUST-06837,Karen Williams,48,Male,61407,683,Savings,13979.21,0,0,0,None,0,1,0
CUST-06838,Robert Anderson,41,Female,67260,609,Standard Checking,3155.72,1,0,0,Low,12.3,0,0
CUST-06839,Charles Thomas,41,Male,61360,699,Savings,8071.46,0,0,0,Low,15.8,0,0
CUST-06840,Linda Gonzalez,62,Male,19469,707,Standard Checking,3555.3,1,0,0,Low,13,0,0
CUST-06841,Jessica Williams,54,Female,53187,691,Money Market,135074.93,1,0,0,Medium,31.8,0,0
CUST-06842,James Rodriguez,75,Female,62232,749,Premium Checking,37992.22,1,0,0,High,91.6,0,0
CUST-06843,William Taylor,40,Female,65914,677,Standard Checking,9209.9,0,0,0,High,95.2,0,0
CUST-06844,Lisa Johnson,52,Male,44858,729,Savings,1603.64,1,0,0,Medium,55.5,0,0
CUST-06845,William Jackson,80,Male,49602,710,Standard Checking,14833.09,0,0,1,None,0,0,0
CUST-06846,Richard Jones,23,Female,36889,726,Standard Checking,1301.71,1,1,1,High,87.4,0,0
CUST-06847,William Gonzalez,23,Female,92872,647,Standard Checking,10324.78,1,0,1,Medium,57.1,0,0
CUST-06848,James Anderson,47,Female,25065,717,Premium Checking,5328.76,1,0,0,High,97.3,0,0
CUST-06849,Patricia Brown,18,Female,61440,761,Savings,6242.3,1,0,0,High,89.1,0,0
CUST-06850,Karen Martinez,80,Male,29804,745,Savings,12920.18,0,0,0,High,83.1,0,0
CUST-06851,Margaret Garcia,25,Male,38569,766,Savings,5275.11,1,0,0,Low,13.6,0,0
CUST-06852,Anthony Lopez,45,Female,48066,693,Premium Checking,49291.92,1,0,1,None,0,0,0
CUST-06853,Sandra Martin,50,Male,18161,792,Premium Checking,19098.58,1,1,0,High,72.6,0,0
CUST-06854,Jessica Williams,70,Non-Binary,24426,660,Standard Checking,5918.12,1,0,0,Medium,42.8,0,0
CUST-06855,Susan Smith,55,Male,22012,662,Standard Checking,5190.79,0,1,0,High,71.8,0,0
CUST-06856,Elizabeth Anderson,69,Female,60657,802,Savings,3952.78,1,0,0,Low,23.4,0,0
CUST-06857,Michael Brown,28,Male,81779,712,Money Market,125144.03,1,0,0,Medium,47.4,0,0
CUST-06858,Susan Thomas,19,Male,22071,743,Money Market,88340.03,0,0,0,Low,27.6,0,0
CUST-06859,Susan Williams,70,Female,44847,560,Money Market,114985.62,1,0,0,Medium,50.1,0,0
CUST-06860,Thomas Wilson,85,Female,56233,705,Standard Checking,5091.21,1,0,0,Medium,43.1,0,0
CUST-06861,Sarah Williams,24,Male,56115,699,Standard Checking,2673.76,1,0,0,High,97.7,0,0
CUST-06862,Sandra Jackson,84,Male,133827,720,Savings,64.13,1,0,0,High,72.1,0,0
CUST-06863,John Lopez,26,Female,52933,718,Savings,10152.22,1,1,1,None,0,0,0
CUST-06864,Nancy Jones,80,Female,30821,656,Standard Checking,12902.87,1,0,0,High,98.9,0,0
CUST-06865,Elizabeth Rodriguez,28,Male,71280,850,Savings,5305.75,1,0,1,High,91.4,0,0
CUST-06866,James Gonzalez,54,Female,108622,625,Standard Checking,8140.63,1,0,0,Medium,61.5,0,0
CUST-06867,John Jackson,31,Male,25569,663,Savings,8992.42,1,0,1,Medium,51,0,0
CUST-06868,David Thomas,36,Female,64027,745,Money Market,28719.39,1,0,0,Medium,42.4,0,0
CUST-06869,Jennifer Williams,25,Female,49724,609,Money Market,22758.41,1,0,0,Low,13.3,0,0
CUST-06870,Charles Garcia,24,Male,30441,676,Savings,10003.12,0,0,0,Low,25,0,0
CUST-06871,Linda Gonzalez,76,Female,35622,735,Standard Checking,13150.4,1,0,0,Medium,43.8,0,0
CUST-06872,Barbara Martinez,80,Male,108642,648,Standard Checking,12111.09,1,0,1,High,74.3,0,0
CUST-06873,John Brown,24,Male,72136,633,Standard Checking,13046.49,1,0,1,High,70,0,0
CUST-06874,James Gonzalez,72,Female,60632,711,Savings,14953.5,1,0,0,Low,26.7,0,0
CUST-06875,Lisa Brown,20,Male,23249,692,Standard Checking,3970.8,1,0,0,Medium,37.4,0,0
CUST-06876,Nancy Hernandez,84,Female,68674,637,Premium Checking,70382.18,1,0,0,Medium,47.5,0,0
CUST-06877,Charles Hernandez,35,Male,85660,691,Premium Checking,64577.61,1,0,0,High,86.5,0,0
CUST-06878,Barbara Hernandez,62,Female,24761,679,Standard Checking,8810.47,1,0,0,High,86.7,0,0
CUST-06879,Jennifer Lopez,53,Male,49556,750,Money Market,22628.24,1,0,0,High,94.2,0,0
CUST-06880,Anthony Rodriguez,33,Male,81151,613,Standard Checking,12739.55,0,0,0,High,80.2,0,0
CUST-06881,Matthew Martinez,46,Female,75860,622,Money Market,69756.84,0,0,0,Medium,52.6,0,0
CUST-06882,John Williams,76,Male,67506,663,Standard Checking,12330.09,0,0,0,Medium,51.2,0,0
CUST-06883,Karen Thomas,35,Non-Binary,50121,662,Savings,14954.8,0,1,0,Low,18.5,0,0
CUST-06884,John Martinez,66,Female,84358,747,Savings,4668.67,1,0,0,Medium,46.3,0,0
CUST-06885,Lisa Hernandez,63,Male,53137,691,Savings,14622.11,0,0,0,Medium,34.4,0,0
CUST-06886,Linda Garcia,46,Female,64618,726,Premium Checking,53005.5,1,0,0,High,79.5,0,0
CUST-06887,Karen Hernandez,67,Male,58200,781,Savings,1405.31,1,0,1,Medium,39,0,0
CUST-06888,Margaret Lopez,72,Male,28808,624,Premium Checking,7394.48,1,0,0,Medium,31.3,0,0
CUST-06889,Jessica Moore,44,Female,30920,781,Standard Checking,3552.71,1,0,0,High,82.2,0,0
CUST-06890,Richard Williams,24,Female,23718,682,Standard Checking,4722.86,1,0,1,Medium,48.7,0,0
CUST-06891,Joseph Wilson,58,Female,40490,519,Standard Checking,4671.98,1,0,0,Medium,40,0,1
CUST-06892,Sarah Wilson,28,Female,73564,696,Premium Checking,46016.94,1,0,0,High,76.9,0,0
CUST-06893,Robert Wilson,22,Female,58074,583,Savings,4730.44,1,1,0,Medium,48.2,0,1
CUST-06894,Matthew Davis,83,Female,48230,587,Standard Checking,9906.09,1,0,0,High,89.7,0,0
CUST-06895,Margaret Anderson,73,Female,96707,610,Standard Checking,14781.15,1,0,0,Medium,51.4,0,0
CUST-06896,Margaret Anderson,29,Male,42123,675,Savings,4444.45,0,0,0,High,81.9,0,0
CUST-06897,Sandra Jackson,59,Male,64825,592,Standard Checking,14630.97,1,0,0,Medium,55.1,0,0
CUST-06898,Betty Martin,27,Male,41338,768,Money Market,30567.86,1,0,1,Medium,43.4,0,0
CUST-06899,Jennifer Jackson,45,Female,23185,758,Savings,12196.94,1,0,0,Low,28,0,0
CUST-06900,Anthony Davis,24,Female,33648,850,Savings,8551.9,0,0,0,Medium,43.7,0,0
CUST-06901,Jennifer Martin,31,Female,33203,674,Standard Checking,11675.49,0,0,1,Medium,55.5,0,0
CUST-06902,Daniel Anderson,78,Male,24082,646,Savings,9169.59,1,0,0,Medium,33.3,0,0
CUST-06903,Anthony Williams,68,Male,45430,695,Standard Checking,7297.42,0,0,0,High,78.3,0,0
CUST-06904,Elizabeth Anderson,59,Female,33825,740,Standard Checking,12820.03,0,0,0,Low,29.9,0,0
CUST-06905,Lisa Thomas,25,Male,103647,770,Premium Checking,25512.33,1,0,0,Medium,68.3,0,0
CUST-06906,Thomas Jackson,67,Female,43602,637,Premium Checking,43686.57,1,0,0,None,0,0,0
CUST-06907,David Thomas,18,Male,32256,750,Savings,670.11,1,0,0,High,78.7,0,0
CUST-06908,Robert Jones,28,Female,28453,750,Standard Checking,13894.46,1,0,0,Medium,52.5,0,0
CUST-06909,Betty Wilson,65,Female,27977,850,Premium Checking,31137.48,0,0,0,High,70,0,0
CUST-06910,Sarah Davis,27,Female,76024,779,Standard Checking,12873.98,1,1,0,Medium,31.7,0,0
CUST-06911,Robert Miller,32,Male,79421,811,Premium Checking,8794.25,1,0,0,High,88.7,0,0
CUST-06912,Jessica Wilson,64,Female,18060,819,Savings,13117.33,1,1,1,High,78.4,0,0
CUST-06913,Robert Rodriguez,42,Male,144568,633,Money Market,64533.05,0,0,0,High,80.6,0,0
CUST-06914,Patricia Brown,23,Female,50943,626,Savings,13660.02,1,0,0,Medium,52.8,0,0
CUST-06915,Jessica Taylor,28,Female,81724,750,Money Market,102295.39,1,0,0,Medium,39.3,0,0
CUST-06916,Joseph Brown,34,Male,32819,655,Premium Checking,22656.66,1,0,0,Medium,51.6,0,0
CUST-06917,Jennifer Thomas,32,Female,29967,735,Premium Checking,35101.28,1,0,1,Medium,30.6,0,0
CUST-06918,Mark Brown,33,Female,43295,675,Savings,8386.66,1,0,1,Medium,56.7,0,0
CUST-06919,Jennifer Jones,73,Female,59136,709,Premium Checking,19997.26,0,1,0,Low,9.3,0,0
CUST-06920,Jessica Thomas,83,Male,54692,703,Savings,13565.66,1,0,0,High,75.8,0,0
CUST-06921,Elizabeth Rodriguez,53,Male,87965,730,Money Market,146226.49,1,0,1,Low,21.8,0,0
CUST-06922,Patricia Wilson,55,Female,20247,597,Savings,3916.76,1,0,0,Low,19.8,0,1
CUST-06923,Patricia Lopez,20,Female,77152,590,Standard Checking,1172.2,0,0,0,Medium,37.6,0,1
CUST-06924,Lisa Martinez,35,Male,63383,673,Standard Checking,7072.64,0,0,0,High,71.2,0,0
CUST-06925,Patricia Moore,71,Male,57300,688,Standard Checking,4182.63,1,0,0,High,77.8,0,0
CUST-06926,Richard Gonzalez,34,Male,24995,797,Savings,4795.49,0,0,0,Medium,62.3,0,0
CUST-06927,Susan Moore,30,Male,32884,710,Money Market,121089.8,1,0,1,Medium,41.6,0,0
CUST-06928,James Thomas,80,Male,67436,697,Savings,11211.73,1,0,0,Low,18.8,0,0
CUST-06929,Joseph Jones,31,Male,14356,662,Standard Checking,11016.25,1,0,0,Low,10.5,0,0
CUST-06930,Mark Garcia,76,Female,18991,716,Premium Checking,66706.82,1,0,0,High,90.8,0,0
CUST-06931,Jennifer Williams,53,Male,61682,663,Savings,699.76,1,0,0,High,97.3,0,0
CUST-06932,Jessica Lopez,35,Female,64936,597,Standard Checking,14482.56,1,0,0,Medium,33.5,0,0
CUST-06933,Patricia Smith,22,Female,33773,754,Standard Checking,5110.15,0,0,0,Medium,42.1,0,0
CUST-06934,Patricia Smith,31,Female,33725,645,Savings,5538.17,1,0,0,High,96.2,0,0
CUST-06935,Christopher Davis,42,Female,78881,650,Savings,9499.1,1,0,0,Medium,38.5,0,0
CUST-06936,Lisa Jones,61,Female,76375,580,Premium Checking,72171.98,1,0,0,Medium,44.6,0,0
CUST-06937,Sandra Johnson,56,Female,41362,706,Savings,10183.67,1,0,0,High,89.3,0,0
CUST-06938,Barbara Taylor,29,Female,26526,799,Savings,3973.7,1,0,1,High,71.9,0,0
CUST-06939,Michael Hernandez,78,Male,102493,560,Savings,10541.93,1,1,1,Medium,63.3,0,0
CUST-06940,Patricia Jones,79,Male,25758,567,Money Market,57843.84,1,0,0,High,82.8,0,0
CUST-06941,Jennifer Hernandez,70,Female,68732,708,Premium Checking,73474.06,1,1,0,Low,27.4,0,0
CUST-06942,James Martinez,70,Female,89337,698,Savings,6152.86,0,0,0,High,79.4,0,0
CUST-06943,Karen Hernandez,45,Female,48856,646,Savings,12115.37,1,0,0,Medium,57.6,0,0
CUST-06944,Lisa Taylor,52,Male,36521,641,Savings,7002.86,0,0,0,Low,25.4,0,0
CUST-06945,Linda Gonzalez,82,Male,21870,700,Premium Checking,55501.44,1,0,0,Medium,62.3,0,0
CUST-06946,Anthony Martin,20,Male,50573,547,Savings,10986.64,1,0,0,None,0,0,1
CUST-06947,Sarah Thomas,60,Male,23590,588,Standard Checking,4452.97,1,0,0,Medium,67.3,0,1
CUST-06948,Mary Jones,67,Female,57147,609,Standard Checking,2602.34,1,0,1,High,86,0,1
CUST-06949,Sarah Williams,26,Female,17802,652,Money Market,146978.34,1,0,0,Medium,38.3,0,0
CUST-06950,Anthony Taylor,53,Female,21196,654,Standard Checking,5995.86,1,0,1,Medium,41.1,0,0
CUST-06951,Jessica Garcia,40,Male,52352,498,Savings,11203.1,0,0,0,Medium,67.6,0,1
CUST-06952,Charles Miller,67,Female,74595,588,Savings,12217.82,1,0,1,Medium,58,0,0
CUST-06953,Sarah Wilson,72,Female,42524,720,Standard Checking,12527.66,0,0,0,High,70.2,0,0
CUST-06954,Jennifer Davis,29,Female,82897,715,Savings,6448.65,0,0,0,High,71.3,0,0
CUST-06955,Joseph Anderson,49,Female,37030,740,Standard Checking,614.95,1,0,0,High,94.6,0,0
CUST-06956,Joseph Thomas,41,Female,145633,716,Standard Checking,2716.64,1,0,1,High,78.7,0,0
CUST-06957,James Hernandez,84,Male,25200,672,Money Market,110270.47,1,0,0,High,75.6,0,0
CUST-06958,Anthony Jones,44,Female,34321,611,Standard Checking,7581.73,0,0,0,Medium,32.9,0,0
CUST-06959,Robert Garcia,78,Female,96339,610,Standard Checking,13742.07,0,0,0,High,85.4,0,0
CUST-06960,Mary Garcia,36,Male,43081,620,Premium Checking,53136.04,1,0,1,Low,27.7,0,0
CUST-06961,Susan Hernandez,68,Female,78811,737,Standard Checking,553.35,0,1,0,Medium,44,0,0
CUST-06962,Patricia Rodriguez,81,Male,25310,716,Premium Checking,22368.67,1,0,1,Medium,62.8,0,0
CUST-06963,Lisa Williams,19,Male,30447,612,Standard Checking,13513.83,1,0,0,Low,13.9,0,0
CUST-06964,Betty Thomas,53,Female,66104,706,Standard Checking,12340.84,1,0,1,High,94.4,0,0
CUST-06965,David Brown,28,Male,23888,723,Premium Checking,8170.35,1,0,1,High,77.5,0,0
CUST-06966,James Thomas,85,Male,26725,715,Standard Checking,10519.96,1,0,0,High,93.9,0,0
CUST-06967,Charles Thomas,85,Male,46368,742,Standard Checking,9179.58,0,1,0,High,72.4,0,0
CUST-06968,David Davis,81,Male,94739,683,Premium Checking,38995.92,0,0,0,Medium,42.6,0,0
CUST-06969,Daniel Smith,18,Female,58899,661,Standard Checking,8656.31,1,0,0,Medium,33.5,0,0
CUST-06970,Betty Rodriguez,43,Female,44172,685,Savings,11872.6,1,0,1,Medium,58.9,1,0
CUST-06971,Margaret Lopez,28,Male,53225,751,Standard Checking,13046.56,0,0,0,High,74.6,0,0
CUST-06972,Nancy Davis,19,Female,20538,733,Money Market,111093.11,1,0,0,None,0,0,0
CUST-06973,Betty Taylor,57,Male,36683,686,Savings,4587.27,1,0,1,High,83.1,0,0
CUST-06974,Elizabeth Miller,21,Female,61111,760,Savings,2889.97,1,0,0,High,84.3,0,0
CUST-06975,Charles Garcia,54,Female,55190,810,Premium Checking,11564.3,1,0,0,Low,13.2,0,0
CUST-06976,Christopher Jackson,78,Female,66558,850,Standard Checking,9678.71,0,1,0,High,82.2,0,0
CUST-06977,Sarah Anderson,22,Female,69615,850,Standard Checking,1096.79,1,0,0,Medium,54.7,1,0
CUST-06978,Mary Wilson,32,Female,54898,850,Money Market,66156.74,1,0,1,None,0,0,0
CUST-06979,Christopher Martinez,84,Female,13946,774,Savings,12126.71,1,0,0,Medium,57.7,0,0
CUST-06980,Margaret Thomas,43,Male,58001,492,Standard Checking,153.7,0,0,0,Low,13.9,0,1
CUST-06981,Michael Davis,23,Female,38433,694,Premium Checking,66155.91,1,0,1,Low,16.9,0,0
CUST-06982,Elizabeth Anderson,61,Female,40404,577,Standard Checking,9515.79,0,0,0,Medium,35.2,0,0
CUST-06983,Linda Gonzalez,75,Female,40699,797,Premium Checking,8102.66,1,0,0,High,88.7,0,0
CUST-06984,Barbara Davis,63,Female,56720,658,Savings,8045.76,1,0,0,High,78.9,0,0
CUST-06985,Joseph Lopez,59,Female,23507,711,Standard Checking,823.16,0,0,0,None,0,0,1
CUST-06986,David Jackson,65,Female,20786,669,Standard Checking,10267.17,0,0,0,High,74.9,0,0
CUST-06987,Susan Moore,44,Male,26395,805,Premium Checking,67941.35,1,0,1,Medium,59.1,0,0
CUST-06988,Richard Brown,37,Male,77634,597,Premium Checking,65261,1,0,0,Medium,67.8,0,0
CUST-06989,Thomas Jackson,52,Male,39395,729,Standard Checking,3627.33,0,0,0,High,99.6,0,0
CUST-06990,Anthony Rodriguez,65,Male,63117,607,Standard Checking,12913.79,1,0,0,High,79.9,0,0
CUST-06991,Daniel Miller,84,Male,62315,530,Standard Checking,8841.99,0,0,0,Medium,61.6,0,1
CUST-06992,James Miller,85,Male,59777,693,Savings,11190.78,1,0,0,Low,15.2,0,0
CUST-06993,Betty Miller,69,Male,63789,594,Standard Checking,2298.6,1,0,0,Low,22.3,0,1
CUST-06994,Karen Miller,85,Female,37754,575,Savings,8497.61,1,1,0,Medium,35,0,0
CUST-06995,Linda Thomas,21,Male,68487,570,Standard Checking,4557.94,1,0,0,Medium,32.8,0,1
CUST-06996,John Gonzalez,56,Male,59332,652,Standard Checking,431.83,0,0,0,None,0,0,1
CUST-06997,Elizabeth Moore,38,Female,22179,745,Premium Checking,14426.27,0,0,0,Medium,38.4,1,0
CUST-06998,Michael Jones,83,Female,50498,577,Premium Checking,25995.57,1,0,1,None,0,0,0
CUST-06999,Daniel Miller,33,Male,45494,755,Savings,10931.49,1,0,0,High,97.8,0,0
CUST-07000,Matthew Taylor,24,Male,61786,642,Premium Checking,8799.86,0,0,0,Medium,58.2,0,0
CUST-07001,Patricia Thomas,26,Male,49654,605,Savings,9468.43,1,0,1,Low,14.7,0,0
CUST-07002,Charles Martinez,34,Male,43484,764,Savings,12439.65,1,0,1,Medium,60.9,0,0
CUST-07003,John Williams,29,Male,106742,747,Standard Checking,2461.49,0,0,0,Medium,46.7,1,0
CUST-07004,Margaret Taylor,74,Female,66428,736,Savings,14714.15,1,1,0,High,89.2,0,0
CUST-07005,Elizabeth Taylor,62,Female,50027,696,Premium Checking,37239.64,0,0,0,Medium,53.3,0,0
CUST-07006,Nancy Taylor,28,Female,28021,604,Money Market,66972.85,1,0,0,Medium,44,0,0
CUST-07007,Christopher Brown,30,Male,52068,766,Savings,9470.96,0,1,0,Low,27.7,0,0
CUST-07008,Christopher Garcia,48,Male,31996,682,Standard Checking,10047.04,1,0,0,High,98.1,0,0
CUST-07009,Barbara Martin,43,Male,21451,689,Savings,11405.84,1,0,0,Low,21.4,0,0
CUST-07010,Thomas Taylor,80,Male,40002,707,Standard Checking,12067.06,1,1,0,Medium,43.1,0,0
CUST-07011,Elizabeth Miller,48,Female,41259,749,Standard Checking,13182.23,0,0,0,High,96.4,0,0
CUST-07012,Mark Thomas,39,Female,82031,566,Standard Checking,11293.57,0,0,1,Medium,37.5,0,0
CUST-07013,Mark Gonzalez,23,Male,79758,677,Savings,6918.76,0,0,0,High,71.3,1,0
CUST-07014,John Johnson,37,Female,68500,648,Standard Checking,3845.14,0,0,0,Medium,49.3,0,0
CUST-07015,Jessica Garcia,27,Female,46914,783,Premium Checking,48178.1,0,0,0,Medium,58.1,0,0
CUST-07016,Jennifer Gonzalez,52,Male,47237,801,Savings,13801.96,1,0,0,Low,27.2,0,0
CUST-07017,Michael Jones,43,Male,64709,700,Savings,12952.75,1,0,0,Medium,39.7,0,0
CUST-07018,Lisa Miller,54,Male,67618,588,Premium Checking,11482.77,0,0,1,Medium,65.1,0,0
CUST-07019,Mary Taylor,25,Female,58584,638,Savings,6377.76,1,0,0,Medium,31.8,0,0
CUST-07020,Richard Thomas,22,Male,63213,503,Premium Checking,13510.57,1,0,0,Medium,63.5,0,0
CUST-07021,Betty Martin,61,Male,47385,751,Savings,9349.45,0,0,0,High,92,0,0
CUST-07022,Mary Jones,84,Female,42570,640,Premium Checking,50352.34,0,0,0,Medium,68.3,0,0
CUST-07023,Sarah Miller,66,Male,16152,764,Savings,12061.95,1,0,0,Low,28.2,0,0
CUST-07024,David Hernandez,53,Male,41355,640,Money Market,111300.48,0,0,0,High,90.4,0,0
CUST-07025,Nancy Taylor,43,Female,34156,666,Savings,3340.83,1,0,0,High,81.5,0,0
CUST-07026,Jessica Gonzalez,62,Female,51469,653,Standard Checking,6714.09,1,0,0,High,93.1,0,0
CUST-07027,Nancy Jones,78,Male,34955,568,Savings,11041.21,1,0,0,High,95.2,0,0
CUST-07028,Karen Thomas,61,Male,52504,566,Money Market,48828.68,1,0,1,Medium,47.5,0,0
CUST-07029,Margaret Thomas,21,Female,19296,818,Standard Checking,8602.49,1,0,0,Low,27.6,0,0
CUST-07030,Jessica Wilson,75,Female,30275,626,Savings,13715.25,0,1,0,High,78.8,0,0
CUST-07031,Jennifer Johnson,43,Non-Binary,34283,732,Standard Checking,10709.71,1,0,0,Medium,33,0,0
CUST-07032,Susan Thomas,46,Male,28999,850,Premium Checking,56296.92,1,0,0,High,78,0,0
CUST-07033,Daniel Martin,26,Female,233037,650,Savings,1194.71,1,1,0,Medium,43,0,0
CUST-07034,Richard Anderson,53,Male,17771,712,Standard Checking,11268.31,1,0,0,Low,11,0,0
CUST-07035,Barbara Rodriguez,21,Female,68713,700,Standard Checking,11003.79,0,0,0,Medium,48.8,0,0
CUST-07036,Betty Moore,76,Male,80660,703,Premium Checking,70309.85,1,0,0,Medium,68.8,0,0
CUST-07037,Christopher Wilson,54,Male,39310,714,Savings,14490.78,1,0,0,Medium,50.1,0,0
CUST-07038,Karen Brown,30,Male,57873,596,Premium Checking,29328.26,1,0,0,Medium,66.9,0,0
CUST-07039,Linda Davis,37,Male,66518,578,Savings,7699.46,0,0,0,High,89.9,0,0
CUST-07040,Nancy Thomas,34,Male,52461,677,Savings,3345.65,0,0,0,Medium,39.8,0,0
CUST-07041,Anthony Martinez,68,Male,20276,778,Premium Checking,36711.26,1,0,0,High,95.5,0,0
CUST-07042,Matthew Taylor,72,Male,60087,744,Standard Checking,1958.26,0,0,1,Low,12.1,0,0
CUST-07043,James Moore,50,Male,79663,580,Premium Checking,64427.86,1,0,0,High,98,0,0
CUST-07044,Elizabeth Brown,38,Female,137559,720,Standard Checking,13874.42,1,1,0,High,91.2,0,0
CUST-07045,James Brown,39,Male,24605,697,Standard Checking,9541.79,1,0,0,Medium,38.8,0,0
CUST-07046,Patricia Brown,42,Female,44974,689,Savings,1914.05,1,0,1,Low,23,0,0
CUST-07047,Thomas Rodriguez,84,Female,48330,688,Savings,13828.56,0,0,1,Low,14.2,0,0
CUST-07048,Sandra Jackson,29,Male,46638,701,Savings,854.13,1,0,0,High,74.9,0,0
CUST-07049,Richard Brown,32,Male,21231,677,Savings,6165.81,0,0,0,High,87.6,0,0
CUST-07050,Robert Gonzalez,19,Female,85049,638,Standard Checking,11152.26,1,0,1,High,91.5,0,0
CUST-07051,Daniel Thomas,21,Male,80691,664,Standard Checking,12338.69,1,0,0,High,73.8,1,0
CUST-07052,Nancy Jones,62,Male,59177,550,Money Market,90794.59,0,0,0,Medium,42.7,0,0
CUST-07053,Linda Thomas,30,Male,39626,716,Premium Checking,29518.99,1,0,0,High,83.5,0,0
CUST-07054,Sandra Smith,72,Male,44012,714,Savings,4054.84,0,0,0,Low,18.9,0,0
CUST-07055,Daniel Garcia,49,Male,42481,796,Premium Checking,67616.56,0,0,1,High,90.1,0,0
CUST-07056,David Thomas,39,Female,24455,722,Savings,9526.97,1,0,0,Medium,54,0,0
CUST-07057,Robert Thomas,72,Female,69594,666,Savings,13155.44,0,0,0,None,0,0,0
CUST-07058,Michael Jackson,34,Female,49609,714,Standard Checking,9034.45,0,0,0,Medium,55.1,0,0
CUST-07059,James Rodriguez,68,Male,69102,657,Money Market,80754.58,0,0,1,Low,16.7,0,0
CUST-07060,Sarah Gonzalez,25,Female,55793,633,Premium Checking,67484.33,0,0,0,Low,14.3,0,0
CUST-07061,Betty Anderson,78,Female,29652,512,Premium Checking,49309.05,1,0,1,High,86.3,0,0
CUST-07062,John Martinez,27,Female,30864,707,Premium Checking,40261.95,1,0,0,Medium,54.9,0,0
CUST-07063,William Gonzalez,36,Female,94547,714,Savings,125.76,0,0,0,High,91.8,0,0
CUST-07064,Jessica Williams,31,Male,64851,770,Standard Checking,14312.29,1,0,0,High,70.9,0,0
CUST-07065,Nancy Anderson,84,Female,40535,781,Standard Checking,8369.72,1,0,0,Medium,51.5,1,0
CUST-07066,Thomas Wilson,72,Male,64873,704,Premium Checking,28480.11,0,0,0,Medium,34,0,0
CUST-07067,Michael Martin,78,Female,31707,592,Money Market,76127.91,1,0,0,High,89.8,0,0
CUST-07068,Jessica Davis,73,Male,84359,595,Premium Checking,63252.6,1,0,0,Low,7.9,0,0
CUST-07069,Patricia Martin,80,Non-Binary,24865,695,Standard Checking,9397.11,0,0,0,High,81.9,0,0
CUST-07070,Lisa Anderson,28,Male,54089,742,Savings,2489.32,1,0,0,Medium,56.7,0,0
CUST-07071,Robert Gonzalez,64,Male,45785,747,Savings,12608.76,1,0,0,Medium,67.1,0,0
CUST-07072,Jennifer Jones,23,Female,49340,649,Premium Checking,65188.2,0,0,0,High,96,0,0
CUST-07073,Thomas Miller,51,Female,67885,532,Standard Checking,7901.55,0,0,1,High,97.9,0,1
CUST-07074,Jennifer Johnson,82,Female,80864,595,Standard Checking,8136.59,1,0,0,Medium,31.7,0,0
CUST-07075,David Miller,81,Male,39891,544,Premium Checking,46775.44,1,0,0,None,0,0,0
CUST-07076,Nancy Davis,83,Male,18111,703,Savings,11294.67,0,0,0,Medium,58.4,0,0
CUST-07077,Robert Moore,48,Female,20777,661,Premium Checking,7677.05,1,1,1,Low,24.2,0,0
CUST-07078,Nancy Thomas,79,Male,40496,659,Standard Checking,6975.59,1,1,0,Low,5.8,0,0
CUST-07079,Susan Lopez,71,Female,49868,713,Standard Checking,8856.51,0,0,1,Medium,37.5,0,0
CUST-07080,Thomas Jones,25,Male,59139,654,Standard Checking,3211.62,1,0,0,Medium,65.7,0,0
CUST-07081,Susan Garcia,59,Male,53941,814,Premium Checking,69755.43,0,1,0,Medium,41.2,0,0
CUST-07082,Joseph Miller,58,Female,76516,666,Premium Checking,23218.08,1,0,0,Low,10.5,0,0
CUST-07083,Susan Moore,76,Male,120669,558,Savings,10658.78,1,0,0,High,94.7,0,0
CUST-07084,James Garcia,57,Female,51436,501,Standard Checking,8027.83,1,0,0,Medium,63,0,1
CUST-07085,John Jones,39,Male,58714,717,Savings,1434.68,0,1,1,Medium,35.7,1,0
CUST-07086,Barbara Hernandez,41,Male,33436,724,Standard Checking,9018.11,0,0,1,Medium,54,0,0
CUST-07087,Richard Thomas,55,Female,50384,723,Standard Checking,2087.12,0,0,0,Medium,66.5,1,0
CUST-07088,Sarah Taylor,19,Male,54362,588,Standard Checking,91.11,1,0,0,Medium,34.1,0,1
CUST-07089,Thomas Hernandez,58,Female,52944,618,Savings,2236.61,1,0,0,High,88.5,0,0
CUST-07090,Karen Martinez,36,Female,33679,797,Savings,114.24,1,1,1,None,0,0,0
CUST-07091,Mark Thomas,19,Female,53234,667,Standard Checking,14820.08,0,0,0,Low,26.6,0,0
CUST-07092,Mary Taylor,79,Female,51321,636,Premium Checking,58646.87,0,0,0,High,96.9,0,0
CUST-07093,Nancy Martin,33,Female,57434,776,Premium Checking,50240.02,0,0,0,None,0,0,0
CUST-07094,Elizabeth Gonzalez,39,Male,40123,607,Standard Checking,14001.67,1,0,0,High,97.6,0,0
CUST-07095,Barbara Anderson,31,Male,49288,650,Savings,1956.7,1,0,0,None,0,0,1
CUST-07096,Michael Gonzalez,73,Female,145591,766,Standard Checking,463.15,0,0,0,Medium,31.1,1,0
CUST-07097,Barbara Lopez,82,Female,50375,772,Premium Checking,11745.88,0,1,0,Medium,54.2,0,0
CUST-07098,Margaret Johnson,62,Male,83741,774,Savings,9286.63,1,0,0,Medium,55.3,1,0
CUST-07099,Robert Johnson,71,Male,99981,731,Premium Checking,60970.89,1,0,1,None,0,0,0
CUST-07100,Daniel Martin,83,Male,23711,821,Savings,4881.88,1,0,0,None,0,0,0
CUST-07101,Richard Williams,63,Male,44370,745,Premium Checking,64400.96,0,0,0,High,95,0,0
CUST-07102,David Thomas,50,Male,45387,703,Standard Checking,8491.2,1,0,0,High,85.9,0,0
CUST-07103,James Jackson,67,Female,134200,680,Savings,3886.07,0,0,0,Medium,64.5,0,0
CUST-07104,David Rodriguez,39,Male,125679,658,Standard Checking,5432.64,1,0,0,Low,5.2,0,0
CUST-07105,Susan Rodriguez,57,Female,23698,593,Savings,5258.99,0,0,0,Medium,60.9,0,0
CUST-07106,Michael Thomas,56,Female,29646,525,Savings,12674.67,1,1,0,High,97.6,0,0
CUST-07107,John Jackson,58,Male,90464,746,Savings,5664.04,0,0,1,Medium,63.6,0,0
CUST-07108,Patricia Miller,85,Male,37751,672,Premium Checking,18517.46,0,0,1,Low,24.7,1,0
CUST-07109,Daniel Lopez,24,Male,67794,619,Savings,5639.57,1,0,1,High,78.6,0,0
CUST-07110,Sandra Moore,21,Female,43937,822,Standard Checking,1318.94,0,1,0,Medium,44.5,0,0
CUST-07111,Margaret Jones,76,Female,28693,763,Savings,13890.41,1,0,1,High,80.5,0,0
CUST-07112,Daniel Martinez,43,Male,94111,669,Savings,1226.47,0,0,0,Medium,50,0,0
CUST-07113,Barbara Davis,48,Male,34080,719,Standard Checking,200.51,1,0,0,High,81.4,0,0
CUST-07114,Charles Anderson,69,Male,45943,678,Savings,4103.22,1,0,0,Medium,50.7,0,0
CUST-07115,James Williams,38,Female,27797,654,Money Market,68725.45,1,0,1,None,0,0,0
CUST-07116,Anthony Moore,33,Male,28132,767,Standard Checking,4389.39,1,0,0,High,85.9,0,0
CUST-07117,Sarah Johnson,68,Female,50492,698,Standard Checking,12033.73,1,0,0,High,99.1,0,0
CUST-07118,Robert Smith,33,Female,30463,592,Standard Checking,4339.12,0,0,0,Low,16.3,0,1
CUST-07119,Elizabeth Martin,35,Male,104167,705,Money Market,96508.02,1,0,0,High,78.4,0,0
CUST-07120,Sandra Martinez,64,Female,69181,724,Standard Checking,161.42,0,0,0,Medium,39.5,0,0
CUST-07121,Robert Moore,73,Male,72892,798,Standard Checking,13392.11,0,1,0,None,0,0,0
CUST-07122,Christopher Anderson,45,Male,42342,700,Savings,3936.29,1,0,0,Medium,50.4,0,0
CUST-07123,Karen Davis,73,Male,42930,684,Standard Checking,8086.36,0,0,0,Medium,32,0,0
CUST-07124,Thomas Lopez,54,Male,61196,715,Money Market,114366.65,1,0,1,Medium,50.2,0,0
CUST-07125,Christopher Lopez,33,Male,12681,606,Savings,3636.69,0,0,0,High,86.8,0,0
CUST-07126,Betty Smith,82,Female,39040,850,Money Market,144732.75,1,0,0,Medium,62.8,0,0
CUST-07127,Betty Brown,77,Female,19727,817,Standard Checking,13010.32,1,0,1,Low,16.2,0,0
CUST-07128,Linda Smith,78,Female,54921,747,Standard Checking,5000.54,1,0,1,Medium,46.2,0,0
CUST-07129,Anthony Anderson,28,Male,27493,702,Standard Checking,14008.79,0,0,0,High,87.5,0,0
CUST-07130,Sarah Smith,83,Non-Binary,46144,583,Standard Checking,3557.37,1,0,0,Medium,35.8,0,1
CUST-07131,David Johnson,49,Male,31455,681,Standard Checking,1812.65,0,0,0,High,80.1,0,0
CUST-07132,James Lopez,36,Male,100082,714,Money Market,98255.96,1,0,0,Medium,59.3,0,0
CUST-07133,Jessica Martinez,73,Male,151835,608,Standard Checking,13394.2,1,0,1,None,0,0,1
CUST-07134,Sarah Anderson,22,Female,77532,641,Savings,2462.55,1,0,1,Medium,58.1,0,0
CUST-07135,Thomas Martinez,20,Male,79736,646,Savings,6267.05,0,0,0,High,95.7,0,0
CUST-07136,John Thomas,45,Female,47987,636,Standard Checking,9382.97,1,0,0,Medium,39.2,0,0
CUST-07137,Jennifer Williams,46,Male,35808,797,Standard Checking,12244.34,0,1,0,Medium,43.2,0,0
CUST-07138,William Hernandez,76,Female,18702,668,Premium Checking,36623.34,0,0,1,Medium,30.4,0,0
CUST-07139,Christopher Gonzalez,42,Female,53688,774,Savings,14878.27,0,0,1,Medium,45.4,0,0
CUST-07140,Sarah Brown,39,Female,42169,645,Savings,12686.8,0,0,0,High,75.8,0,0
CUST-07141,Nancy Davis,40,Female,54840,655,Premium Checking,15494.88,0,0,0,Medium,42,0,0
CUST-07142,Richard Martinez,57,Female,34358,683,Money Market,114171.75,1,1,0,None,0,0,0
CUST-07143,Mary Davis,31,Male,23255,694,Standard Checking,12821.12,1,0,0,Low,27.3,0,0
CUST-07144,Jennifer Thomas,46,Female,27462,606,Savings,14642.28,1,1,0,Low,24.5,0,0
CUST-07145,Sarah Taylor,33,Male,105433,704,Savings,939.83,1,1,1,Low,25.6,0,0
CUST-07146,Jennifer Gonzalez,27,Female,129013,602,Standard Checking,5130.9,0,1,0,Medium,48.2,0,0
CUST-07147,Daniel Wilson,64,Female,22340,809,Savings,9780.65,0,1,0,High,75,0,0
CUST-07148,Sandra Martinez,21,Male,35059,642,Premium Checking,36127.89,1,0,0,High,99.8,0,0
CUST-07149,Lisa Hernandez,29,Female,20471,740,Money Market,16339.72,1,0,0,High,89.1,0,0
CUST-07150,Richard Lopez,59,Male,50545,640,Standard Checking,13497.1,1,0,0,Medium,48.4,0,0
CUST-07151,William Brown,21,Male,51205,768,Premium Checking,61633.12,0,0,0,Low,8.8,0,0
CUST-07152,Michael Johnson,23,Female,46262,646,Savings,3873.7,0,0,0,Medium,60.5,0,0
CUST-07153,Michael Rodriguez,31,Male,38106,676,Savings,8595.69,1,0,0,Low,15.1,0,0
CUST-07154,Robert Anderson,52,Female,55413,663,Premium Checking,27416.73,1,0,0,High,83.3,0,0
CUST-07155,Sarah Brown,64,Male,67888,659,Premium Checking,62717.54,1,0,0,Low,16.9,0,0
CUST-07156,Charles Martin,75,Female,69348,577,Premium Checking,72205.99,1,1,1,Medium,44.1,0,0
CUST-07157,Betty Miller,82,Female,90219,629,Standard Checking,6747.08,0,0,0,Medium,44,0,0
CUST-07158,Betty Davis,36,Female,41169,704,Premium Checking,42011.19,0,0,0,Medium,40.6,0,0
CUST-07159,Thomas Gonzalez,74,Male,36583,718,Savings,2649.27,1,0,0,Medium,65.6,0,0
CUST-07160,Lisa Hernandez,82,Male,78936,600,Standard Checking,6573.07,1,0,0,Low,7.4,0,0
CUST-07161,Anthony Smith,30,Female,37010,634,Money Market,126186.15,1,0,1,High,79.8,0,0
CUST-07162,Mary Taylor,25,Female,44055,674,Standard Checking,10067.86,0,0,0,Medium,54.4,0,0
CUST-07163,Robert Garcia,35,Male,37279,685,Premium Checking,48992.46,1,0,0,Medium,51,1,0
CUST-07164,Betty Miller,52,Female,114581,706,Premium Checking,19711.93,1,0,1,Medium,61,0,0
CUST-07165,Margaret Anderson,43,Non-Binary,65672,752,Standard Checking,2427.99,1,0,0,High,98.6,0,0
CUST-07166,Charles Thomas,55,Female,27798,703,Standard Checking,7719.61,1,0,0,Medium,61.9,0,0
CUST-07167,Matthew Gonzalez,83,Female,48987,609,Savings,11985.51,0,0,0,High,91.8,0,0
CUST-07168,Robert Williams,43,Female,60031,728,Standard Checking,11251.75,1,0,0,Medium,64.1,0,0
CUST-07169,John Jackson,74,Male,27959,748,Standard Checking,14588.11,0,0,0,None,0,0,0
CUST-07170,Susan Thomas,42,Female,58521,569,Savings,7530.32,1,0,0,Medium,60.8,0,0
CUST-07171,Nancy Taylor,47,Female,45458,712,Money Market,99005.1,0,0,0,Medium,34.8,0,0
CUST-07172,Anthony Brown,24,Male,26566,772,Money Market,133811.95,1,1,1,Medium,53,0,0
CUST-07173,Richard Davis,44,Male,24997,634,Savings,11589.88,1,0,0,None,0,0,1
CUST-07174,Charles Jones,28,Male,97189,728,Standard Checking,7525.85,0,0,1,Low,24.1,0,0
CUST-07175,Mary Anderson,25,Female,32228,630,Standard Checking,7115.69,1,0,0,Medium,45,0,0
CUST-07176,Mary Hernandez,28,Female,81146,659,Savings,4517.17,1,0,0,Medium,66.2,0,0
CUST-07177,Richard Martinez,47,Female,68073,618,Money Market,140040.69,1,0,0,Medium,63.6,0,0
CUST-07178,John Jones,32,Female,35893,723,Savings,3152.22,1,0,0,High,97.5,0,0
CUST-07179,John Garcia,73,Male,62911,733,Money Market,94182.23,1,0,0,Low,12.2,0,0
CUST-07180,Richard Martinez,52,Female,57762,709,Savings,3607.54,0,0,0,High,96.9,0,0
CUST-07181,Charles Davis,56,Female,77136,721,Standard Checking,626.93,1,0,0,Medium,37.1,0,0
CUST-07182,Sarah Williams,41,Male,53497,730,Standard Checking,6367.65,1,0,0,High,72.4,0,0
CUST-07183,Lisa Taylor,25,Female,41524,775,Standard Checking,14529.62,1,0,0,None,0,0,0
CUST-07184,Linda Martinez,60,Male,95021,639,Premium Checking,69488.4,0,0,0,Medium,68.7,0,0
CUST-07185,Mary Lopez,59,Male,70649,502,Standard Checking,3910.95,1,1,1,Low,14,0,1
CUST-07186,Daniel Garcia,58,Male,35538,651,Premium Checking,70216,0,0,1,Low,11.4,0,0
CUST-07187,Mary Williams,64,Female,44881,651,Standard Checking,8010.98,1,0,0,Medium,43.5,0,0
CUST-07188,Thomas Miller,43,Female,93888,737,Savings,11359.54,0,0,0,Medium,31.2,0,0
CUST-07189,Mark Jones,69,Female,103709,522,Standard Checking,6240.68,1,0,0,Low,6.7,0,1
CUST-07190,Daniel Smith,39,Female,44841,698,Standard Checking,4965.45,1,1,0,Medium,32.6,0,0
CUST-07191,Linda Lopez,22,Male,62553,774,Premium Checking,58598.94,1,0,0,Low,22.2,0,0
CUST-07192,Susan Thomas,32,Male,58714,680,Standard Checking,13767.78,0,0,1,High,81.8,0,0
CUST-07193,Elizabeth Anderson,53,Male,28278,719,Standard Checking,14112.35,0,0,0,Medium,54.5,0,0
CUST-07194,Christopher Anderson,80,Male,63252,630,Savings,8716.92,1,0,0,Medium,49.1,0,0
CUST-07195,Elizabeth Miller,66,Female,16711,730,Savings,13217.31,1,0,0,Medium,65.8,0,0
CUST-07196,Betty Williams,72,Female,77254,673,Standard Checking,14816.08,1,0,0,High,73.1,0,0
CUST-07197,Mary Garcia,77,Male,63602,640,Standard Checking,8508.53,0,0,0,High,90.4,0,0
CUST-07198,Christopher Rodriguez,74,Male,10797,684,Premium Checking,18294.28,0,0,0,Low,27.1,0,0
CUST-07199,Elizabeth Brown,46,Female,30259,738,Standard Checking,5073.83,1,0,1,Medium,65.3,0,0
CUST-07200,Anthony Williams,36,Female,20319,672,Savings,9204.65,0,0,1,None,0,0,1
CUST-07201,William Taylor,27,Female,29358,668,Premium Checking,23916.13,1,0,0,High,88.2,0,0
CUST-07202,Susan Martinez,27,Male,52410,676,Standard Checking,7673.38,0,0,0,Low,19.6,0,0
CUST-07203,Richard Lopez,74,Female,117141,698,Money Market,88058.83,0,0,1,High,91.3,1,0
CUST-07204,Anthony Smith,71,Male,63478,694,Standard Checking,14904.84,0,0,0,High,85.3,0,0
CUST-07205,Margaret Jackson,73,Female,40540,693,Standard Checking,2919.96,1,0,1,High,82.1,0,0
CUST-07206,Charles Garcia,85,Male,70173,594,Standard Checking,13714.66,0,0,0,Low,8.9,0,0
CUST-07207,Richard Jackson,72,Male,66833,669,Standard Checking,13040.23,0,0,0,None,0,0,0
CUST-07208,Richard Brown,18,Female,101045,768,Savings,12165.36,1,0,1,High,94,0,0
CUST-07209,Lisa Johnson,29,Male,74517,720,Savings,14058.9,0,0,0,Medium,38.5,0,0
CUST-07210,Joseph Lopez,52,Female,49157,764,Standard Checking,12095.62,1,0,0,High,85.6,0,0
CUST-07211,Sandra Miller,50,Male,23083,708,Standard Checking,5320.36,1,0,0,Low,23.9,0,0
CUST-07212,Karen Moore,42,Male,96261,695,Premium Checking,23387.83,0,0,0,High,74.8,0,0
CUST-07213,Daniel Gonzalez,33,Female,46071,780,Standard Checking,7581.84,1,0,0,High,77.5,0,0
CUST-07214,Thomas Brown,25,Male,31435,649,Savings,131.55,1,1,0,High,73.6,0,0
CUST-07215,Matthew Wilson,52,Male,18176,645,Savings,14236.28,1,0,0,High,92.6,0,0
CUST-07216,Karen Gonzalez,63,Male,27590,801,Standard Checking,12849.65,1,1,0,Medium,59.8,0,0
CUST-07217,John Moore,28,Female,59945,743,Money Market,65602.14,0,0,0,High,96.4,0,0
CUST-07218,Susan Anderson,78,Female,40347,660,Standard Checking,5391.74,1,0,0,High,91.3,0,0
CUST-07219,John Smith,61,Female,80489,635,Savings,1766.55,0,0,0,Low,8.7,1,0
CUST-07220,Betty Taylor,28,Female,110168,607,Standard Checking,10681.21,0,0,0,Medium,36.9,0,0
CUST-07221,John Wilson,28,Female,16857,657,Money Market,13177.26,1,1,0,Low,6.5,0,0
CUST-07222,John Gonzalez,39,Female,29469,744,Savings,12357.86,1,0,0,High,89.1,0,0
CUST-07223,Joseph Moore,79,Female,52540,527,Standard Checking,7666.2,1,1,0,Medium,39.4,0,1
CUST-07224,Susan Williams,65,Male,102760,756,Standard Checking,2313.04,1,0,0,Medium,33.7,0,0
CUST-07225,Charles Davis,80,Female,32244,729,Savings,12275.39,0,0,1,Medium,47.6,0,0
CUST-07226,Patricia Brown,68,Female,54870,607,Savings,10549.34,1,0,0,None,0,0,1
CUST-07227,Charles Hernandez,62,Female,28419,684,Savings,14371.32,0,0,0,High,88.8,0,0
CUST-07228,James Davis,50,Male,47002,644,Standard Checking,1392.13,1,0,1,None,0,0,1
CUST-07229,Joseph Smith,77,Female,52519,616,Standard Checking,8822.27,0,1,0,High,71.6,0,0
CUST-07230,Michael Martin,19,Female,41668,700,Standard Checking,9565.36,0,0,0,High,84.2,0,0
CUST-07231,Karen Hernandez,30,Male,111175,717,Standard Checking,14998.47,1,0,0,Medium,36,0,0
CUST-07232,Anthony Wilson,83,Non-Binary,88887,733,Savings,12495.21,1,0,1,Low,16,0,0
CUST-07233,Nancy Thomas,74,Female,41790,554,Standard Checking,4722.78,1,0,0,Medium,66.2,0,1
CUST-07234,Susan Lopez,60,Male,43028,648,Savings,7118.26,0,0,0,Medium,35.2,0,0
CUST-07235,Thomas Wilson,62,Female,73025,723,Savings,5394.7,0,0,0,Medium,58.6,0,0
CUST-07236,Elizabeth Wilson,48,Female,50201,747,Premium Checking,27661.5,1,0,0,Medium,40.1,0,0
CUST-07237,Sarah Rodriguez,27,Female,49331,697,Standard Checking,7885.65,0,0,1,Low,15.4,0,0
CUST-07238,Thomas Garcia,40,Female,34769,755,Premium Checking,39440.17,0,0,1,Medium,45.9,0,0
CUST-07239,Linda Gonzalez,46,Male,66131,693,Premium Checking,20327.66,0,1,0,Medium,60.1,0,0
CUST-07240,Sarah Jones,48,Male,35599,716,Standard Checking,2737.34,1,0,0,High,79.1,0,0
CUST-07241,Jennifer Jackson,35,Male,35594,621,Money Market,131875.39,1,0,1,Medium,35.7,0,0
CUST-07242,Patricia Miller,28,Male,56645,730,Money Market,31997.88,0,0,0,High,85.4,0,0
CUST-07243,Patricia Hernandez,64,Female,52588,588,Standard Checking,9445.73,1,0,0,Low,28.3,0,0
CUST-07244,Barbara Wilson,20,Male,49856,608,Standard Checking,872.57,1,0,0,Low,10.7,0,1
CUST-07245,Richard Martinez,19,Male,19783,626,Standard Checking,554.71,1,0,1,High,80,0,1
CUST-07246,Sarah Thomas,71,Female,55216,797,Money Market,129427.39,1,0,0,Medium,34.2,0,0
CUST-07247,Robert Davis,48,Male,17968,654,Premium Checking,57989.66,0,1,1,Medium,54.1,0,0
CUST-07248,Susan Jones,25,Male,81728,711,Money Market,64335.51,1,0,0,None,0,0,0
CUST-07249,Betty Davis,60,Female,37168,719,Standard Checking,11313.99,1,0,1,Medium,59.5,0,0
CUST-07250,Matthew Garcia,65,Male,53076,717,Savings,11386.03,1,1,0,Low,20.2,0,0
CUST-07251,Jessica Brown,19,Female,36662,609,Savings,2811.22,0,0,1,Medium,35.5,0,1
CUST-07252,Barbara Hernandez,39,Female,57176,705,Savings,12774.09,0,1,0,High,70.8,0,0
CUST-07253,John Lopez,22,Female,26835,612,Standard Checking,2674.81,0,0,1,High,96.7,0,0
CUST-07254,Sandra Jones,24,Male,123687,564,Money Market,49018.7,1,1,0,Medium,30.3,0,0
CUST-07255,Jennifer Jackson,37,Male,34775,798,Standard Checking,9056.1,1,0,0,Medium,38.2,0,0
CUST-07256,Sarah Thomas,19,Female,75964,662,Savings,12854.44,1,0,0,Low,19.3,0,0
CUST-07257,Daniel Hernandez,49,Male,28075,666,Savings,11313.33,1,0,0,High,70.7,0,0
CUST-07258,Robert Rodriguez,20,Male,40283,754,Savings,54.95,0,1,0,High,74.3,0,0
CUST-07259,John Davis,58,Male,33691,738,Savings,958.09,0,0,1,None,0,0,1
CUST-07260,Jennifer Brown,59,Female,36366,639,Money Market,131536.88,0,0,0,Medium,42.1,0,0
CUST-07261,Barbara Lopez,62,Female,60569,705,Standard Checking,12511.31,1,0,0,Low,15.2,0,0
CUST-07262,Matthew Thomas,34,Female,61926,721,Premium Checking,51569.23,1,1,0,None,0,0,0
CUST-07263,Elizabeth Wilson,64,Female,60102,593,Money Market,29976.22,1,0,0,Medium,59.4,0,0
CUST-07264,Richard Rodriguez,41,Male,31693,633,Savings,5857.89,1,0,0,High,84.2,0,0
CUST-07265,Michael Lopez,51,Female,52303,663,Money Market,132960.42,0,0,0,High,95.1,0,0
CUST-07266,Robert Moore,67,Female,32105,688,Premium Checking,27043.02,0,0,0,Medium,66.5,0,0
CUST-07267,Patricia Johnson,59,Female,102045,778,Savings,4096.89,1,0,0,Low,11.3,0,0
CUST-07268,John Lopez,50,Female,30860,638,Standard Checking,12735.92,1,0,1,None,0,0,1
CUST-07269,John Brown,44,Non-Binary,38715,789,Premium Checking,64117.04,1,0,0,High,91.6,0,0
CUST-07270,Jennifer Lopez,76,Female,50464,719,Standard Checking,2044.77,1,0,0,High,92.9,0,0
CUST-07271,Charles Martinez,36,Female,29416,574,Savings,5028.27,1,0,0,Medium,44.1,0,1
CUST-07272,Sandra Smith,20,Female,67293,709,Money Market,39560.13,1,0,1,Medium,68.8,0,0
CUST-07273,Thomas Thomas,42,Female,85565,788,Standard Checking,6040.3,1,0,0,Medium,58.5,0,0
CUST-07274,William Rodriguez,32,Female,31520,673,Premium Checking,23658.77,0,0,1,None,0,0,0
CUST-07275,Anthony Rodriguez,77,Female,34914,635,Savings,3121.85,1,0,0,Low,9.9,0,0
CUST-07276,Barbara Rodriguez,40,Female,89054,647,Savings,1176.69,0,0,0,Medium,47.3,0,0
CUST-07277,Joseph Johnson,28,Female,52699,721,Standard Checking,3548.63,1,0,0,Medium,30.5,0,0
CUST-07278,David Hernandez,76,Male,43905,590,Standard Checking,12306.33,1,0,1,Low,17.3,0,0
CUST-07279,Linda Garcia,51,Male,33487,810,Savings,10335.95,1,1,0,Medium,48.9,0,0
CUST-07280,Christopher Martin,24,Male,40759,765,Standard Checking,1278.31,0,0,0,High,92,0,0
CUST-07281,Michael Williams,61,Male,45559,736,Standard Checking,3260.36,1,0,0,High,80,0,0
CUST-07282,Linda Moore,81,Male,67491,606,Money Market,43795.05,0,0,0,High,95,0,0
CUST-07283,Thomas Hernandez,40,Female,48953,790,Premium Checking,33115.19,0,0,0,Medium,61.1,0,0
CUST-07284,Mary Jackson,75,Male,31098,777,Savings,9916.09,0,0,0,Medium,62.7,0,0
CUST-07285,Michael Moore,37,Female,37744,790,Savings,2517.89,1,1,0,Medium,55.2,0,0
CUST-07286,Linda Wilson,44,Male,28028,711,Money Market,16439.52,1,0,1,None,0,0,0
CUST-07287,Michael Brown,77,Female,45879,691,Standard Checking,7710.19,0,0,1,Low,23.2,0,0
CUST-07288,Thomas Jones,25,Male,151311,709,Standard Checking,4938.75,1,0,0,Medium,59.4,1,0
CUST-07289,Barbara Rodriguez,84,Female,169146,724,Standard Checking,3368.96,1,0,0,High,96,0,0
CUST-07290,Betty Martin,19,Female,57735,781,Savings,2652.69,0,0,0,High,77.8,0,0
CUST-07291,Richard Moore,39,Female,21452,596,Standard Checking,3954.64,0,0,0,Low,27.3,0,1
CUST-07292,Karen Rodriguez,53,Female,77888,707,Premium Checking,30298.03,0,0,0,High,71.5,0,0
CUST-07293,Patricia Davis,41,Male,68434,727,Savings,4715.47,1,0,0,Low,27.2,0,0
CUST-07294,James Taylor,29,Male,187873,764,Standard Checking,5779.37,1,1,1,Medium,69.8,0,0
CUST-07295,Matthew Rodriguez,39,Male,50883,670,Standard Checking,3424.66,1,1,0,Medium,34.9,0,0
CUST-07296,Karen Gonzalez,40,Male,39633,697,Savings,9696.67,1,0,0,High,85.3,0,0
CUST-07297,Mary Gonzalez,80,Female,29755,683,Standard Checking,12889.33,1,0,0,Medium,32.7,0,0
CUST-07298,William Martin,47,Female,73955,712,Savings,11095.56,1,0,0,Low,18.4,0,0
CUST-07299,Jennifer Smith,36,Female,44625,652,Savings,3018.53,1,0,1,Medium,46.8,0,0
CUST-07300,Margaret Jones,43,Female,43128,737,Standard Checking,2003.5,1,0,0,High,81.3,0,0
CUST-07301,John Brown,28,Male,38114,719,Standard Checking,13869.42,1,0,0,Medium,68.8,0,0
CUST-07302,James Wilson,37,Male,147272,590,Standard Checking,6843.44,1,1,0,Medium,60.1,0,0
CUST-07303,William Brown,73,Female,39889,610,Premium Checking,37151.22,1,0,0,Medium,44.8,0,0
CUST-07304,Sarah Wilson,62,Male,69579,679,Standard Checking,9793.14,0,0,0,Medium,39,0,0
CUST-07305,Matthew Brown,85,Female,61766,850,Premium Checking,20580.22,1,0,0,Low,28.6,0,0
CUST-07306,Matthew Martinez,64,Female,16130,672,Standard Checking,2963.07,1,0,0,High,73.5,0,0
CUST-07307,John Miller,75,Female,148245,620,Standard Checking,11906.66,1,0,0,High,90.7,0,0
CUST-07308,Elizabeth Gonzalez,27,Female,19411,642,Money Market,135430.19,1,0,0,None,0,0,0
CUST-07309,Patricia Moore,39,Female,31240,727,Standard Checking,5576.93,1,0,1,Medium,38.4,0,0
CUST-07310,David Brown,41,Female,38025,803,Money Market,66246.31,0,0,0,High,81.7,0,0
CUST-07311,Lisa Wilson,83,Female,34111,646,Savings,4190.24,1,0,1,None,0,0,1
CUST-07312,Sarah Davis,78,Female,43716,704,Standard Checking,4081.81,1,0,0,None,0,0,1
CUST-07313,Anthony Martinez,24,Male,33322,653,Savings,1222.95,1,0,0,Low,28.6,0,0
CUST-07314,Robert Miller,55,Female,96598,735,Standard Checking,5974.77,1,1,0,Medium,47.7,0,0
CUST-07315,Barbara Williams,38,Male,65870,653,Standard Checking,9171.47,1,0,0,Medium,51.6,0,0
CUST-07316,Betty Brown,25,Female,35941,745,Premium Checking,59019.24,0,0,0,Low,27.1,0,0
CUST-07317,Elizabeth Brown,45,Male,32262,506,Premium Checking,37429.46,0,0,0,High,89.6,0,0
CUST-07318,Joseph Martinez,71,Male,36957,734,Savings,14630.59,1,0,0,Medium,58.1,0,0
CUST-07319,Christopher Thomas,48,Male,31175,671,Money Market,55115.12,1,0,0,Medium,32.4,0,0
CUST-07320,Joseph Jackson,58,Male,26917,725,Money Market,38517.9,1,0,1,Medium,49.1,0,0
CUST-07321,Mark Martin,54,Male,78253,681,Standard Checking,4561.34,0,0,0,High,99,0,0
CUST-07322,Charles Moore,55,Male,40332,598,Savings,5933.51,0,0,0,High,71.5,0,0
CUST-07323,Betty Lopez,68,Female,59727,694,Premium Checking,29782.87,1,0,0,High,75,0,0
CUST-07324,Matthew Thomas,54,Female,50641,737,Standard Checking,6788.54,1,0,0,High,87.9,0,0
CUST-07325,James Thomas,48,Female,101193,698,Money Market,55525.15,0,0,0,Medium,60.4,0,0
CUST-07326,Mary Anderson,79,Female,76700,579,Premium Checking,26162.66,1,0,0,Medium,39.2,0,0
CUST-07327,Michael Smith,35,Female,58739,695,Savings,1202.56,1,1,0,None,0,0,1
CUST-07328,Robert Martinez,23,Female,154457,716,Premium Checking,50823.27,1,0,0,High,85.5,0,0
CUST-07329,Nancy Brown,26,Female,34455,651,Standard Checking,14827.98,1,0,0,Medium,67.3,0,0
CUST-07330,Susan Gonzalez,28,Female,44629,470,Standard Checking,6903.86,1,0,0,High,78.3,0,1
CUST-07331,James Thomas,19,Female,67952,645,Savings,5584.71,1,0,0,High,91.4,0,0
CUST-07332,Daniel Rodriguez,46,Male,74769,591,Savings,11430.03,1,0,0,High,92.3,0,0
CUST-07333,Nancy Thomas,68,Male,31591,673,Standard Checking,13358.15,1,0,0,Medium,50.8,0,0
CUST-07334,Charles Anderson,40,Female,48196,592,Standard Checking,9952.98,1,0,0,None,0,0,1
CUST-07335,Betty Wilson,24,Male,49568,589,Money Market,38752.97,1,0,0,Medium,54.4,0,0
CUST-07336,Karen Martinez,73,Male,157202,734,Premium Checking,40138,0,0,0,High,98.2,0,0
CUST-07337,Christopher Lopez,79,Male,68266,691,Standard Checking,6306.78,0,0,0,Low,17.5,0,0
CUST-07338,Margaret Smith,32,Female,84151,714,Standard Checking,1594.43,0,0,0,High,72.4,0,0
CUST-07339,Christopher Taylor,70,Female,40366,640,Standard Checking,8081.73,0,0,0,High,87.7,0,0
CUST-07340,William Jackson,60,Male,33683,646,Savings,2821.96,0,0,0,High,77.6,0,0
CUST-07341,Matthew Moore,52,Male,39660,635,Savings,10037.88,1,0,0,High,79.3,0,0
CUST-07342,Margaret Miller,31,Male,64468,644,Savings,11385.27,1,0,0,Medium,34.7,0,0
CUST-07343,William Lopez,66,Female,102498,647,Premium Checking,37026.46,0,1,1,High,72.9,0,0
CUST-07344,Michael Wilson,35,Male,24071,610,Standard Checking,4213.41,1,0,0,High,70.6,0,0
CUST-07345,Joseph Anderson,68,Male,131985,630,Money Market,15153.76,0,0,0,Medium,37,0,0
CUST-07346,Jennifer Wilson,18,Male,76356,693,Savings,3068.29,1,0,0,High,80.8,0,0
CUST-07347,Mary Davis,44,Male,80863,609,Money Market,82520.4,1,0,1,High,88.5,0,0
CUST-07348,Richard Garcia,81,Male,78204,702,Standard Checking,2095.82,1,0,0,High,77.7,0,0
CUST-07349,Robert Jones,77,Female,40011,570,Money Market,125768.46,1,0,0,Medium,45.6,0,0
CUST-07350,Matthew Smith,58,Male,45986,701,Standard Checking,8191.51,1,0,0,High,87,0,0
CUST-07351,William Garcia,38,Female,68887,674,Standard Checking,1690.27,1,0,0,Medium,57.5,0,0
CUST-07352,Karen Miller,31,Male,43263,702,Standard Checking,8884,1,0,0,Medium,33.9,0,0
CUST-07353,William Jones,37,Male,55107,702,Standard Checking,12881.48,1,0,0,Medium,41,0,0
CUST-07354,Susan Jones,28,Male,35176,608,Premium Checking,62567.21,1,0,0,Low,17.4,0,0
CUST-07355,Linda Miller,83,Female,72143,683,Standard Checking,12465.98,1,0,1,High,71.6,0,0
CUST-07356,Richard Gonzalez,41,Female,45687,600,Standard Checking,14042.94,0,0,0,Low,25.7,0,0
CUST-07357,Linda Hernandez,54,Female,40038,651,Savings,4035.56,1,1,0,Low,28.6,0,0
CUST-07358,Margaret Moore,41,Male,32441,745,Premium Checking,74809.11,1,0,0,Medium,35.8,0,0
CUST-07359,Matthew Jackson,32,Male,35153,611,Standard Checking,13374.81,1,1,0,High,99.7,0,0
CUST-07360,Jennifer Johnson,29,Male,25332,676,Standard Checking,9165.61,1,0,0,Medium,69.1,0,0
CUST-07361,Margaret Gonzalez,81,Male,60570,623,Standard Checking,6562.94,1,1,0,High,92.2,0,0
CUST-07362,Daniel Hernandez,48,Male,36349,701,Money Market,24612.8,1,0,0,High,87.2,0,0
CUST-07363,James Johnson,70,Male,47992,744,Premium Checking,13496.48,1,0,0,High,78.9,0,0
CUST-07364,Sandra Taylor,61,Male,90000,647,Standard Checking,4155.98,0,0,0,Medium,30.9,0,0
CUST-07365,Linda Johnson,47,Female,46169,695,Standard Checking,2187.7,1,0,1,Low,5.9,0,0
CUST-07366,Jennifer Jones,52,Female,45303,664,Standard Checking,2884.84,0,0,0,Medium,47.9,0,0
CUST-07367,Jessica Davis,38,Male,47793,611,Savings,10923.07,0,0,0,Medium,67,0,0
CUST-07368,Charles Thomas,80,Male,56745,704,Money Market,26049.53,1,0,0,Medium,57.3,0,0
CUST-07369,Richard Martin,34,Female,38798,714,Standard Checking,4885.49,1,0,1,None,0,0,1
CUST-07370,Michael Thomas,29,Male,75058,610,Standard Checking,12514.53,1,0,0,Medium,64.2,0,0
CUST-07371,Daniel Thomas,35,Female,52314,740,Standard Checking,13283.09,0,0,1,High,96,0,0
CUST-07372,Mark Lopez,77,Female,37367,768,Savings,14521.34,1,1,1,Medium,62.6,0,0
CUST-07373,Susan Moore,84,Female,41294,617,Savings,9144.33,0,0,0,None,0,0,1
CUST-07374,Anthony Moore,32,Male,86811,776,Premium Checking,30449.22,0,0,0,High,94,0,0
CUST-07375,Jessica Martin,33,Female,35287,680,Money Market,148044.96,1,0,0,Medium,61.9,0,0
CUST-07376,Jessica Gonzalez,39,Female,60475,675,Standard Checking,2876.62,1,0,0,Low,24.8,0,0
CUST-07377,Betty Rodriguez,80,Male,62254,796,Premium Checking,40233.91,1,0,0,Medium,31.6,0,0
CUST-07378,Betty Rodriguez,48,Female,28637,738,Money Market,81076.63,1,0,0,Medium,34.3,0,0
CUST-07379,Richard Brown,18,Male,23781,636,Savings,195.76,0,0,0,High,98,0,1
CUST-07380,William Anderson,23,Female,41712,644,Premium Checking,53874.17,0,0,0,High,87.6,0,0
CUST-07381,Susan Jackson,26,Male,73331,702,Standard Checking,922.05,1,0,0,Medium,55.3,0,0
CUST-07382,Barbara Garcia,69,Male,23497,702,Money Market,28118.13,0,0,0,Low,13.7,0,0
CUST-07383,John Martin,79,Female,31690,677,Premium Checking,20995.11,0,0,0,Low,20.1,0,0
CUST-07384,Jessica Martin,75,Male,68614,630,Standard Checking,1672.89,1,0,0,Medium,46.2,0,0
CUST-07385,Lisa Taylor,36,Male,28729,641,Premium Checking,48840.68,1,0,0,Low,23.4,0,0
CUST-07386,Jessica Garcia,30,Male,81753,678,Standard Checking,5364.99,0,0,0,High,90.1,0,0
CUST-07387,Linda Jackson,49,Male,184511,569,Premium Checking,11595.72,0,1,0,Low,27.8,0,0
CUST-07388,Sandra Johnson,26,Female,32606,714,Standard Checking,12111.45,1,0,1,Low,9.8,0,0
CUST-07389,Susan Lopez,66,Male,102363,698,Premium Checking,52497.27,0,0,0,Low,12.2,0,0
CUST-07390,Thomas Anderson,54,Male,57754,614,Premium Checking,53789.82,0,1,0,None,0,0,0
CUST-07391,Sarah Thomas,48,Male,32992,713,Savings,220.25,1,0,0,None,0,0,1
CUST-07392,Richard Taylor,48,Male,108696,560,Standard Checking,9273.73,1,1,0,High,97.6,0,0
CUST-07393,Linda Smith,76,Female,60077,705,Premium Checking,32380.28,1,0,0,Medium,62.3,0,0
CUST-07394,Mark Williams,72,Male,88881,742,Premium Checking,19366.43,1,1,0,High,76,0,0
CUST-07395,Jessica Johnson,36,Female,158393,707,Standard Checking,134.81,0,0,1,None,0,1,1
CUST-07396,Joseph Smith,80,Male,46454,722,Standard Checking,12997.16,1,1,0,Medium,42.3,0,0
CUST-07397,William Thomas,19,Male,64622,726,Savings,4199.36,1,1,0,Medium,42,0,0
CUST-07398,Patricia Lopez,62,Female,28065,707,Standard Checking,7912.9,1,0,0,Medium,43.9,0,0
CUST-07399,James Smith,60,Male,38848,676,Standard Checking,9901.55,1,0,0,High,74.1,0,0
CUST-07400,Michael Moore,18,Male,47064,657,Premium Checking,19549.6,1,1,0,Medium,30.3,0,0
CUST-07401,Daniel Anderson,78,Male,54491,760,Standard Checking,8411.28,0,0,1,Medium,51.8,0,0
CUST-07402,Betty Gonzalez,20,Male,16908,722,Savings,3049.19,1,1,0,Medium,61.9,0,0
CUST-07403,Jessica Miller,61,Female,106333,762,Premium Checking,53343.96,1,1,0,Low,18.3,0,0
CUST-07404,Jessica Gonzalez,24,Female,67309,749,Savings,8554.55,1,0,0,None,0,0,0
CUST-07405,Susan Taylor,50,Male,63471,598,Savings,4864.69,0,0,1,High,73.4,0,0
CUST-07406,Barbara Martin,26,Female,136535,633,Savings,10400.35,1,1,0,Medium,32.1,0,0
CUST-07407,Richard Martin,47,Non-Binary,110254,551,Savings,2309.35,1,1,0,High,77,0,1
CUST-07408,Joseph Brown,35,Female,45447,570,Money Market,112511.82,1,0,0,Low,27.3,0,0
CUST-07409,Nancy Johnson,73,Male,36870,553,Standard Checking,3012.21,0,0,0,High,91.4,0,1
CUST-07410,Margaret Moore,48,Male,66935,521,Premium Checking,62935.39,1,0,1,High,74.9,0,0
CUST-07411,Mary Anderson,80,Female,106487,663,Standard Checking,8332.7,1,0,1,Medium,55.2,0,0
CUST-07412,Sandra Jackson,67,Male,45509,762,Money Market,81680.57,1,0,1,High,87.9,0,0
CUST-07413,Joseph Martin,18,Male,76470,704,Premium Checking,17096.37,0,1,0,Medium,36.6,0,0
CUST-07414,Elizabeth Martin,36,Male,115056,728,Savings,4578.92,1,0,1,High,73.3,0,0
CUST-07415,David Martinez,81,Male,80347,683,Premium Checking,74787.54,1,1,1,Medium,69.5,0,0
CUST-07416,Mark Jones,70,Female,22082,690,Premium Checking,46264.08,1,0,1,Medium,43.4,0,0
CUST-07417,William Martin,23,Female,26973,734,Premium Checking,55697.49,0,0,0,Low,9.6,0,0
CUST-07418,Charles Gonzalez,34,Male,132126,668,Savings,6323.93,1,0,0,Medium,34.1,0,0
CUST-07419,Sarah Taylor,63,Male,51787,688,Savings,10826.98,0,0,0,High,89.8,0,0
CUST-07420,Anthony Garcia,72,Female,57817,651,Savings,4412.81,1,0,0,None,0,0,1
CUST-07421,Elizabeth Johnson,23,Female,65123,594,Standard Checking,10666.64,1,0,1,Medium,48.5,0,0
CUST-07422,Lisa Garcia,85,Female,100305,671,Standard Checking,9147.95,0,1,0,High,81.1,0,0
CUST-07423,Margaret Gonzalez,57,Non-Binary,33142,597,Standard Checking,4303.63,1,0,0,Low,8.6,0,0
CUST-07424,Sarah Miller,83,Female,39879,741,Standard Checking,14637.66,1,1,0,High,89.7,0,0
CUST-07425,Mary Wilson,26,Female,29652,714,Standard Checking,4045.72,0,0,0,Medium,45.3,0,0
CUST-07426,Robert Moore,28,Male,17465,784,Standard Checking,7973.27,1,1,0,Low,22.4,0,0
CUST-07427,David Martinez,37,Female,60175,625,Premium Checking,72792.79,1,0,0,Low,15.4,0,0
CUST-07428,David Johnson,60,Female,31795,583,Standard Checking,3297.03,1,0,0,Medium,67.9,0,1
CUST-07429,Joseph Miller,75,Female,79322,573,Premium Checking,64374.04,1,0,0,Medium,54.2,0,0
CUST-07430,William Jones,43,Male,36194,790,Money Market,141949.7,0,0,0,Low,25.6,0,0
CUST-07431,Michael Martin,55,Male,25000,652,Premium Checking,30154.26,0,0,1,High,84.1,0,0
CUST-07432,Mary Williams,53,Male,83043,575,Money Market,88837.29,1,0,0,None,0,1,0
CUST-07433,Mary Jackson,72,Female,63668,712,Savings,1653.28,1,0,0,High,97.8,0,0
CUST-07434,Patricia Martin,23,Non-Binary,45126,656,Savings,1273.49,1,0,0,Medium,46.9,0,0
CUST-07435,Michael Miller,20,Male,46410,613,Savings,9878.78,1,0,0,High,97.9,0,0
CUST-07436,Thomas Jackson,82,Female,66196,784,Savings,14013.91,1,0,1,Low,11.8,0,0
CUST-07437,Nancy Thomas,81,Male,114784,670,Standard Checking,13873.29,1,0,0,Low,11.3,0,0
CUST-07438,John Anderson,75,Female,59925,719,Standard Checking,12137.18,1,1,0,High,91.2,1,0
CUST-07439,Susan Anderson,75,Female,62001,710,Money Market,18133.19,0,0,0,None,0,0,0
CUST-07440,Susan Miller,35,Male,39006,850,Standard Checking,8591.4,1,0,0,Medium,68.2,0,0
CUST-07441,Matthew Williams,40,Male,43559,665,Premium Checking,40698.46,1,0,0,Low,27.5,0,0
CUST-07442,Sandra Taylor,46,Male,9345,610,Savings,12507.55,0,0,1,Medium,52.4,0,0
CUST-07443,Elizabeth Anderson,40,Non-Binary,30589,632,Standard Checking,1345.38,1,1,0,None,0,0,1
CUST-07444,Mark Garcia,53,Male,28780,749,Standard Checking,82.27,1,0,1,High,94.2,0,0
CUST-07445,Margaret Taylor,23,Female,28396,697,Savings,5797.76,1,0,0,High,89.8,0,0
CUST-07446,Thomas Wilson,51,Male,40499,647,Standard Checking,452.87,1,0,1,Medium,52.7,0,0
CUST-07447,Lisa Moore,61,Female,42707,704,Standard Checking,11432.09,1,0,0,Medium,54.7,1,0
CUST-07448,Matthew Jones,61,Male,28780,772,Premium Checking,51093.46,0,0,1,Low,29,0,0
CUST-07449,Mark Davis,44,Male,91974,796,Standard Checking,9950.97,1,0,0,Medium,50.8,0,0
CUST-07450,Michael Brown,69,Male,66137,705,Savings,13861.33,1,0,1,Low,26.7,0,0
CUST-07451,Sarah Jones,59,Male,54347,759,Standard Checking,14779.1,1,0,0,Medium,54.7,0,0
CUST-07452,Jessica Wilson,42,Male,67695,580,Money Market,18767.47,0,1,0,Low,16.3,0,0
CUST-07453,Anthony Jackson,56,Female,20751,723,Savings,2136.83,1,1,0,Low,10.1,0,0
CUST-07454,Susan Rodriguez,56,Male,20460,667,Premium Checking,64587.03,1,1,0,High,96.5,1,0
CUST-07455,Jennifer Taylor,29,Female,90138,599,Savings,13071.52,1,0,0,Medium,65.8,0,0
CUST-07456,Charles Lopez,28,Male,161282,614,Money Market,77228.5,0,1,0,High,94.9,1,0
CUST-07457,Patricia Thomas,20,Male,50375,622,Standard Checking,554.15,1,0,0,Medium,60.5,0,1
CUST-07458,Matthew Hernandez,39,Male,151028,700,Standard Checking,8975.94,0,0,1,Medium,65.3,0,0
CUST-07459,Nancy Brown,21,Female,49049,602,Premium Checking,25659.8,1,0,0,Low,27.7,0,0
CUST-07460,Thomas Davis,25,Male,34395,729,Premium Checking,69338.92,0,1,0,Medium,57.1,0,0
CUST-07461,Susan Johnson,31,Male,80027,747,Premium Checking,20157.82,1,0,0,None,0,0,0
CUST-07462,David Hernandez,31,Female,16724,671,Premium Checking,15106.26,0,1,1,Medium,57.7,0,0
CUST-07463,Lisa Garcia,33,Male,36545,665,Savings,11856.09,0,0,1,Medium,63.3,0,0
CUST-07464,Christopher Wilson,49,Female,32409,690,Premium Checking,69935.96,0,0,0,Medium,67.2,0,0
CUST-07465,Sandra Martinez,81,Male,26906,645,Standard Checking,1120,0,0,0,Medium,54.4,0,0
CUST-07466,Betty Davis,33,Male,38207,782,Savings,11751.75,0,0,0,Medium,61,0,0
CUST-07467,Michael Davis,69,Female,56682,533,Savings,11944.46,0,1,0,High,91.1,0,0
CUST-07468,Margaret Davis,36,Male,94441,652,Standard Checking,3964.43,1,0,0,High,91.9,0,0
CUST-07469,Daniel Johnson,29,Male,82517,570,Standard Checking,4550.67,1,0,0,Medium,61.9,0,1
CUST-07470,Anthony Thomas,22,Female,22095,720,Standard Checking,13812.88,1,1,0,Low,10.2,0,0
CUST-07471,William Gonzalez,59,Male,154036,694,Standard Checking,9432.91,1,0,0,Low,17.2,0,0
CUST-07472,Daniel Lopez,34,Female,91415,732,Savings,505.47,1,0,0,Medium,41.7,0,0
CUST-07473,Anthony Taylor,27,Female,50023,691,Standard Checking,12280.47,0,0,1,High,79.6,0,0
CUST-07474,Anthony Johnson,33,Female,96059,707,Savings,14563.73,1,0,0,None,0,0,0
CUST-07475,Richard Smith,33,Male,30925,618,Savings,6189.95,0,0,0,Medium,41.7,0,0
CUST-07476,Betty Jackson,59,Female,74779,690,Savings,11294.84,1,0,0,High,75.5,0,0
CUST-07477,David Jones,20,Male,18633,625,Premium Checking,69721.15,1,0,1,Medium,49.6,0,0
CUST-07478,James Martin,40,Male,42040,722,Savings,6056.29,0,0,0,Low,26.3,0,0
CUST-07479,Sandra Gonzalez,45,Female,96965,613,Premium Checking,22488.35,1,0,0,High,95.8,0,0
CUST-07480,Linda Garcia,62,Male,38983,643,Standard Checking,9331.88,1,1,0,Medium,36.3,0,0
CUST-07481,Mark Taylor,85,Male,39848,674,Savings,2652.85,1,1,0,Medium,59.9,0,0
CUST-07482,Barbara Smith,41,Male,36241,787,Premium Checking,63395.79,1,0,0,High,80.5,0,0
CUST-07483,John Wilson,36,Non-Binary,44417,682,Premium Checking,31549.74,0,0,0,Medium,53.6,0,0
CUST-07484,Betty Davis,57,Male,29558,821,Premium Checking,68117.54,1,0,0,Medium,40.5,0,0
CUST-07485,David Wilson,63,Male,108118,776,Savings,3047.56,1,0,0,Low,20.6,1,0
CUST-07486,Linda Williams,57,Female,26915,658,Premium Checking,60491.23,0,1,0,High,76,0,0
CUST-07487,Michael Jackson,79,Female,57639,708,Premium Checking,16983.99,1,0,0,High,86.3,0,0
CUST-07488,Patricia Thomas,35,Male,74816,718,Standard Checking,12916.76,1,0,0,Medium,34.1,0,0
CUST-07489,Richard Martin,29,Female,33931,473,Money Market,21865.24,0,0,0,Medium,66.5,0,0
CUST-07490,Charles Jones,31,Male,23668,559,Savings,3704.8,1,0,0,Low,5.9,0,1
CUST-07491,Daniel Jones,78,Male,36716,711,Premium Checking,6592.06,0,1,0,High,80.9,0,0
CUST-07492,Karen Brown,29,Male,40219,715,Savings,5185.02,1,0,0,High,97.6,0,0
CUST-07493,Mary Gonzalez,44,Female,77608,690,Premium Checking,65767.26,1,0,0,Medium,58.8,0,0
CUST-07494,Sandra Thomas,23,Male,45527,602,Standard Checking,3945.58,0,0,0,None,0,0,1
CUST-07495,Nancy Johnson,50,Female,49082,848,Standard Checking,5009.82,1,0,1,Medium,37.8,0,0
CUST-07496,Charles Taylor,67,Female,24278,719,Savings,187.84,1,0,0,Medium,55.9,0,0
CUST-07497,Robert Moore,29,Male,44493,751,Savings,13841.23,1,0,1,High,81.7,0,0
CUST-07498,Margaret Moore,74,Non-Binary,100532,745,Standard Checking,9226.46,1,0,0,High,95.8,1,0
CUST-07499,Linda Anderson,70,Male,84805,690,Standard Checking,4716.98,0,1,0,Low,6.3,0,0
CUST-07500,Richard Gonzalez,30,Male,38120,685,Savings,2202.4,1,0,1,High,71.5,0,0
CUST-07501,Jessica Martin,20,Female,74241,743,Savings,9703.43,1,0,0,High,94.7,0,0
CUST-07502,Richard Martin,81,Female,45704,643,Standard Checking,1484.23,0,0,0,Medium,31,0,0
CUST-07503,Mary Williams,75,Female,63076,748,Standard Checking,2220.6,1,0,0,Low,8.7,0,0
CUST-07504,Joseph Jackson,21,Male,42307,692,Standard Checking,7616.59,1,0,0,Medium,50.8,0,0
CUST-07505,Richard Jones,62,Female,30232,721,Standard Checking,2025.68,0,0,0,High,88.5,0,0
CUST-07506,Betty Garcia,83,Female,29471,692,Savings,1407.61,0,0,0,High,98.4,0,0
CUST-07507,Susan Brown,53,Male,63797,617,Standard Checking,10423.31,0,0,0,Medium,47.3,0,0
CUST-07508,Nancy Jackson,40,Female,13052,668,Savings,6944.36,0,0,0,Medium,51.6,0,0
CUST-07509,Daniel Miller,36,Female,83467,765,Savings,792.7,1,1,1,High,92.7,0,0
CUST-07510,Patricia Johnson,57,Male,43469,725,Money Market,143097.69,1,0,1,Medium,57.1,0,0
CUST-07511,Anthony Miller,33,Female,35552,757,Savings,14408.84,1,0,0,High,90.4,0,0
CUST-07512,John Anderson,75,Female,80770,745,Savings,859.82,1,0,0,High,74.6,0,0
CUST-07513,James Johnson,35,Female,12290,640,Premium Checking,40437.03,1,0,0,Medium,36.9,0,0
CUST-07514,Elizabeth Thomas,53,Male,61763,570,Standard Checking,5869.98,1,1,0,Medium,56.8,0,1
CUST-07515,Matthew Anderson,41,Female,111340,739,Standard Checking,7569.3,1,0,0,High,79.6,0,0
CUST-07516,Lisa Anderson,18,Female,24688,668,Premium Checking,28489.63,1,0,0,High,80.1,0,0
CUST-07517,Susan Wilson,18,Male,39055,728,Standard Checking,10156.24,0,0,0,Medium,36.3,0,0
CUST-07518,Jennifer Wilson,81,Female,61467,778,Savings,11685.92,1,0,0,Medium,49,0,0
CUST-07519,Thomas Moore,79,Female,22351,655,Premium Checking,64544.18,0,0,0,Low,27.4,0,0
CUST-07520,Karen Jackson,53,Male,55438,626,Standard Checking,8496.06,0,0,0,High,75.5,0,0
CUST-07521,Sandra Taylor,35,Male,187907,608,Premium Checking,30687.41,1,0,0,Medium,34.8,0,0
CUST-07522,Jessica Davis,33,Female,57733,678,Savings,1128.31,1,1,0,Medium,57.5,0,0
CUST-07523,Michael Martin,34,Male,56785,581,Savings,13050.11,1,0,1,High,88.6,0,0
CUST-07524,Margaret Lopez,41,Male,26851,704,Standard Checking,7630.1,1,0,0,Medium,61.6,0,0
CUST-07525,William Wilson,85,Male,95307,708,Standard Checking,1678.97,1,0,0,Medium,67.2,0,0
CUST-07526,Karen Smith,19,Female,12547,707,Standard Checking,1169.79,0,1,0,None,0,0,1
CUST-07527,Elizabeth Taylor,27,Male,48131,561,Standard Checking,13797.08,1,0,0,High,89.8,0,0
CUST-07528,Thomas Taylor,70,Female,77489,763,Savings,2600.27,1,0,0,Medium,51.8,0,0
CUST-07529,Patricia Taylor,68,Female,14045,688,Premium Checking,24789.15,1,0,0,Medium,67.8,0,0
CUST-07530,Sarah Martin,31,Male,17905,648,Standard Checking,11750.74,0,0,0,Medium,61.6,0,0
CUST-07531,Daniel Johnson,83,Female,23418,725,Standard Checking,13014.43,1,0,1,High,73.8,0,0
CUST-07532,Linda Gonzalez,70,Female,97386,724,Money Market,129465.96,0,0,0,Medium,42.1,0,0
CUST-07533,Daniel Martin,81,Male,35658,599,Standard Checking,13257.01,1,1,0,High,75.5,0,0
CUST-07534,Nancy Anderson,66,Female,76747,676,Standard Checking,2297.42,1,0,0,Medium,39.3,0,0
CUST-07535,Karen Rodriguez,79,Male,70799,638,Standard Checking,6452.86,1,0,0,High,81.8,0,0
CUST-07536,John Williams,54,Male,21369,650,Standard Checking,9917.49,1,0,0,Low,7,1,0
CUST-07537,Mary Smith,66,Male,40347,716,Savings,13523.21,1,0,0,Low,12.5,0,0
CUST-07538,Susan Taylor,85,Male,43738,619,Standard Checking,6453.52,1,0,1,Low,23.4,0,0
CUST-07539,Richard Jackson,50,Male,63292,718,Premium Checking,64474.97,1,0,0,High,90,0,0
CUST-07540,Sandra Anderson,39,Male,54932,615,Savings,14399.49,1,0,0,High,75.8,0,0
CUST-07541,Anthony Wilson,50,Male,47437,764,Savings,14464.65,1,0,0,High,73.1,0,0
CUST-07542,Mary Miller,45,Female,87761,634,Standard Checking,10014.24,0,0,1,Medium,31.9,0,0
CUST-07543,Thomas Moore,21,Male,87132,840,Standard Checking,7572.12,1,0,0,Low,11,0,0
CUST-07544,Jennifer Davis,83,Female,23763,736,Savings,8608.46,1,0,0,Medium,56,0,0
CUST-07545,Margaret Johnson,66,Female,39172,666,Standard Checking,13523.29,1,0,0,Low,6,0,0
CUST-07546,James Thomas,28,Female,49804,613,Savings,10413.91,1,0,0,High,84.1,0,0
CUST-07547,Michael Hernandez,52,Female,51138,716,Premium Checking,53848.34,1,0,0,Medium,63.4,0,0
CUST-07548,Joseph Gonzalez,56,Female,64560,751,Standard Checking,2962.19,0,0,1,Low,26,0,0
CUST-07549,Sandra Johnson,27,Female,59074,723,Money Market,75269.02,0,0,0,Low,17,0,0
CUST-07550,Susan Garcia,40,Female,66023,639,Standard Checking,8971.02,1,0,0,High,81.5,0,0
CUST-07551,William Miller,51,Male,70022,779,Standard Checking,9552.86,1,0,1,Medium,37,0,0
CUST-07552,Sarah Rodriguez,49,Male,42553,700,Savings,1237.26,1,1,0,High,94.1,0,0
CUST-07553,Daniel Brown,33,Female,41414,634,Premium Checking,13737.35,1,0,0,Medium,56.1,0,0
CUST-07554,William Brown,85,Female,98464,835,Money Market,86342.18,0,0,1,High,95.2,0,0
CUST-07555,Barbara Brown,71,Male,38246,725,Standard Checking,4522.36,0,0,0,None,0,0,1
CUST-07556,Matthew Martin,45,Male,70961,708,Standard Checking,14348.59,0,0,0,High,90.4,0,0
CUST-07557,Susan Miller,77,Female,33596,646,Standard Checking,7440.75,1,0,0,Medium,46.7,0,0
CUST-07558,Betty Gonzalez,77,Male,57948,677,Standard Checking,7187.17,1,1,0,High,94.2,0,0
CUST-07559,Nancy Davis,61,Female,60086,623,Savings,6658.8,1,0,1,Medium,60.1,0,0
CUST-07560,Daniel Jones,19,Female,67811,692,Savings,8417.8,0,0,0,None,0,0,1
CUST-07561,Barbara Gonzalez,40,Male,108569,718,Premium Checking,17354.8,1,0,0,Low,10.2,0,0
CUST-07562,Mark Martin,63,Male,29743,544,Standard Checking,753.93,1,0,0,High,95.4,0,1
CUST-07563,Susan Moore,71,Male,52818,589,Savings,6959.08,1,0,0,Low,20.7,0,0
CUST-07564,Anthony Martin,26,Male,68265,616,Standard Checking,11490.99,1,0,0,Medium,64.8,0,0
CUST-07565,Patricia Moore,61,Female,68357,574,Savings,7814.95,1,1,0,High,94.7,0,0
CUST-07566,Michael Anderson,29,Female,41993,622,Savings,13832.7,1,1,0,Low,25.6,0,0
CUST-07567,Christopher Garcia,49,Female,59417,783,Premium Checking,45225.61,1,1,0,Medium,37.5,0,0
CUST-07568,Jessica Martin,51,Female,48559,759,Standard Checking,177.02,1,0,1,None,0,0,1
CUST-07569,Lisa Davis,50,Female,70968,636,Savings,6739.41,1,0,0,High,82.4,0,0
CUST-07570,Margaret Thomas,81,Female,47127,718,Savings,8301.8,1,0,0,High,89.3,0,0
CUST-07571,Margaret Thomas,65,Female,47477,599,Premium Checking,11516.57,1,0,0,Medium,59.8,0,0
CUST-07572,John Taylor,33,Female,56134,816,Premium Checking,43205.76,1,0,0,High,90.1,0,0
CUST-07573,William Williams,67,Female,38193,666,Money Market,112253.96,1,1,0,High,80.9,0,0
CUST-07574,Karen Miller,40,Female,33536,538,Premium Checking,51962.64,1,0,0,Medium,30.6,0,0
CUST-07575,Sarah Lopez,43,Male,25256,836,Standard Checking,10151.02,1,0,0,Medium,35.1,0,0
CUST-07576,Charles Thomas,71,Male,45823,659,Premium Checking,34216.17,1,0,0,High,71.5,0,0
CUST-07577,Nancy Taylor,61,Female,33946,822,Premium Checking,58201.83,0,0,1,Medium,66.3,0,0
CUST-07578,Karen Anderson,54,Female,42269,744,Standard Checking,4363.01,0,0,0,Medium,54.2,0,0
CUST-07579,James Johnson,26,Female,91048,700,Standard Checking,12803.9,1,0,1,Medium,62.1,0,0
CUST-07580,Linda Johnson,30,Female,42944,551,Money Market,31339.25,1,0,0,High,78.1,0,0
CUST-07581,Charles Rodriguez,77,Female,91939,687,Standard Checking,14624.58,0,0,0,Low,16,0,0
CUST-07582,William Gonzalez,19,Male,59440,570,Savings,12272.4,1,0,1,High,92,0,0
CUST-07583,Jennifer Anderson,77,Male,42582,656,Money Market,66933.44,1,1,0,Medium,64.5,0,0
CUST-07584,Charles Anderson,74,Male,29436,691,Standard Checking,941.8,1,1,0,High,89.5,0,0
CUST-07585,Sarah Miller,60,Male,46318,773,Standard Checking,1317.84,1,0,0,Medium,59,0,0
CUST-07586,Betty Hernandez,36,Female,40097,637,Standard Checking,10272.35,1,0,0,Medium,57.4,0,0
CUST-07587,Linda Garcia,28,Male,88619,830,Premium Checking,39204.05,1,0,0,Medium,34.5,0,0
CUST-07588,Linda Johnson,64,Male,131190,572,Money Market,72125.22,1,1,0,Medium,63.6,1,0
CUST-07589,Charles Thomas,80,Male,82093,622,Premium Checking,5012.26,0,0,0,Medium,63.1,0,0
CUST-07590,Michael Martinez,24,Female,33848,692,Standard Checking,3603.01,1,1,1,Medium,64.7,0,0
CUST-07591,Barbara Taylor,48,Male,50383,517,Standard Checking,6015.43,1,0,1,Low,7.4,0,1
CUST-07592,Michael Davis,72,Female,43765,597,Standard Checking,3627.23,1,0,0,High,87.8,0,1
CUST-07593,Michael Brown,42,Male,36509,712,Standard Checking,6268.6,0,0,0,Medium,48.4,0,0
CUST-07594,John Jackson,47,Male,46841,745,Standard Checking,9652.19,0,0,1,Medium,64.3,0,0
CUST-07595,Joseph Brown,53,Female,45882,611,Standard Checking,2349.98,1,0,0,Medium,62,1,1
CUST-07596,Matthew Rodriguez,67,Female,122804,642,Standard Checking,3313.83,0,0,0,Medium,57.6,0,0
CUST-07597,Richard Moore,31,Female,57783,715,Standard Checking,5390.96,0,0,0,High,89.4,0,0
CUST-07598,Christopher Thomas,46,Female,74083,558,Money Market,30621.53,0,0,1,High,95.7,0,0
CUST-07599,James Brown,44,Female,82801,667,Premium Checking,61862.47,0,0,0,None,0,0,0
CUST-07600,Sarah Davis,67,Female,71511,663,Savings,13736.66,0,0,0,High,76.6,0,0
CUST-07601,Karen Thomas,53,Male,96996,803,Standard Checking,12850.14,1,0,1,Medium,61.7,0,0
CUST-07602,Christopher Hernandez,51,Female,40709,717,Savings,8404.31,0,0,0,Medium,57.4,0,0
CUST-07603,Karen Jackson,38,Female,79202,681,Standard Checking,4175.69,1,0,0,Low,24.9,0,0
CUST-07604,Daniel Jackson,55,Female,130739,733,Money Market,99163.71,1,0,0,High,92.8,0,0
CUST-07605,Sarah Jackson,67,Female,34184,695,Savings,8557.56,1,0,0,Low,12.1,0,0
CUST-07606,David Williams,54,Male,41362,614,Money Market,16875.55,1,0,1,High,99.3,0,0
CUST-07607,Linda Martin,36,Male,39838,730,Savings,8416.75,1,1,1,High,89.2,0,0
CUST-07608,Charles Martinez,18,Female,144030,740,Savings,5534.38,1,0,0,None,0,0,0
CUST-07609,Jessica Jones,57,Female,28803,657,Savings,10629.54,1,0,0,High,81.3,0,0
CUST-07610,Karen Rodriguez,72,Female,51800,693,Savings,6152.27,0,0,1,High,89.9,0,0
CUST-07611,Linda Hernandez,43,Female,62697,816,Savings,5301.3,1,0,0,Low,23.9,0,0
CUST-07612,Jessica Miller,60,Female,37248,694,Standard Checking,7605.08,1,0,0,Low,18.4,0,0
CUST-07613,Joseph Martin,76,Non-Binary,29859,665,Standard Checking,13427.66,1,0,1,High,82.7,0,0
CUST-07614,Daniel Taylor,68,Male,32535,609,Savings,10607.62,0,0,0,High,92.7,1,0
CUST-07615,Jennifer Anderson,32,Female,43251,617,Standard Checking,12220.17,0,1,1,High,82.3,0,0
CUST-07616,Linda Miller,25,Male,37520,686,Standard Checking,8039.52,1,1,1,Medium,46.5,1,0
CUST-07617,Mary Gonzalez,31,Male,100875,636,Premium Checking,56476.72,0,0,0,Low,24.4,0,0
CUST-07618,Sandra Garcia,24,Female,37684,721,Savings,12909.72,1,0,1,High,98.8,0,0
CUST-07619,Mark Jones,35,Male,37499,650,Standard Checking,2233.24,1,0,0,Low,21.3,0,0
CUST-07620,Karen Smith,29,Female,59708,850,Savings,14427.27,1,0,0,High,90.4,0,0
CUST-07621,Mark Moore,19,Female,56679,696,Standard Checking,7828.5,1,0,0,Medium,52.8,0,0
CUST-07622,Joseph Martinez,67,Female,9960,569,Standard Checking,4920.15,1,0,0,High,82.8,0,1
CUST-07623,John Jones,38,Male,31742,693,Premium Checking,42582.49,0,0,0,Low,29.6,0,0
CUST-07624,Lisa Gonzalez,24,Female,38075,654,Standard Checking,678.28,1,0,0,None,0,1,1
CUST-07625,Linda Johnson,29,Female,29564,730,Premium Checking,54729.57,1,0,1,High,98,0,0
CUST-07626,William Taylor,74,Female,79316,680,Premium Checking,63894.15,1,0,0,Medium,68.8,0,0
CUST-07627,Anthony Moore,40,Male,23204,709,Money Market,31182.22,0,0,0,Low,26,0,0
CUST-07628,Richard Smith,47,Female,82909,850,Standard Checking,4222.04,1,0,0,None,0,0,0
CUST-07629,Barbara Martin,75,Male,17021,665,Premium Checking,8765.45,1,0,0,Medium,67.5,0,0
CUST-07630,Karen Jones,69,Female,51045,731,Savings,9030.36,1,1,0,Medium,66.2,0,0
CUST-07631,Linda Anderson,73,Female,107158,757,Standard Checking,6727.3,1,0,0,High,78.2,0,0
CUST-07632,Anthony Williams,27,Male,36410,701,Standard Checking,195.26,1,0,0,High,83.9,0,0
CUST-07633,Jennifer Gonzalez,36,Male,49598,567,Standard Checking,8850.4,0,0,1,Low,6.2,0,0
CUST-07634,Barbara Jackson,36,Male,81947,734,Standard Checking,1697.31,1,0,1,Medium,64.9,0,0
CUST-07635,Mark Moore,76,Female,80795,540,Standard Checking,243.72,0,0,0,Low,25.3,0,1
CUST-07636,Lisa Smith,61,Female,57021,799,Premium Checking,34993.89,1,0,0,Medium,61.9,0,0
CUST-07637,Matthew Miller,76,Female,44758,588,Premium Checking,31419.85,0,1,1,None,0,0,0
CUST-07638,Barbara Martinez,21,Female,44530,817,Standard Checking,7309.31,1,0,0,High,86.5,0,0
CUST-07639,Mark Lopez,82,Female,24463,685,Standard Checking,11312.14,1,0,1,High,71.4,0,0
CUST-07640,David Brown,30,Male,29365,741,Savings,14161.67,1,1,1,Medium,32.4,0,0
CUST-07641,Charles Garcia,84,Male,49912,715,Money Market,114457.44,1,0,0,Low,16.9,0,0
CUST-07642,Matthew Rodriguez,29,Female,56203,748,Standard Checking,8411.44,1,0,0,Medium,44.5,0,0
CUST-07643,Karen Martinez,72,Female,177263,542,Premium Checking,67049.14,1,0,0,Medium,64.2,0,0
CUST-07644,Robert Gonzalez,78,Female,72429,634,Standard Checking,8832.45,1,0,0,Medium,34.4,0,0
CUST-07645,William Johnson,58,Male,41173,708,Premium Checking,32857.71,1,0,1,Low,19.9,0,0
CUST-07646,Sarah Smith,53,Male,63272,683,Standard Checking,2484.11,0,0,0,Medium,40.8,0,0
CUST-07647,Lisa Lopez,19,Male,20293,651,Standard Checking,4734.29,1,0,0,Medium,46.1,0,0
CUST-07648,Elizabeth Johnson,39,Female,51135,693,Savings,2894.75,1,0,0,High,87,0,0
CUST-07649,Margaret Rodriguez,39,Female,69033,664,Savings,13896.89,1,0,0,High,87.4,0,0
CUST-07650,Mary Wilson,58,Male,69329,834,Savings,6989.18,0,0,0,High,70.5,0,0
CUST-07651,David Hernandez,31,Female,47423,773,Money Market,36581.06,0,1,0,Low,6.1,0,0
CUST-07652,Thomas Brown,52,Male,65180,783,Savings,11012.27,0,0,0,Medium,32.9,0,0
CUST-07653,Richard Miller,67,Female,42855,806,Savings,5236.5,1,0,0,High,77.9,0,0
CUST-07654,Jessica Smith,26,Female,59745,714,Standard Checking,13027.09,0,0,0,Medium,47.3,0,0
CUST-07655,Richard Smith,76,Male,30615,614,Standard Checking,10151.38,1,0,0,Medium,58.8,0,0
CUST-07656,David Garcia,73,Male,27877,660,Savings,707.26,1,0,0,High,90.5,0,0
CUST-07657,Karen Williams,27,Male,92209,704,Money Market,94987.58,1,0,0,Medium,60.9,0,0
CUST-07658,Barbara Jones,42,Non-Binary,44683,690,Money Market,107607.39,0,0,1,Medium,43.3,0,0
CUST-07659,William Lopez,62,Female,61150,587,Premium Checking,19326.76,0,0,0,Medium,30.1,0,0
CUST-07660,Sandra Martinez,28,Male,33111,704,Premium Checking,54190.77,1,0,1,Low,18.6,0,0
CUST-07661,Charles Jones,26,Male,27912,601,Standard Checking,4411.52,0,0,0,Low,26.3,0,0
CUST-07662,Betty Jones,24,Female,37331,815,Savings,8207.25,1,0,0,Medium,44.7,0,0
CUST-07663,William Martin,51,Female,60623,734,Savings,298.01,0,0,1,None,0,0,1
CUST-07664,Thomas Martinez,37,Male,17475,666,Standard Checking,4461.3,1,0,0,Low,7.3,0,0
CUST-07665,Christopher Smith,22,Male,54374,684,Savings,11508.25,0,0,0,High,98.8,0,0
CUST-07666,Nancy Thomas,72,Female,68907,800,Premium Checking,61895.13,1,1,0,Medium,60.7,0,0
CUST-07667,Betty Anderson,32,Male,31537,575,Premium Checking,50202.19,1,0,1,High,87.9,0,0
CUST-07668,Daniel Taylor,65,Male,55310,646,Standard Checking,13747.93,1,0,1,High,70.8,0,0
CUST-07669,Betty Martin,21,Non-Binary,53201,717,Standard Checking,4279.68,1,0,1,None,0,0,1
CUST-07670,Matthew Gonzalez,38,Female,31779,536,Money Market,132659.89,1,0,0,Low,21.2,1,0
CUST-07671,James Davis,26,Female,45540,670,Money Market,76569.67,1,1,0,High,76.8,0,0
CUST-07672,Robert Garcia,83,Male,48676,648,Savings,13010.25,1,0,0,High,92,0,0
CUST-07673,Daniel Martin,52,Male,31715,850,Premium Checking,51735.15,1,0,0,None,0,0,0
CUST-07674,Sandra Wilson,68,Male,41190,670,Standard Checking,9128.91,1,1,0,High,85.3,0,0
CUST-07675,Nancy Hernandez,54,Female,48449,607,Standard Checking,10961.15,1,0,1,Medium,67.8,0,0
CUST-07676,Jennifer Hernandez,23,Female,56584,618,Standard Checking,12528.03,0,0,0,None,0,0,1
CUST-07677,Richard Lopez,68,Female,126097,491,Premium Checking,47242.75,0,0,0,High,86.6,0,0
CUST-07678,Nancy Johnson,83,Female,30208,798,Savings,8269.8,0,0,0,High,73.9,0,0
CUST-07679,Christopher Williams,34,Female,96446,687,Savings,14075.45,1,1,0,Low,29.3,0,0
CUST-07680,Daniel Brown,82,Male,31296,667,Savings,5370.48,0,0,0,High,96.6,0,0
CUST-07681,Thomas Garcia,26,Male,48959,745,Standard Checking,14858.62,0,0,1,Medium,59.8,0,0
CUST-07682,Michael Anderson,30,Male,77620,718,Savings,10598.82,0,0,0,High,89.5,1,0
CUST-07683,David Williams,75,Male,61095,681,Savings,10097.49,1,0,0,High,77.7,0,0
CUST-07684,Sandra Garcia,47,Male,15103,609,Standard Checking,489.05,1,0,0,High,79.5,0,1
CUST-07685,Betty Johnson,48,Female,84356,642,Standard Checking,204.02,0,0,0,Medium,62.8,0,0
CUST-07686,Mark Wilson,40,Male,57621,688,Standard Checking,2414.76,1,0,0,High,96.8,0,0
CUST-07687,William Moore,80,Female,37119,726,Savings,13999.37,1,0,0,None,0,0,0
CUST-07688,Charles Lopez,45,Female,45916,586,Savings,11895.4,1,0,0,High,99.4,0,0
CUST-07689,Richard Lopez,76,Male,60696,673,Standard Checking,7769.71,0,0,0,High,89.2,0,0
CUST-07690,Barbara Moore,27,Male,65712,770,Standard Checking,7397.14,1,0,1,High,96.1,0,0
CUST-07691,William Taylor,43,Male,64523,593,Standard Checking,1964.77,0,0,0,Low,18.6,0,1
CUST-07692,Christopher Thomas,34,Male,34284,732,Savings,5832.18,1,0,0,None,0,0,0
CUST-07693,Thomas Davis,57,Female,48721,588,Premium Checking,66835.68,1,0,0,Medium,67.8,0,0
CUST-07694,David Johnson,85,Female,32158,642,Money Market,56786.74,1,0,0,Low,7.1,0,0
CUST-07695,Linda Lopez,40,Female,71907,541,Money Market,59372.12,1,0,0,Low,9.2,0,0
CUST-07696,Christopher Smith,52,Male,43388,701,Savings,5761.87,1,0,1,Medium,60,0,0
CUST-07697,Daniel Gonzalez,26,Female,60975,626,Standard Checking,10075.15,1,0,1,Low,24.7,0,0
CUST-07698,Nancy Taylor,62,Female,37912,540,Standard Checking,10324.61,0,1,0,Medium,38,0,0
CUST-07699,Susan Wilson,54,Male,51166,689,Standard Checking,6276.15,0,0,0,Medium,51.3,0,0
CUST-07700,Jessica Taylor,36,Male,44539,754,Standard Checking,10955.4,1,0,1,High,96.3,0,0
CUST-07701,Jennifer Miller,44,Female,26718,708,Money Market,139159.87,1,0,0,Medium,68.3,0,0
CUST-07702,Betty Smith,30,Male,84578,705,Savings,13546.22,1,0,0,High,94.3,0,0
CUST-07703,Matthew Anderson,74,Female,68476,734,Standard Checking,4779.65,1,0,0,Medium,31.1,0,0
CUST-07704,Karen Moore,77,Male,25988,629,Money Market,94557.1,0,0,0,Medium,30.6,1,0
CUST-07705,Sandra Gonzalez,29,Male,32541,687,Premium Checking,34115.85,1,0,0,Low,14.4,0,0
CUST-07706,Lisa Johnson,26,Female,36413,833,Premium Checking,30921.73,1,0,0,Medium,46.5,0,0
CUST-07707,Charles Anderson,44,Female,94704,690,Premium Checking,46076.24,1,0,0,High,97.3,0,0
CUST-07708,Barbara Anderson,80,Female,75626,621,Premium Checking,41942.54,1,0,0,Medium,60.8,0,0
CUST-07709,Matthew Moore,46,Male,54627,704,Standard Checking,4791.53,1,0,1,None,0,0,1
CUST-07710,Susan Garcia,39,Female,22230,653,Standard Checking,4810.88,1,0,0,Low,16.4,0,0
CUST-07711,Barbara Martin,36,Male,61590,677,Premium Checking,11891.32,1,0,0,None,0,0,0
CUST-07712,Daniel Garcia,55,Male,53344,732,Premium Checking,70444.04,0,0,0,Medium,65.9,0,0
CUST-07713,Betty Rodriguez,56,Male,41255,642,Savings,7332.71,1,0,0,Low,28.4,0,0
CUST-07714,Sandra Brown,32,Male,94928,480,Premium Checking,44909.59,1,0,1,High,99.9,0,0
CUST-07715,Thomas Johnson,71,Female,44357,667,Savings,1083.45,1,0,0,None,0,0,1
CUST-07716,Jessica Wilson,49,Male,88475,714,Money Market,107564.88,0,0,0,Low,27.8,0,0
CUST-07717,Betty Davis,63,Female,40791,802,Savings,2401.35,0,0,0,None,0,0,0
CUST-07718,Susan Johnson,78,Female,31959,754,Standard Checking,12544.58,0,0,0,High,75.1,0,0
CUST-07719,Jessica Brown,69,Female,26292,656,Premium Checking,56111.65,1,0,1,Medium,67.2,0,0
CUST-07720,James Martin,51,Female,47102,713,Savings,12736.12,0,1,1,Medium,38.5,0,0
CUST-07721,Anthony Wilson,52,Female,50122,662,Premium Checking,74164.84,1,0,0,Low,6.6,0,0
CUST-07722,Linda Williams,54,Male,30412,741,Savings,1261.7,1,0,0,Medium,48,0,0
CUST-07723,Robert Garcia,78,Female,31120,668,Savings,10655.63,0,0,1,Medium,41.1,0,0
CUST-07724,Nancy Davis,66,Female,88239,732,Standard Checking,10038,0,0,0,Medium,32,0,0
CUST-07725,Jennifer Garcia,26,Female,71045,796,Standard Checking,1055.04,1,0,0,Low,29.4,0,0
CUST-07726,Patricia Miller,36,Male,122439,850,Savings,11842.26,0,0,1,High,79.1,0,0
CUST-07727,Sandra Jackson,45,Male,21839,575,Standard Checking,12376.78,1,0,1,Medium,54.8,0,0
CUST-07728,Michael Williams,43,Female,115159,554,Premium Checking,55298.36,1,0,0,Low,13,0,0
CUST-07729,Linda Smith,55,Male,33069,614,Standard Checking,10928.73,1,0,0,Medium,41.7,0,0
CUST-07730,James Wilson,57,Female,25396,676,Standard Checking,10362.12,1,0,0,High,84.6,0,0
CUST-07731,Jennifer Martinez,42,Male,55555,643,Standard Checking,6570.47,1,0,0,Medium,44.4,0,0
CUST-07732,Matthew Wilson,40,Male,19343,767,Premium Checking,19847.03,1,0,0,Medium,69.8,0,0
CUST-07733,Patricia Garcia,82,Female,84258,624,Money Market,21741.48,0,0,0,High,75.4,0,0
CUST-07734,Jessica Smith,39,Male,53424,602,Standard Checking,8089.42,1,0,0,Low,22.1,0,0
CUST-07735,Jennifer Rodriguez,81,Male,34483,773,Savings,9078.44,0,0,0,Medium,37.3,0,0
CUST-07736,Joseph Lopez,85,Male,80908,718,Savings,6021.71,1,0,0,High,95.7,0,0
CUST-07737,John Hernandez,75,Female,45809,700,Savings,10190.5,1,0,0,High,80.8,0,0
CUST-07738,Joseph Williams,45,Male,49896,602,Savings,3443.7,1,0,0,Low,13,0,1
CUST-07739,Susan Johnson,85,Male,67082,755,Standard Checking,12806.65,1,0,0,Medium,62.4,0,0
CUST-07740,Mark Brown,21,Female,35762,663,Standard Checking,12771.43,0,1,0,High,77.4,0,0
CUST-07741,Betty Jackson,18,Male,28922,689,Money Market,55860.52,0,0,0,High,79.9,0,0
CUST-07742,Barbara Johnson,43,Male,45925,703,Savings,7474.06,0,0,0,Medium,41,0,0
CUST-07743,Thomas Williams,50,Female,24939,777,Standard Checking,6015.76,1,0,0,High,93.4,0,0
CUST-07744,Elizabeth Thomas,44,Female,39529,711,Premium Checking,23310.93,0,0,0,Medium,46.2,0,0
CUST-07745,Nancy Rodriguez,59,Male,29712,632,Savings,2191.81,1,1,0,Medium,42.5,0,0
CUST-07746,David Anderson,81,Female,41942,679,Standard Checking,10731.6,1,0,0,High,91.5,0,0
CUST-07747,John Thomas,42,Female,31305,727,Standard Checking,2183.98,1,1,0,Medium,63.3,0,0
CUST-07748,Sandra Lopez,21,Male,41335,798,Standard Checking,6210.07,1,0,0,Low,24,0,0
CUST-07749,Daniel Jones,29,Female,81941,651,Standard Checking,5345.68,1,0,0,Low,23.8,0,0
CUST-07750,Michael Rodriguez,75,Male,33818,645,Standard Checking,3331.92,1,0,0,Medium,58.4,0,0
CUST-07751,Christopher Moore,28,Male,59404,733,Premium Checking,66715.82,1,0,0,Low,21.4,0,0
CUST-07752,Christopher Davis,76,Female,19844,618,Standard Checking,5477.91,1,0,1,Medium,50.9,0,0
CUST-07753,Barbara Martin,53,Male,41568,635,Standard Checking,11405.01,1,0,0,Medium,52.2,0,0
CUST-07754,Mary Martinez,39,Female,32452,681,Premium Checking,67018.42,1,0,0,Medium,51.4,0,0
CUST-07755,Charles Rodriguez,82,Male,50458,710,Premium Checking,33512.27,0,1,0,Medium,68.8,0,0
CUST-07756,Matthew Davis,67,Male,37188,751,Standard Checking,8653.39,1,0,0,High,91.3,0,0
CUST-07757,Lisa Smith,21,Male,75524,691,Standard Checking,6496.13,1,0,0,Low,10.5,0,0
CUST-07758,Jennifer Lopez,69,Male,41067,686,Standard Checking,11761.65,1,0,0,Medium,54,0,0
CUST-07759,Matthew Jackson,60,Female,86031,720,Premium Checking,51305.49,0,0,0,Medium,58.8,1,0
CUST-07760,Anthony Taylor,63,Female,17221,572,Premium Checking,48392.8,1,0,0,High,76.6,0,0
CUST-07761,Mary Hernandez,21,Female,50016,685,Standard Checking,12932.49,0,0,0,Low,14.8,0,0
CUST-07762,Sarah Hernandez,30,Female,52426,792,Premium Checking,49938.64,0,1,0,High,94.3,0,0
CUST-07763,Sarah Davis,55,Female,30717,734,Savings,6143.8,1,0,0,Medium,37,0,0
CUST-07764,Joseph Rodriguez,62,Female,49047,678,Savings,12819.66,0,0,0,High,90.6,0,0
CUST-07765,Joseph Miller,42,Male,62384,731,Premium Checking,61053.44,1,0,0,High,75.8,0,0
CUST-07766,Karen Gonzalez,84,Female,84410,593,Money Market,58459.22,0,1,1,High,96.7,0,0
CUST-07767,Richard Smith,72,Female,42500,710,Savings,7076.71,1,1,0,Medium,68.5,0,0
CUST-07768,Karen Brown,56,Female,39352,677,Standard Checking,4983.41,1,0,1,High,86.7,0,0
CUST-07769,Lisa Brown,82,Female,36290,687,Premium Checking,23964.57,1,0,0,High,74.6,0,0
CUST-07770,Patricia Gonzalez,19,Male,50255,654,Standard Checking,10334.98,1,0,0,Medium,36.2,0,0
CUST-07771,Mary Anderson,79,Female,30703,778,Premium Checking,53238.51,0,0,0,Medium,43.4,0,0
CUST-07772,Patricia Garcia,63,Non-Binary,71342,645,Standard Checking,9290.6,0,0,0,Medium,46.7,0,0
CUST-07773,John Miller,48,Female,21775,605,Standard Checking,1544.35,1,0,0,Medium,59.6,0,1
CUST-07774,Jennifer Williams,52,Female,47461,576,Money Market,99295.72,1,0,0,Low,10.5,0,0
CUST-07775,Patricia Martinez,62,Male,24592,529,Premium Checking,50021.06,1,0,0,Medium,60.4,0,0
CUST-07776,Sandra Rodriguez,71,Female,47856,695,Money Market,109505.65,1,0,0,High,80.6,0,0
CUST-07777,Sandra Garcia,46,Female,73438,625,Standard Checking,701.66,1,0,0,Medium,46.5,0,1
CUST-07778,Mark Martin,25,Male,53771,588,Standard Checking,14742.86,1,0,0,High,87,0,0
CUST-07779,Anthony Hernandez,71,Male,36266,661,Standard Checking,11206.31,1,0,0,High,93,0,0
CUST-07780,Michael Moore,24,Male,70144,727,Premium Checking,70768.51,1,1,0,High,75.2,0,0
CUST-07781,Patricia Jones,40,Male,12484,673,Savings,4777.92,0,1,0,High,97.6,0,0
CUST-07782,Patricia Brown,49,Male,47399,689,Savings,4171.08,1,1,0,High,78.5,0,0
CUST-07783,Anthony Gonzalez,79,Female,32336,762,Standard Checking,2073.83,0,0,1,Medium,47.4,0,0
CUST-07784,Jessica Wilson,62,Female,62762,737,Premium Checking,67975.35,0,0,0,Low,19.8,0,0
CUST-07785,David Johnson,85,Female,13829,687,Savings,8660.95,0,0,0,Medium,54.9,1,0
CUST-07786,Nancy Wilson,47,Female,38842,611,Standard Checking,14035.78,1,0,0,High,79.8,0,0
CUST-07787,Lisa Miller,56,Female,35543,641,Premium Checking,25236.31,0,1,0,Low,22.6,0,0
CUST-07788,Betty Hernandez,22,Female,77043,682,Savings,6799.31,1,0,1,High,87.8,0,0
CUST-07789,Patricia Miller,84,Female,32986,730,Money Market,148974.3,1,0,0,None,0,0,0
CUST-07790,Mark Thomas,39,Female,43871,703,Standard Checking,9230.14,1,0,1,Low,26.1,0,0
CUST-07791,Betty Garcia,45,Male,50792,636,Savings,10728.09,1,0,1,Medium,65.1,0,0
CUST-07792,Anthony Garcia,39,Male,48446,708,Savings,9418.68,1,0,1,Medium,64.3,0,0
CUST-07793,Mary Davis,46,Female,47960,799,Premium Checking,6125.62,1,0,0,Medium,54.2,0,0
CUST-07794,Sandra Miller,60,Male,50556,700,Savings,1901.56,1,0,0,High,84.3,1,0
CUST-07795,Anthony Wilson,59,Male,49007,723,Premium Checking,37718.86,1,1,0,High,80.9,0,0
CUST-07796,William Anderson,77,Female,160855,655,Savings,13714.4,1,0,0,Medium,56.2,0,0
CUST-07797,Matthew Moore,85,Female,20003,666,Savings,14456.67,0,0,0,Low,22.8,0,0
CUST-07798,Barbara Jackson,76,Female,33004,561,Premium Checking,47959.48,0,1,1,High,87,0,0
CUST-07799,Richard Miller,23,Male,47880,689,Premium Checking,13498.3,1,0,0,Medium,51.8,1,0
CUST-07800,Matthew Martinez,45,Female,85516,486,Premium Checking,12375.27,1,0,0,High,76.9,0,1
CUST-07801,Sandra Martinez,48,Female,78975,573,Savings,9222.11,1,0,0,Medium,55,0,0
CUST-07802,Mary Wilson,56,Female,82352,703,Standard Checking,9155.38,0,0,0,Medium,33.4,1,0
CUST-07803,Richard Garcia,67,Male,48162,610,Savings,8086.4,1,0,0,Medium,44.5,0,0
CUST-07804,William Gonzalez,54,Female,91174,541,Standard Checking,11143.87,0,0,0,Low,18.8,0,0
CUST-07805,William Gonzalez,32,Male,36326,684,Standard Checking,2591.28,1,0,0,High,98.6,0,0
CUST-07806,Robert Wilson,68,Female,77492,572,Savings,2870.91,0,0,0,Medium,37.4,0,1
CUST-07807,Robert Rodriguez,40,Female,53884,753,Standard Checking,14172.82,0,0,0,High,97.1,0,0
CUST-07808,Linda Miller,42,Female,54364,713,Standard Checking,12605.89,1,0,0,Medium,32.6,0,0
CUST-07809,Linda Williams,63,Female,25322,807,Savings,12286.88,0,0,0,High,72,0,0
CUST-07810,Daniel Anderson,40,Female,20228,707,Premium Checking,28948.2,1,0,0,Medium,35.9,0,0
CUST-07811,Linda Smith,27,Male,42390,812,Money Market,129870.52,1,0,0,Medium,36.4,0,0
CUST-07812,Michael Jackson,49,Male,46789,612,Money Market,25784.32,0,1,1,Low,5.3,0,0
CUST-07813,Mary Wilson,68,Male,27984,637,Standard Checking,4444.92,0,0,0,Medium,61.5,0,0
CUST-07814,Sarah Anderson,58,Female,77877,700,Standard Checking,4455.96,1,0,0,Low,14.6,0,0
CUST-07815,Susan Jackson,82,Female,32478,671,Standard Checking,2739.14,1,0,0,Low,28.7,0,0
CUST-07816,Sandra Jackson,82,Female,65365,690,Premium Checking,37024.35,0,0,0,High,94.7,0,0
CUST-07817,Nancy Taylor,57,Female,42314,677,Standard Checking,2494.57,0,0,0,High,72.1,0,0
CUST-07818,Nancy Jackson,35,Male,72461,665,Standard Checking,3057.13,0,1,0,High,84.4,0,0
CUST-07819,Anthony Thomas,53,Male,26935,614,Standard Checking,13542.87,1,0,0,High,90.1,0,0
CUST-07820,Karen Jackson,48,Male,21971,628,Standard Checking,7913.12,1,0,0,High,84.2,0,0
CUST-07821,James Jackson,71,Female,64192,617,Savings,9305.09,1,0,0,Medium,39.5,0,0
CUST-07822,Michael Hernandez,80,Female,75102,611,Money Market,39851.76,0,0,0,High,79.5,0,0
CUST-07823,Robert Taylor,18,Female,57376,684,Standard Checking,3130.65,0,0,0,Medium,44.9,0,0
CUST-07824,David Davis,69,Male,31516,629,Savings,1518.59,0,0,0,Medium,57.3,0,0
CUST-07825,Elizabeth Lopez,74,Male,68747,643,Standard Checking,4109.16,0,1,1,Medium,47.3,0,0
CUST-07826,Elizabeth Gonzalez,26,Female,65131,778,Standard Checking,13229.16,0,0,1,Medium,31.4,0,0
CUST-07827,Betty Moore,73,Male,27701,713,Premium Checking,47042.38,1,0,0,Medium,46,0,0
CUST-07828,Elizabeth Jackson,64,Male,61360,736,Standard Checking,10120.16,1,0,1,High,87.3,0,0
CUST-07829,Karen Taylor,20,Male,52642,758,Standard Checking,13141.49,0,0,0,Medium,59.5,0,0
CUST-07830,Karen Thomas,19,Female,51656,795,Money Market,139294.86,1,0,1,None,0,0,0
CUST-07831,Robert Williams,71,Male,24549,679,Standard Checking,2262.49,1,0,0,None,0,0,1
CUST-07832,Sandra Anderson,54,Male,73971,699,Savings,11494.28,1,0,0,Low,29,0,0
CUST-07833,Betty Johnson,73,Female,37372,643,Savings,14845.25,1,0,0,Medium,52.4,0,0
CUST-07834,Richard Davis,48,Male,35455,621,Savings,10778.79,1,0,0,Medium,66,0,0
CUST-07835,Daniel Taylor,29,Male,61548,575,Savings,603.55,0,0,0,High,70.7,0,1
CUST-07836,Patricia Jackson,75,Female,43949,609,Standard Checking,2798.93,1,0,0,Low,28.2,0,1
CUST-07837,Nancy Rodriguez,84,Female,23911,643,Money Market,148961.44,1,0,0,Low,24.4,0,0
CUST-07838,Daniel Anderson,43,Male,105317,693,Savings,6370.21,0,0,1,Medium,69.9,0,0
CUST-07839,Margaret Rodriguez,29,Male,54945,600,Money Market,101080.67,1,0,0,Medium,62.8,0,0
CUST-07840,Lisa Rodriguez,33,Male,48520,611,Money Market,63312.71,0,0,0,Medium,59.6,0,0
CUST-07841,Susan Thomas,70,Female,48259,533,Standard Checking,3912,1,0,1,High,86.2,0,1
CUST-07842,Lisa Taylor,66,Female,49398,631,Premium Checking,20290.04,1,0,0,Medium,31.7,0,0
CUST-07843,Richard Rodriguez,66,Male,51446,684,Savings,4289.98,1,0,0,High,82.2,0,0
CUST-07844,Joseph Miller,24,Male,86713,683,Savings,465.68,1,0,0,Medium,68,0,0
CUST-07845,James Smith,32,Male,108053,657,Money Market,31055.94,1,0,0,Medium,43.2,0,0
CUST-07846,Robert Rodriguez,53,Male,42408,662,Money Market,149567.92,1,0,1,None,0,0,0
CUST-07847,Barbara Garcia,32,Male,68747,680,Standard Checking,12735.82,0,0,0,Medium,46.7,0,0
CUST-07848,Margaret Gonzalez,79,Female,67071,767,Savings,280.71,0,0,0,High,83.8,0,0
CUST-07849,Betty Davis,35,Female,69197,654,Standard Checking,11966.22,0,0,0,High,85.9,0,0
CUST-07850,Joseph Garcia,63,Male,92571,670,Savings,10581.44,0,0,0,High,73.8,0,0
CUST-07851,Anthony Garcia,78,Female,75052,589,Standard Checking,14657.62,1,0,0,Medium,68.8,0,0
CUST-07852,Patricia Hernandez,60,Male,60392,712,Savings,1764.3,1,0,1,Medium,32.9,0,0
CUST-07853,Christopher Moore,61,Male,35693,675,Money Market,125782.98,1,0,0,Low,25.4,0,0
CUST-07854,John Williams,83,Female,57048,642,Standard Checking,366.7,0,0,0,High,95.3,0,0
CUST-07855,Sandra Lopez,72,Male,29057,597,Premium Checking,7678.51,1,0,0,Low,19.1,0,0
CUST-07856,Anthony Garcia,56,Female,61733,704,Standard Checking,9554.62,1,1,0,Low,26,0,0
CUST-07857,Christopher Garcia,22,Female,57505,603,Premium Checking,14484.91,0,1,1,High,92.2,0,0
CUST-07858,Linda Anderson,74,Non-Binary,23962,717,Standard Checking,1289.47,1,0,0,High,96.4,0,0
CUST-07859,Sarah Martin,32,Female,38769,805,Standard Checking,7364.29,0,0,0,Medium,46.6,1,0
CUST-07860,Mark Thomas,33,Male,33835,760,Standard Checking,3613.83,0,0,0,Medium,42.2,0,0
CUST-07861,Jennifer Taylor,74,Female,69662,682,Standard Checking,3282.79,0,0,0,Low,17.5,0,0
CUST-07862,William Jackson,42,Male,42318,723,Premium Checking,52760.14,1,0,0,High,76.2,0,0
CUST-07863,Sarah Jones,39,Female,24063,631,Savings,457.69,1,0,0,Medium,56.2,0,1
CUST-07864,Margaret Garcia,48,Female,61262,588,Premium Checking,40912.5,0,0,1,Low,16.5,1,0
CUST-07865,Barbara Hernandez,51,Female,54357,689,Standard Checking,2477.56,1,0,1,None,0,0,1
CUST-07866,Jessica Martin,33,Female,52169,637,Standard Checking,270.45,0,0,1,Low,27.2,0,0
CUST-07867,Thomas Martin,76,Female,28248,583,Standard Checking,8178.55,1,0,0,None,0,0,1
CUST-07868,William Smith,32,Female,65766,560,Savings,1730.27,1,0,0,None,0,0,1
CUST-07869,Betty Williams,30,Female,46325,659,Standard Checking,8444.2,1,0,0,None,0,0,1
CUST-07870,Christopher Rodriguez,41,Male,44956,749,Money Market,39830.16,1,0,0,Medium,47.3,0,0
CUST-07871,Nancy Jackson,30,Female,26135,669,Savings,4218.34,1,0,0,High,71.8,0,0
CUST-07872,Richard Wilson,82,Female,26611,665,Standard Checking,12090.3,0,0,0,High,95.9,0,0
CUST-07873,Karen Jackson,53,Female,380684,676,Standard Checking,10691.54,0,0,0,High,85,1,0
CUST-07874,Sandra Miller,66,Non-Binary,27540,613,Savings,12424.57,1,0,0,High,73.5,0,0
CUST-07875,Patricia Lopez,65,Male,17092,649,Savings,6403.72,1,0,0,Medium,37.4,0,0
CUST-07876,Daniel Wilson,60,Male,40428,767,Premium Checking,7881.65,1,0,0,None,0,0,0
CUST-07877,Mary Smith,23,Female,44567,786,Standard Checking,11464.53,1,0,0,High,81.3,0,0
CUST-07878,Margaret Moore,85,Male,30994,753,Savings,13014.15,1,0,0,Medium,62.6,0,0
CUST-07879,Karen Davis,31,Female,32503,733,Money Market,82417.06,0,1,0,Low,25.2,0,0
CUST-07880,John Garcia,47,Female,46193,788,Standard Checking,3345.24,1,1,0,None,0,0,0
CUST-07881,Nancy Gonzalez,25,Male,58819,603,Savings,11513.56,0,0,0,Medium,62.3,1,0
CUST-07882,William Rodriguez,71,Female,24342,850,Savings,711.23,0,1,0,Low,29.9,0,0
CUST-07883,Karen Rodriguez,83,Female,40222,536,Standard Checking,5190.66,1,1,0,Medium,68.4,0,1
CUST-07884,Joseph Gonzalez,21,Male,48977,657,Savings,5892.62,1,1,0,High,74.5,0,0
CUST-07885,Nancy Thomas,77,Female,43500,437,Standard Checking,5006.64,0,0,1,High,90.9,0,1
CUST-07886,Mary Wilson,70,Male,34775,732,Savings,14175.32,1,0,0,High,75.5,0,0
CUST-07887,Anthony Garcia,32,Female,29362,598,Premium Checking,54346,1,0,0,Medium,54.5,0,0
CUST-07888,Mary Davis,18,Male,116412,605,Standard Checking,7979.5,0,0,1,None,0,0,1
CUST-07889,Patricia Wilson,39,Female,15237,776,Savings,14030.43,1,0,0,High,99.5,0,0
CUST-07890,David Wilson,32,Male,81851,662,Standard Checking,2383.14,1,0,0,Medium,53.3,0,0
CUST-07891,Barbara Thomas,39,Female,27687,724,Premium Checking,25284.88,0,0,0,Medium,33.3,0,0
CUST-07892,Jennifer Martin,67,Female,55280,647,Standard Checking,5801.01,0,0,1,High,98,0,0
CUST-07893,James Lopez,65,Male,50975,613,Savings,14864.17,0,0,0,High,75.7,0,0
CUST-07894,Michael Davis,68,Female,29151,742,Savings,13560.31,1,0,1,None,0,0,0
CUST-07895,William Johnson,34,Female,44528,691,Money Market,148477.29,1,0,1,None,0,1,0
CUST-07896,Thomas Martin,68,Female,40192,694,Standard Checking,13953.68,1,0,0,Medium,59.8,0,0
CUST-07897,Richard Jones,54,Female,49704,638,Standard Checking,9485.09,1,0,0,High,77.4,0,0
CUST-07898,Elizabeth Lopez,66,Female,93057,668,Standard Checking,4671.95,0,0,0,Low,7.3,0,0
CUST-07899,Thomas Garcia,76,Female,99852,638,Standard Checking,12268.17,0,0,0,High,95.4,0,0
CUST-07900,John Anderson,27,Male,33400,733,Savings,12857.83,0,1,0,Low,27.5,0,0
CUST-07901,Michael Garcia,47,Female,58272,682,Standard Checking,57.55,1,0,0,Medium,67.1,0,0
CUST-07902,Patricia Jackson,38,Female,81578,723,Standard Checking,2063.78,1,1,0,High,75.7,0,0
CUST-07903,Robert Williams,51,Female,39477,657,Standard Checking,11253.68,0,0,0,None,0,0,1
CUST-07904,Betty Rodriguez,67,Male,66158,805,Savings,9201.07,1,0,0,High,95.1,0,0
CUST-07905,Jennifer Gonzalez,64,Male,161150,675,Money Market,58909.72,1,0,0,Medium,63.2,0,0
CUST-07906,Anthony Martin,23,Female,27719,704,Savings,4155.91,0,0,0,Medium,37,0,0
CUST-07907,Patricia Johnson,67,Male,62275,720,Savings,1710.35,0,0,0,High,98,0,0
CUST-07908,Betty Brown,80,Male,29616,621,Standard Checking,6438.48,0,0,1,Medium,52.1,0,0
CUST-07909,Linda Gonzalez,29,Male,35862,655,Savings,967.5,1,0,0,Medium,54.1,0,0
CUST-07910,Elizabeth Moore,58,Female,38645,719,Standard Checking,10271.22,1,0,1,Medium,48.8,0,0
CUST-07911,William Smith,48,Non-Binary,61170,572,Premium Checking,47860.05,1,0,0,High,70.4,0,0
CUST-07912,Richard Moore,19,Female,135007,710,Savings,13223.37,0,0,1,Low,14.6,0,0
CUST-07913,Joseph Johnson,33,Male,36369,581,Standard Checking,1469.38,0,0,0,Low,8.7,0,1
CUST-07914,David Wilson,18,Male,81174,575,Savings,10395.97,1,0,0,Medium,55.4,0,0
CUST-07915,Nancy Anderson,21,Female,31229,602,Savings,13065.52,1,0,0,Medium,39.2,0,0
CUST-07916,Susan Thomas,64,Female,39352,712,Savings,10575.81,1,0,1,High,71.8,0,0
CUST-07917,Daniel Anderson,82,Male,94503,850,Standard Checking,13896.64,0,1,0,Low,11.7,0,0
CUST-07918,Charles Rodriguez,69,Female,79097,590,Standard Checking,4961.86,1,1,0,Medium,35.5,0,0
CUST-07919,Robert Jones,64,Male,39898,684,Savings,2071.27,1,0,0,Medium,49.1,0,0
CUST-07920,David Martin,67,Female,36214,748,Savings,5276.27,0,1,1,High,92.7,0,0
CUST-07921,Matthew Brown,62,Male,61962,715,Premium Checking,48056.86,0,0,1,Medium,41.5,0,0
CUST-07922,Karen Moore,59,Non-Binary,35347,632,Money Market,144004.96,1,0,0,High,92.2,0,0
CUST-07923,Matthew Williams,73,Female,38562,728,Premium Checking,68180.84,0,0,0,Medium,67.4,0,0
CUST-07924,Patricia Wilson,74,Male,40105,643,Standard Checking,10296.69,0,0,0,Medium,33.9,0,0
CUST-07925,Michael Davis,50,Female,44839,670,Standard Checking,1553.92,1,0,1,Medium,37.4,0,0
CUST-07926,Lisa Thomas,45,Male,36619,617,Savings,4058.57,0,0,0,None,0,0,1
CUST-07927,Karen Anderson,61,Male,21647,755,Standard Checking,2438.66,1,1,0,Low,22.5,0,0
CUST-07928,Michael Taylor,73,Male,106516,700,Standard Checking,7205.49,1,0,0,High,74.4,0,0
CUST-07929,Nancy Lopez,61,Female,73899,659,Savings,14054.95,1,0,0,None,0,0,0
CUST-07930,Sarah Wilson,51,Male,46926,703,Standard Checking,13731.16,0,0,1,High,95.3,0,0
CUST-07931,Joseph Anderson,31,Female,33884,686,Savings,6435.56,1,0,0,High,96.5,0,0
CUST-07932,Robert Thomas,85,Female,89455,701,Premium Checking,34902.17,1,0,0,Medium,41.5,0,0
CUST-07933,Robert Johnson,46,Female,61932,734,Savings,6500.57,1,1,1,Medium,48.8,0,0
CUST-07934,Karen Rodriguez,34,Male,35441,702,Money Market,130898.15,0,0,0,Low,14.3,1,0
CUST-07935,Nancy Rodriguez,26,Male,63180,622,Savings,13273.32,1,0,1,Medium,60.7,0,0
CUST-07936,Patricia Anderson,44,Male,51039,558,Standard Checking,507.31,1,0,0,High,71.5,0,1
CUST-07937,David Smith,66,Male,52425,733,Savings,13216.69,1,0,0,Medium,61,0,0
CUST-07938,Sarah Smith,54,Female,75432,640,Savings,12528.41,1,1,1,High,80.2,0,0
CUST-07939,Linda Thomas,45,Female,62976,758,Standard Checking,3053.7,1,0,0,High,86.2,0,0
CUST-07940,Betty Moore,67,Male,75128,577,Savings,6125.1,1,0,0,Medium,48.8,0,0
CUST-07941,Nancy Rodriguez,72,Female,122567,615,Standard Checking,12777.81,0,0,0,Medium,40.3,0,0
CUST-07942,Barbara Jackson,21,Male,65631,671,Savings,8393.06,1,0,0,High,73.8,0,0
CUST-07943,Matthew Moore,36,Male,158847,687,Savings,10940.41,1,1,0,Medium,43.5,0,0
CUST-07944,Anthony Jones,54,Female,89065,746,Standard Checking,2384.63,1,0,1,None,0,0,1
CUST-07945,Anthony Johnson,21,Female,43352,753,Standard Checking,7134.88,1,0,0,Medium,53.7,0,0
CUST-07946,Michael Martinez,54,Female,22995,676,Premium Checking,27862.31,0,0,1,Medium,67.1,0,0
CUST-07947,Joseph Miller,68,Female,89510,732,Premium Checking,49361.43,1,1,0,None,0,0,0
CUST-07948,Margaret Jones,49,Male,25695,551,Savings,4907.38,0,0,0,High,84,1,1
CUST-07949,Joseph Martin,62,Female,52977,656,Savings,11023.13,1,0,1,Low,14.5,0,0
CUST-07950,Margaret Martin,29,Female,70349,736,Premium Checking,42919.27,1,0,0,High,93,1,0
CUST-07951,Joseph Martinez,58,Female,28669,684,Standard Checking,9340.17,1,1,0,Low,19.6,0,0
CUST-07952,Lisa Wilson,73,Female,35778,781,Savings,1170.1,1,0,0,High,80.4,0,0
CUST-07953,Betty Martinez,31,Male,28795,614,Premium Checking,47076.08,1,1,1,High,97.6,0,0
CUST-07954,Thomas Wilson,71,Female,137630,742,Standard Checking,10435.63,1,1,0,High,76.9,0,0
CUST-07955,Mary Thomas,80,Male,70771,645,Savings,14889.34,1,0,1,High,89.7,0,0
CUST-07956,Richard Rodriguez,82,Female,34139,714,Savings,5485.85,0,0,0,Medium,37.1,0,0
CUST-07957,Michael Thomas,75,Female,22695,619,Savings,9255,1,0,0,Medium,64.4,0,0
CUST-07958,Elizabeth Rodriguez,38,Male,31702,690,Standard Checking,9306.79,0,0,0,Low,11.2,0,0
CUST-07959,Nancy Miller,21,Non-Binary,35806,741,Premium Checking,50504.18,1,0,1,Medium,56.1,0,0
CUST-07960,Jessica Rodriguez,63,Male,37143,734,Premium Checking,23505.88,1,0,0,Medium,63.9,0,0
CUST-07961,Anthony Taylor,29,Male,72834,688,Money Market,69315.62,1,0,1,None,0,0,0
CUST-07962,Karen Miller,47,Female,24211,737,Money Market,12355.27,1,0,0,Medium,49.6,0,0
CUST-07963,David Davis,77,Male,84428,725,Standard Checking,2064.69,1,0,0,High,99.1,0,0
CUST-07964,Michael Jackson,82,Male,19865,659,Money Market,106776.3,1,0,0,None,0,0,0
CUST-07965,Karen Lopez,31,Female,47216,693,Savings,13543.03,1,0,0,Medium,53.2,0,0
CUST-07966,Michael Davis,61,Female,34611,741,Standard Checking,7679.47,1,0,0,Low,19.8,0,0
CUST-07967,Michael Garcia,43,Female,80603,810,Savings,1893.27,1,0,0,High,91.1,0,0
CUST-07968,Matthew Rodriguez,33,Female,100732,718,Standard Checking,4199.03,0,0,0,None,0,0,1
CUST-07969,Anthony Gonzalez,24,Female,73452,599,Money Market,86982.02,1,0,0,None,0,0,0
CUST-07970,Michael Davis,49,Female,61162,708,Standard Checking,6050.12,0,0,0,High,93.3,0,0
CUST-07971,Nancy Taylor,33,Female,42859,809,Savings,14777.33,0,0,0,Medium,43.7,0,0
CUST-07972,Thomas Thomas,79,Male,95859,634,Standard Checking,8208.76,0,1,0,Medium,36.1,0,0
CUST-07973,Nancy Johnson,47,Female,29723,588,Savings,10666.67,1,0,0,Medium,69.6,0,0
CUST-07974,Sandra Davis,29,Male,61302,715,Savings,3346.59,0,0,0,High,81.7,0,0
CUST-07975,Thomas Gonzalez,84,Male,84314,684,Savings,14809.74,1,1,1,Low,10.2,0,0
CUST-07976,Sarah Martinez,63,Female,77502,686,Premium Checking,6392.34,0,0,0,High,71.7,1,0
CUST-07977,Mary Johnson,60,Female,63856,666,Standard Checking,12856.92,0,0,1,Medium,62.8,0,0
CUST-07978,Anthony Wilson,72,Male,62993,641,Premium Checking,62475.88,1,0,0,High,80.1,0,0
CUST-07979,Jessica Miller,62,Male,76581,630,Standard Checking,9905.11,1,1,0,Medium,53.4,0,0
CUST-07980,Christopher Lopez,77,Female,45869,700,Premium Checking,17993.64,1,1,0,Medium,38.5,0,0
CUST-07981,Margaret Wilson,49,Male,100042,730,Premium Checking,53634.19,1,0,0,High,84.1,0,0
CUST-07982,Matthew Brown,25,Male,137103,655,Standard Checking,9375.64,0,0,1,High,77.8,0,0
CUST-07983,Betty Brown,79,Female,19452,771,Money Market,46723.08,0,0,0,Low,8.7,0,0
CUST-07984,Sarah Williams,37,Male,40256,682,Standard Checking,3795,0,0,0,Medium,49.7,0,0
CUST-07985,James Taylor,35,Male,28060,733,Money Market,99776.4,1,0,0,Medium,56.2,0,0
CUST-07986,Michael Thomas,23,Female,35374,650,Savings,1372.87,1,0,1,Medium,41.1,0,0
CUST-07987,Sandra Jones,46,Female,52152,690,Premium Checking,24458.74,1,0,0,High,72.9,0,0
CUST-07988,Charles Miller,21,Male,62038,704,Standard Checking,875.31,0,0,0,Medium,54.1,0,0
CUST-07989,Susan Johnson,60,Female,45135,672,Standard Checking,5763.66,1,0,1,High,88.2,0,0
CUST-07990,John Taylor,51,Male,67362,598,Standard Checking,10459.08,1,0,0,High,74.2,0,0
CUST-07991,Jessica Davis,50,Female,33917,769,Premium Checking,32794.94,1,0,0,High,87.5,0,0
CUST-07992,Sarah Anderson,32,Male,40039,670,Standard Checking,8090.85,0,0,1,Medium,48.3,0,0
CUST-07993,Michael Rodriguez,57,Female,67708,539,Premium Checking,48861.03,1,0,0,Low,26.2,0,0
CUST-07994,Jennifer Moore,22,Female,41549,646,Savings,3388.95,1,0,1,Medium,42.1,0,0
CUST-07995,Sarah Wilson,67,Female,25731,791,Savings,5035.94,1,0,1,Medium,61.9,0,0
CUST-07996,Susan Wilson,83,Male,149623,764,Standard Checking,6850.48,1,0,0,High,82.3,0,0
CUST-07997,Matthew Brown,71,Female,78363,699,Money Market,97390,1,0,0,High,92.2,0,0
CUST-07998,Patricia Anderson,63,Male,53184,739,Standard Checking,12713.7,1,0,0,Low,24,0,0
CUST-07999,Joseph Moore,28,Male,76585,779,Savings,6954.64,1,0,1,High,82,0,0
CUST-08000,Susan Smith,66,Male,60395,687,Standard Checking,11545.73,1,0,0,Medium,34.7,0,0
CUST-08001,Elizabeth Martin,40,Female,22157,754,Savings,1811.15,0,0,0,Low,26.9,0,0
CUST-08002,Elizabeth Martinez,72,Male,52923,624,Premium Checking,36219.42,0,0,0,Medium,41.4,0,0
CUST-08003,Anthony Johnson,22,Non-Binary,34142,605,Standard Checking,4358.33,0,0,0,Medium,42.9,0,0
CUST-08004,Mark Davis,81,Male,51867,681,Savings,4806.97,0,0,1,High,99.3,0,0
CUST-08005,James Smith,52,Female,60005,731,Standard Checking,9412.65,1,0,0,High,70.5,0,0
CUST-08006,Patricia Miller,71,Male,78909,768,Savings,3328.85,0,0,0,Medium,38.3,0,0
CUST-08007,William Thomas,20,Male,29944,673,Premium Checking,26773.68,0,0,0,Medium,47,0,0
CUST-08008,Robert Johnson,23,Male,30498,622,Savings,9706.45,1,0,0,Medium,65.6,0,0
CUST-08009,Margaret Hernandez,73,Female,38673,831,Standard Checking,14959.75,0,0,0,High,84.1,0,0
CUST-08010,Sarah Jackson,19,Male,101935,666,Standard Checking,14881.25,0,0,0,None,0,0,0
CUST-08011,Richard Hernandez,55,Female,40874,609,Savings,13834.44,0,0,1,Low,12.7,0,0
CUST-08012,Karen Jackson,73,Male,64052,720,Premium Checking,16145.84,1,0,0,Low,27.4,0,0
CUST-08013,Thomas Jones,22,Female,47670,850,Savings,11476.02,0,0,1,Medium,41.7,0,0
CUST-08014,Richard Martin,63,Male,40230,686,Money Market,64924.35,1,1,0,Medium,35.5,0,0
CUST-08015,James Martinez,28,Male,52429,685,Premium Checking,68416.46,0,0,0,Low,27.2,0,0
CUST-08016,Linda Davis,82,Female,72833,732,Standard Checking,773.22,1,0,1,High,92.3,0,0
CUST-08017,Charles Garcia,27,Male,68659,745,Savings,12562.27,1,0,0,None,0,0,0
CUST-08018,Barbara Miller,58,Male,26785,597,Money Market,44694.26,1,0,0,Medium,60.1,0,0
CUST-08019,Jessica Rodriguez,61,Male,57960,784,Standard Checking,1248.88,1,0,0,High,86.2,0,0
CUST-08020,Christopher Martinez,50,Female,110776,671,Savings,14378.71,1,0,0,Medium,34.1,0,0
CUST-08021,Elizabeth Martinez,73,Male,57094,684,Savings,13093.87,1,0,0,High,87.6,0,0
CUST-08022,Karen Thomas,29,Male,86287,600,Standard Checking,10351.53,1,0,0,High,81.8,1,0
CUST-08023,James Taylor,19,Female,117035,657,Premium Checking,60676.05,0,0,0,Medium,67.5,0,0
CUST-08024,Sandra Wilson,18,Male,53209,779,Savings,7669.83,0,0,1,Medium,38.5,0,0
CUST-08025,Charles Taylor,82,Female,47525,760,Savings,458.06,1,0,0,High,82.2,0,0
CUST-08026,Susan Davis,50,Female,60773,712,Standard Checking,10094.29,1,0,0,High,71.6,0,0
CUST-08027,Christopher Rodriguez,53,Female,93305,507,Standard Checking,14333,1,0,0,High,98.5,0,0
CUST-08028,Linda Gonzalez,38,Male,45271,629,Standard Checking,3318.54,1,0,0,High,74.3,0,0
CUST-08029,Thomas Jackson,53,Female,27629,710,Standard Checking,6142.49,0,0,0,Low,25.8,0,0
CUST-08030,Margaret Miller,43,Male,58681,649,Standard Checking,12935.02,1,0,0,High,92.4,0,0
CUST-08031,Thomas Smith,64,Male,77974,725,Premium Checking,36600.73,0,0,1,Medium,59.7,0,0
CUST-08032,Robert Garcia,18,Female,59862,735,Standard Checking,4833.81,1,1,0,High,99.2,0,0
CUST-08033,Betty Johnson,55,Male,61049,778,Standard Checking,14125.37,1,0,1,Medium,68.7,0,0
CUST-08034,Anthony Thomas,31,Male,48084,553,Standard Checking,11546.51,1,0,0,High,99.9,0,0
CUST-08035,Nancy Jones,63,Female,43588,654,Savings,1259.77,1,1,0,High,95.2,1,0
CUST-08036,Robert Lopez,59,Male,92539,626,Savings,6993.66,1,1,1,Medium,30.7,0,0
CUST-08037,John Thomas,24,Male,20092,640,Standard Checking,7712.42,0,0,0,Medium,42.8,0,0
CUST-08038,Jennifer Anderson,72,Male,51319,674,Standard Checking,11119.32,1,0,1,High,86.2,0,0
CUST-08039,Joseph Thomas,73,Male,29996,697,Savings,3254.97,0,1,0,None,0,0,1
CUST-08040,Karen Gonzalez,80,Male,48224,725,Savings,3571.75,1,0,1,High,77.8,0,0
CUST-08041,Barbara Martinez,41,Male,55936,625,Savings,12797.59,1,1,1,High,71.5,0,0
CUST-08042,Susan Johnson,21,Male,63129,657,Savings,3405.16,1,0,0,None,0,0,1
CUST-08043,Mark Williams,59,Female,52622,688,Standard Checking,6741.05,1,0,0,Medium,45.3,0,0
CUST-08044,William Hernandez,45,Male,98251,684,Money Market,133660.46,0,0,0,High,88.8,0,0
CUST-08045,David Martinez,57,Female,51678,640,Savings,7897.08,0,0,0,High,86.5,0,0
CUST-08046,Betty Wilson,68,Female,28833,636,Standard Checking,13734.58,0,0,1,Low,8.2,0,0
CUST-08047,William Martin,46,Male,82239,666,Savings,7691.71,1,0,1,Medium,69.4,0,0
CUST-08048,Anthony Martinez,59,Male,58005,576,Standard Checking,3152.49,1,0,0,High,88.8,0,1
CUST-08049,Nancy Rodriguez,22,Female,30337,589,Premium Checking,20301.72,1,0,0,High,79.2,0,0
CUST-08050,Mark Jones,58,Male,70646,667,Standard Checking,11693.25,1,0,0,Medium,62.4,0,0
CUST-08051,Linda Hernandez,78,Female,37080,685,Standard Checking,3073.41,1,0,0,Medium,52.9,0,0
CUST-08052,James Martinez,72,Male,78248,762,Savings,11578.81,1,0,0,Low,6.4,1,0
CUST-08053,James Miller,45,Male,26087,567,Savings,4867.82,1,0,0,Medium,54.1,0,1
CUST-08054,Margaret Wilson,58,Male,46049,710,Standard Checking,8501.19,1,0,0,Low,14.4,0,0
CUST-08055,Robert Taylor,26,Male,60784,778,Savings,14564.82,1,0,0,High,78.4,0,0
CUST-08056,Nancy Garcia,46,Male,28757,699,Standard Checking,712.09,0,0,0,High,72.4,0,0
CUST-08057,Jessica Hernandez,55,Male,63678,632,Savings,2601.76,0,0,0,Medium,57.5,0,0
CUST-08058,Elizabeth Anderson,79,Male,82158,656,Money Market,90911.62,1,0,1,Medium,34.3,0,0
CUST-08059,Michael Johnson,71,Female,44276,807,Standard Checking,798.79,1,0,0,None,0,0,0
CUST-08060,Barbara Jackson,69,Male,59664,758,Standard Checking,1694.16,1,1,0,Medium,33.6,0,0
CUST-08061,Barbara Thomas,51,Female,32936,634,Premium Checking,50464.03,1,1,0,Medium,68.9,0,0
CUST-08062,Jennifer Williams,54,Male,204981,626,Savings,12629.9,1,0,0,Medium,67.6,0,0
CUST-08063,Mary Martin,66,Male,49173,708,Savings,8208.76,1,0,0,Medium,42.1,0,0
CUST-08064,Robert Hernandez,59,Male,57850,711,Savings,2842.08,1,0,0,Low,20.3,0,0
CUST-08065,Betty Williams,31,Female,42873,778,Savings,2014.26,1,0,0,Medium,46.9,0,0
CUST-08066,John Jones,50,Female,35231,665,Premium Checking,22860.12,1,0,0,Low,26.9,0,0
CUST-08067,Nancy Hernandez,34,Male,79396,575,Standard Checking,13546.06,1,0,0,Medium,31.3,0,0
CUST-08068,John Gonzalez,49,Male,14714,660,Premium Checking,39835.57,1,0,0,High,97.8,0,0
CUST-08069,Christopher Davis,85,Non-Binary,19693,646,Savings,3331.72,1,0,0,High,97.4,0,0
CUST-08070,Karen Martinez,56,Female,57533,490,Premium Checking,30134.49,1,0,0,Medium,41.1,0,0
CUST-08071,Mary Brown,27,Male,40788,660,Savings,6489.81,0,0,0,Medium,43.3,0,0
CUST-08072,Sarah Jackson,41,Female,74809,747,Standard Checking,1907.3,1,1,0,Medium,42.6,0,0
CUST-08073,Patricia Martin,75,Male,37835,732,Standard Checking,3838.48,0,0,0,None,0,0,1
CUST-08074,Betty Rodriguez,81,Male,21252,657,Standard Checking,10913.08,1,0,0,Medium,66.7,0,0
CUST-08075,Jessica Garcia,36,Female,47421,650,Savings,11746.64,1,0,0,High,88.8,0,0
CUST-08076,Matthew Brown,25,Female,42873,643,Savings,2777.45,0,0,1,Medium,40.8,0,0
CUST-08077,William Gonzalez,57,Male,28531,642,Savings,4932.97,1,0,0,None,0,0,1
CUST-08078,William Garcia,30,Female,72630,736,Money Market,87512.73,0,0,0,Low,5.4,0,0
CUST-08079,Christopher Jackson,44,Female,58599,774,Money Market,99802,1,1,0,Low,6.6,0,0
CUST-08080,Susan Anderson,19,Male,29943,732,Standard Checking,12954.12,0,0,0,Low,23.3,0,0
CUST-08081,John Jones,33,Male,22777,629,Standard Checking,4573.21,1,0,0,Medium,46.6,0,0
CUST-08082,Christopher Moore,31,Male,58546,622,Standard Checking,3755.98,1,0,0,Medium,31.3,0,0
CUST-08083,Susan Thomas,34,Male,30388,782,Premium Checking,48087.85,1,0,0,Low,29.2,0,0
CUST-08084,Susan Rodriguez,77,Female,30342,685,Savings,10120.78,0,0,0,High,83,0,0
CUST-08085,Joseph Miller,34,Male,46419,628,Standard Checking,7711.46,1,1,0,Medium,67.4,0,0
CUST-08086,Susan Garcia,62,Male,50198,686,Premium Checking,70206.17,0,0,0,Low,15.1,0,0
CUST-08087,Christopher Anderson,55,Female,63036,586,Savings,2222.42,0,0,0,Medium,61.4,0,1
CUST-08088,Karen Davis,81,Non-Binary,83156,597,Standard Checking,3396.27,0,0,0,Medium,69.6,0,1
CUST-08089,Mary Davis,23,Female,38875,637,Savings,3317.2,1,0,0,Medium,46.8,0,0
CUST-08090,James Taylor,77,Female,65762,742,Savings,13310.91,1,0,0,High,89.9,0,0
CUST-08091,Charles Jones,66,Female,44931,659,Standard Checking,14130.58,1,0,0,Medium,63.2,0,0
CUST-08092,Sandra Martin,38,Female,88299,728,Savings,6282.58,1,0,0,High,72.5,0,0
CUST-08093,Jessica Miller,40,Male,32076,692,Premium Checking,13397.58,0,0,0,Low,27.3,0,0
CUST-08094,Michael Moore,74,Male,63711,583,Savings,4141.76,1,0,0,High,97.8,0,1
CUST-08095,Sarah Johnson,81,Female,32417,790,Standard Checking,400.26,1,0,0,Medium,46.3,0,0
CUST-08096,Joseph Wilson,46,Male,31146,595,Savings,3265.47,1,0,1,High,79.4,0,1
CUST-08097,Sarah Rodriguez,44,Male,39017,639,Standard Checking,281.84,1,0,0,Medium,54.2,0,0
CUST-08098,Susan Jones,23,Female,17135,646,Premium Checking,48433.1,1,1,0,Medium,66.4,0,0
CUST-08099,David Davis,38,Male,80278,735,Standard Checking,9373.42,1,0,0,Medium,58.9,0,0
CUST-08100,Robert Hernandez,58,Male,31682,636,Standard Checking,10128.1,1,0,0,Medium,58.6,0,0
CUST-08101,Robert Taylor,22,Male,38933,618,Premium Checking,43541.41,1,0,0,None,0,0,0
CUST-08102,Nancy Brown,32,Male,30223,739,Savings,6942.03,1,0,1,High,98.6,0,0
CUST-08103,Joseph Jackson,38,Female,78821,660,Savings,6503.89,1,0,0,High,73.9,1,0
CUST-08104,Nancy Johnson,75,Female,56024,724,Money Market,34550.25,1,1,0,High,81.2,0,0
CUST-08105,Lisa Taylor,21,Female,64564,848,Standard Checking,11702.21,0,0,0,High,71.4,0,0
CUST-08106,Barbara Taylor,24,Female,53364,649,Savings,6260.71,1,0,0,High,77.7,0,0
CUST-08107,Elizabeth Moore,52,Female,53325,710,Standard Checking,10929.24,1,1,0,High,78.5,0,0
CUST-08108,Charles Moore,53,Female,57878,594,Standard Checking,1347.24,1,0,0,Medium,58.4,0,1
CUST-08109,Richard Wilson,32,Male,78795,639,Standard Checking,3841.4,0,0,0,High,88.3,0,0
CUST-08110,Lisa Thomas,19,Female,27620,701,Standard Checking,2594.63,1,0,0,High,73.2,0,0
CUST-08111,Sarah Moore,74,Female,36850,780,Premium Checking,23027.88,1,0,1,Medium,43.9,0,0
CUST-08112,Jessica Taylor,22,Female,28978,571,Standard Checking,13251.87,1,0,0,High,84.3,0,0
CUST-08113,Michael Lopez,49,Female,66168,706,Standard Checking,9299.32,1,0,0,High,78.5,0,0
CUST-08114,Mary Martinez,58,Male,61122,600,Savings,9992.32,1,0,0,High,97.9,0,0
CUST-08115,Robert Williams,59,Male,70196,659,Standard Checking,8885.26,1,0,1,High,87.7,0,0
CUST-08116,Charles Gonzalez,82,Female,13696,640,Money Market,83824.65,1,0,1,Medium,54.1,0,0
CUST-08117,Barbara Williams,57,Male,39483,626,Standard Checking,3217.39,0,0,0,High,99.3,0,0
CUST-08118,Jennifer Wilson,55,Male,14910,692,Money Market,62840.45,0,0,0,High,92.1,0,0
CUST-08119,Patricia Gonzalez,59,Male,130042,609,Premium Checking,12678.77,0,0,0,None,0,0,1
CUST-08120,Charles Moore,54,Male,52235,452,Money Market,30796.68,1,0,0,Medium,34.1,0,0
CUST-08121,Mark Williams,73,Male,32574,649,Premium Checking,14052.23,1,0,0,Medium,62.3,0,0
CUST-08122,Karen Garcia,72,Female,46113,623,Savings,10834.09,1,0,0,High,72.5,0,0
CUST-08123,Jessica Martin,71,Non-Binary,48578,648,Standard Checking,282.72,1,0,0,Medium,56.4,0,0
CUST-08124,Lisa Williams,39,Male,131730,623,Savings,8715.39,1,0,0,Medium,47.6,0,0
CUST-08125,Barbara Jackson,44,Male,44525,714,Standard Checking,4452.12,1,0,0,Medium,31.1,0,0
CUST-08126,Charles Brown,64,Female,53787,719,Premium Checking,17200.02,0,0,0,None,0,0,0
CUST-08127,James Johnson,55,Male,36441,588,Standard Checking,4295.58,0,0,1,High,97.9,0,1
CUST-08128,Richard Gonzalez,56,Female,140751,762,Money Market,59023.98,1,0,0,High,73.7,0,0
CUST-08129,Sandra Johnson,32,Male,107601,725,Savings,12761.16,1,0,1,None,0,1,0
CUST-08130,Sandra Jackson,83,Non-Binary,18433,646,Standard Checking,3798.89,0,0,0,None,0,0,1
CUST-08131,Nancy Thomas,78,Male,75119,670,Standard Checking,7939.71,1,0,0,Medium,55.7,0,0
CUST-08132,Barbara Smith,77,Female,61329,745,Savings,11062.92,1,0,0,Low,20.6,0,0
CUST-08133,William Taylor,25,Female,33258,647,Standard Checking,13911.11,0,0,0,Medium,30.3,0,0
CUST-08134,Elizabeth Moore,61,Female,29832,731,Standard Checking,545.19,0,0,0,None,0,1,1
CUST-08135,Charles Miller,60,Female,17765,700,Standard Checking,11655.7,0,0,0,Medium,43.5,0,0
CUST-08136,Matthew Jackson,23,Female,67599,737,Standard Checking,3715.25,0,0,0,Medium,37,0,0
CUST-08137,Lisa Anderson,44,Female,24842,720,Premium Checking,23067.36,1,0,1,Low,25.3,0,0
CUST-08138,William Martinez,62,Female,57235,637,Standard Checking,2256.71,1,0,0,High,81,0,0
CUST-08139,Daniel Martin,40,Female,28446,689,Savings,10056.45,1,1,0,High,87.5,0,0
CUST-08140,Karen Brown,30,Male,26966,737,Standard Checking,11098.84,0,0,0,Medium,49.8,0,0
CUST-08141,Jennifer Brown,85,Male,50268,731,Standard Checking,7824.95,1,0,0,High,79.7,0,0
CUST-08142,Robert Rodriguez,81,Male,91611,725,Premium Checking,13730.3,1,1,0,High,97,0,0
CUST-08143,Barbara Davis,42,Male,33397,663,Standard Checking,2402.82,1,0,0,Medium,49.9,0,0
CUST-08144,Christopher Jones,69,Female,47591,781,Standard Checking,1618.81,1,0,0,High,73.1,0,0
CUST-08145,Mark Hernandez,65,Male,51608,703,Standard Checking,11346.91,1,0,0,Medium,55.7,0,0
CUST-08146,Daniel Hernandez,78,Female,47127,795,Standard Checking,948.12,1,0,0,Medium,37.1,0,0
CUST-08147,Richard Wilson,34,Female,57234,597,Standard Checking,8760.1,0,0,0,None,0,0,1
CUST-08148,Margaret Davis,57,Female,49421,658,Savings,482.36,1,1,0,Low,21.3,0,0
CUST-08149,Matthew Moore,43,Female,20523,667,Premium Checking,20653.1,1,0,1,Low,18.4,0,0
CUST-08150,Charles Lopez,73,Male,94120,738,Standard Checking,2118.22,1,0,0,High,70.9,0,0
CUST-08151,Barbara Moore,57,Female,59721,625,Standard Checking,9777.58,1,0,0,Low,11.6,0,0
CUST-08152,Elizabeth Miller,85,Male,44063,624,Standard Checking,3713.71,0,0,0,Medium,49.1,1,0
CUST-08153,Margaret Moore,25,Female,29740,746,Premium Checking,54674.54,1,1,1,Medium,34.1,0,0
CUST-08154,Barbara Wilson,62,Male,40840,669,Standard Checking,11415.02,1,1,1,Medium,50.7,0,0
CUST-08155,Joseph Thomas,34,Male,75888,719,Standard Checking,9074.72,0,0,0,Low,10.3,0,0
CUST-08156,Mary Moore,58,Female,25198,621,Standard Checking,10862.02,1,0,0,Medium,38.6,0,0
CUST-08157,Barbara Thomas,26,Female,32220,728,Savings,10461.68,1,0,0,Medium,58.6,0,0
CUST-08158,Richard Martin,41,Male,46971,739,Standard Checking,13357.54,1,0,0,Medium,39.1,0,0
CUST-08159,Thomas Moore,28,Female,21946,768,Standard Checking,11718.73,1,0,1,Low,19.3,0,0
CUST-08160,John Martinez,52,Male,30171,609,Premium Checking,28652.64,1,0,0,None,0,1,0
CUST-08161,James Garcia,46,Male,42705,596,Savings,1063.55,0,0,0,Medium,70,0,1
CUST-08162,John Jackson,25,Female,14390,673,Premium Checking,54988.89,1,0,0,Medium,66.5,0,0
CUST-08163,Patricia Martin,34,Female,43465,764,Standard Checking,8165.95,1,0,1,High,98.6,0,0
CUST-08164,Daniel Williams,29,Female,25402,617,Standard Checking,5009.82,1,0,1,High,76.7,0,0
CUST-08165,Linda Davis,67,Female,88566,604,Savings,7689.36,1,0,0,Low,20.5,0,0
CUST-08166,Anthony Miller,41,Female,37151,645,Savings,10946.72,0,0,0,Medium,41,0,0
CUST-08167,Mary Garcia,54,Male,70911,692,Savings,4911.36,1,0,0,Medium,68.2,0,0
CUST-08168,Margaret Thomas,28,Male,59452,688,Premium Checking,63068.58,1,0,0,Medium,51.7,0,0
CUST-08169,Elizabeth Brown,76,Male,33041,617,Premium Checking,57211.23,1,0,0,Medium,47.2,0,0
CUST-08170,Richard Martinez,72,Female,58451,628,Standard Checking,4995.74,0,0,1,High,70.3,0,0
CUST-08171,Christopher Wilson,44,Male,114704,673,Premium Checking,34610.43,1,0,1,Low,25.7,0,0
CUST-08172,William Hernandez,84,Male,50252,627,Savings,7712.14,0,1,0,None,0,0,1
CUST-08173,Daniel Moore,77,Female,41047,606,Premium Checking,23700.55,1,0,1,High,72.9,0,0
CUST-08174,David Taylor,19,Male,59296,717,Standard Checking,2907.67,1,0,1,Medium,60.3,0,0
CUST-08175,Mary Williams,85,Female,62448,639,Money Market,56147.78,1,0,0,High,70,0,0
CUST-08176,David Moore,35,Male,40749,645,Standard Checking,12180.5,0,1,0,Medium,44.4,0,0
CUST-08177,Anthony Williams,37,Female,11473,655,Savings,10037.8,0,0,0,Medium,50.6,0,0
CUST-08178,Betty Anderson,80,Male,31398,700,Standard Checking,8370.36,0,0,0,High,93.6,0,0
CUST-08179,David Hernandez,19,Male,25534,683,Standard Checking,12753.04,0,0,0,High,99.1,0,0
CUST-08180,Margaret Martin,59,Female,48448,640,Savings,11610.97,1,0,0,High,75.5,0,0
CUST-08181,Margaret Hernandez,45,Female,88269,669,Money Market,22047.5,1,0,0,Medium,67.6,0,0
CUST-08182,Charles Smith,46,Male,62552,665,Standard Checking,6750.8,0,0,0,High,76.6,1,0
CUST-08183,Anthony Jones,45,Male,38218,781,Premium Checking,41310.15,1,0,0,Low,10.8,0,0
CUST-08184,Elizabeth Martinez,77,Male,55884,678,Savings,9613.62,0,0,0,High,90.8,0,0
CUST-08185,Susan Johnson,22,Male,48537,622,Standard Checking,5101.38,0,0,0,High,81.8,1,0
CUST-08186,Patricia Johnson,32,Female,63593,568,Standard Checking,6610.9,1,0,0,High,75.8,0,1
CUST-08187,Sarah Gonzalez,49,Female,65387,746,Premium Checking,11766.87,0,1,0,None,0,0,0
CUST-08188,Charles Jones,69,Male,94005,674,Premium Checking,35850.59,0,1,0,Low,28.9,0,0
CUST-08189,Karen Johnson,54,Male,45723,702,Premium Checking,11630.75,1,0,0,Medium,32.8,0,0
CUST-08190,David Moore,32,Female,19951,734,Premium Checking,62125.46,0,0,0,None,0,0,0
CUST-08191,Sandra Garcia,58,Male,25272,627,Savings,11975.08,1,0,0,High,93,0,0
CUST-08192,Daniel Martinez,21,Female,49449,625,Standard Checking,6821.92,1,0,1,Low,6.5,0,0
CUST-08193,Nancy Taylor,70,Female,42854,684,Standard Checking,674.59,1,0,0,Medium,60.8,0,0
CUST-08194,Nancy Hernandez,44,Male,70337,841,Standard Checking,12895.38,1,0,0,High,86.4,0,0
CUST-08195,Charles Taylor,38,Male,82349,629,Savings,11018.51,1,0,0,Low,28.6,0,0
CUST-08196,Lisa Brown,77,Male,49915,643,Standard Checking,2622.66,1,0,0,Low,9.3,0,0
CUST-08197,Betty Wilson,81,Female,26241,738,Standard Checking,5154.91,1,0,1,High,86.3,1,0
CUST-08198,Anthony Martin,64,Female,64924,721,Savings,1016.51,0,0,0,Medium,41.1,0,0
CUST-08199,Patricia Wilson,71,Female,56363,645,Standard Checking,7238.5,1,0,0,High,94,0,0
CUST-08200,Betty Brown,48,Non-Binary,67330,568,Premium Checking,55957.41,0,0,0,High,94.6,0,0
CUST-08201,Jennifer Rodriguez,34,Female,34117,661,Premium Checking,36113.02,0,0,0,High,97.2,0,0
CUST-08202,Christopher Lopez,67,Female,217594,807,Standard Checking,2820.81,1,0,0,High,86.5,0,0
CUST-08203,Mark Davis,24,Male,20482,648,Standard Checking,3710.75,1,0,0,Low,23.4,0,0
CUST-08204,Lisa Brown,45,Male,51366,736,Money Market,110734.42,0,0,1,Medium,42.3,0,0
CUST-08205,Anthony Jones,27,Male,70074,602,Money Market,75144.18,0,0,1,None,0,0,0
CUST-08206,Jennifer Jones,44,Female,74114,738,Savings,8721.12,1,0,0,Medium,55.9,0,0
CUST-08207,Charles Davis,30,Male,49255,742,Premium Checking,9656.13,1,0,0,Medium,34.6,0,0
CUST-08208,William Anderson,83,Female,66873,682,Premium Checking,16516,1,1,0,High,76.8,0,0
CUST-08209,Patricia Rodriguez,77,Female,77074,766,Savings,10429.21,1,0,0,High,96.7,0,0
CUST-08210,Michael Davis,60,Male,51738,672,Savings,14822.24,0,0,0,Medium,62.7,0,0
CUST-08211,Joseph Jackson,80,Female,54956,818,Savings,13027.28,1,1,1,Medium,68,0,0
CUST-08212,Joseph Jones,82,Male,67549,671,Standard Checking,2066.64,0,0,0,Medium,59.1,0,0
CUST-08213,Charles Miller,84,Male,49548,656,Savings,10610.36,1,0,0,Low,13.3,0,0
CUST-08214,Jennifer Jackson,71,Female,95505,703,Premium Checking,6626.12,0,1,0,Medium,47.5,0,0
CUST-08215,Matthew Taylor,53,Female,80720,595,Money Market,24600.08,1,0,0,High,90.8,0,0
CUST-08216,Elizabeth Jackson,32,Male,42059,696,Savings,9729.69,0,0,0,High,87.3,0,0
CUST-08217,David Anderson,35,Male,34228,622,Standard Checking,11309.08,1,0,1,High,97.7,0,0
CUST-08218,Elizabeth Hernandez,21,Male,72159,747,Standard Checking,7651.08,1,0,0,Medium,47.6,0,0
CUST-08219,Daniel Williams,28,Male,51174,742,Premium Checking,49420.96,1,0,0,Medium,33.2,0,0
CUST-08220,Sandra Williams,23,Female,36444,626,Premium Checking,26815.64,0,0,0,Low,18.5,0,0
CUST-08221,Sarah Hernandez,68,Male,38567,648,Savings,5060.95,0,0,0,Medium,43,0,0
CUST-08222,Karen Moore,75,Female,67785,747,Standard Checking,4431.8,1,0,0,Medium,55.4,0,0
CUST-08223,Matthew Anderson,77,Female,38851,816,Money Market,113951.84,1,0,0,Medium,62.4,0,0
CUST-08224,Michael Martinez,35,Male,101004,680,Premium Checking,26815.29,1,0,0,Medium,39.4,0,0
CUST-08225,Christopher Martin,84,Male,29765,738,Savings,9539.9,0,0,1,High,82.1,0,0
CUST-08226,Mark Martinez,34,Female,38157,732,Savings,2804.26,0,0,0,High,70.3,0,0
CUST-08227,Richard Anderson,51,Male,30787,733,Money Market,135707.31,0,0,1,Low,9.4,0,0
CUST-08228,Daniel Moore,47,Female,26649,519,Savings,1722.41,1,0,1,Medium,67.2,0,1
CUST-08229,Daniel Brown,36,Male,32922,616,Savings,6321.96,1,1,0,High,94.6,0,0
CUST-08230,Karen Taylor,26,Male,38013,782,Savings,7175.32,1,0,0,High,94.2,0,0
CUST-08231,Margaret Williams,57,Male,39738,625,Premium Checking,33294.98,1,1,0,Medium,48.5,0,0
CUST-08232,Christopher Johnson,61,Male,16607,665,Premium Checking,53845.41,0,0,0,Medium,60,0,0
CUST-08233,Patricia Smith,76,Female,26991,817,Money Market,112385.11,1,0,0,High,86.1,0,0
CUST-08234,Joseph Smith,42,Non-Binary,53634,645,Standard Checking,8230.71,0,1,0,Low,27.5,0,0
CUST-08235,Jennifer Miller,70,Male,34503,689,Money Market,65085.3,1,0,1,Low,9.2,0,0
CUST-08236,Charles Lopez,65,Male,82508,709,Premium Checking,40690.41,1,0,0,High,73.7,1,0
CUST-08237,James Miller,70,Male,43443,761,Standard Checking,11900.02,1,1,0,High,80.8,0,0
CUST-08238,Charles Gonzalez,66,Male,65919,722,Premium Checking,52399.57,1,0,0,Medium,47.8,0,0
CUST-08239,Betty Lopez,60,Female,40700,643,Savings,14368.66,0,1,0,Medium,50.1,0,0
CUST-08240,Barbara Gonzalez,36,Female,77476,680,Standard Checking,8309.94,0,0,0,High,94.8,0,0
CUST-08241,Margaret Wilson,83,Male,15262,664,Savings,4940.42,1,0,0,None,0,0,1
CUST-08242,Nancy Lopez,51,Female,51705,743,Money Market,56692.93,1,0,0,High,76.1,0,0
CUST-08243,Karen Lopez,71,Female,105367,676,Money Market,62724.38,1,0,0,Medium,35.9,0,0
CUST-08244,Anthony Garcia,18,Male,23657,695,Premium Checking,11435.69,0,0,0,Medium,37,0,0
CUST-08245,Anthony Martinez,72,Female,71406,646,Standard Checking,1876.22,0,0,0,Low,26.6,0,0
CUST-08246,Karen Rodriguez,32,Male,59627,820,Premium Checking,44902.26,0,0,0,High,91.1,0,0
CUST-08247,Mary Miller,32,Female,24010,622,Standard Checking,13334.32,1,0,0,High,89.4,0,0
CUST-08248,William Lopez,40,Female,58340,828,Money Market,66090.27,1,1,0,Medium,59.4,0,0
CUST-08249,Robert Smith,83,Male,58132,667,Savings,14993.24,1,1,1,High,96.3,0,0
CUST-08250,Nancy Anderson,63,Female,46835,743,Standard Checking,7254.23,0,0,0,Medium,30.8,0,0
CUST-08251,Linda Smith,26,Female,86741,688,Savings,7382.63,0,0,1,High,77.6,0,0
CUST-08252,Sarah Gonzalez,83,Female,80943,596,Standard Checking,5175.76,0,0,0,Medium,54.1,0,0
CUST-08253,Mark Smith,83,Male,73678,646,Standard Checking,5955.73,1,0,0,Medium,37.4,1,0
CUST-08254,Robert Moore,35,Female,98802,758,Standard Checking,6855.41,0,0,0,Medium,58.7,0,0
CUST-08255,Jessica Martinez,34,Male,32665,606,Standard Checking,2729.27,0,0,0,Medium,64.7,0,1
CUST-08256,Sandra Brown,51,Female,37737,498,Premium Checking,6327.93,0,0,0,Medium,40.8,0,1
CUST-08257,James Davis,81,Female,35260,553,Money Market,118762.4,1,0,0,None,0,0,0
CUST-08258,Robert Johnson,61,Male,37967,680,Standard Checking,431.85,0,0,0,None,0,0,1
CUST-08259,Lisa Taylor,46,Male,38331,611,Savings,11186.39,1,0,1,High,97.3,0,0
CUST-08260,Michael Taylor,79,Female,45802,684,Standard Checking,8439.59,1,0,0,Medium,59,0,0
CUST-08261,Margaret Garcia,33,Female,40430,721,Standard Checking,1689.12,1,0,0,Low,12.9,0,0
CUST-08262,Mark Anderson,69,Non-Binary,28458,724,Savings,12648.15,1,0,0,Medium,45.3,0,0
CUST-08263,Robert Anderson,19,Male,72903,706,Premium Checking,39031.24,1,0,0,High,84.9,0,0
CUST-08264,Sarah Moore,78,Female,31639,821,Standard Checking,6410.15,1,0,0,Low,11.5,0,0
CUST-08265,Matthew Garcia,21,Female,107709,790,Premium Checking,8263.67,0,0,0,Medium,46.2,0,0
CUST-08266,Mary Taylor,69,Female,73379,613,Savings,11782.16,1,0,0,High,84.4,0,0
CUST-08267,Christopher Brown,58,Female,27198,723,Savings,1260.61,1,0,0,Medium,62.6,0,0
CUST-08268,Barbara Jackson,69,Male,48535,719,Standard Checking,10596.35,0,0,0,Medium,67.7,0,0
CUST-08269,Mary Johnson,48,Female,24151,602,Standard Checking,9575.05,1,0,0,High,82.1,0,0
CUST-08270,Susan Anderson,43,Female,92696,641,Standard Checking,6379.59,1,1,0,Medium,56.5,0,0
CUST-08271,Karen Johnson,44,Male,49144,566,Standard Checking,14273.03,0,0,0,High,85.2,0,0
CUST-08272,Patricia Jackson,68,Male,48211,641,Savings,8283.27,0,0,1,Medium,33.6,0,0
CUST-08273,William Miller,65,Female,54747,725,Standard Checking,8956.91,1,0,0,Medium,66.4,0,0
CUST-08274,Sandra Gonzalez,28,Male,44970,754,Savings,11458.51,1,0,0,High,97.2,0,0
CUST-08275,Anthony Lopez,25,Male,35261,835,Money Market,105275.53,1,0,0,None,0,0,0
CUST-08276,John Gonzalez,29,Female,46718,735,Savings,12651.1,1,0,0,None,0,0,0
CUST-08277,Joseph Wilson,62,Male,91779,708,Standard Checking,3472.68,1,0,0,Low,28.4,0,0
CUST-08278,Lisa Rodriguez,51,Male,37112,808,Savings,11796.93,0,0,0,High,99.8,1,0
CUST-08279,Richard Brown,64,Female,98414,788,Money Market,114242.54,1,0,0,High,94.5,0,0
CUST-08280,Christopher Davis,38,Male,38714,640,Savings,10264.56,1,0,0,Medium,44.2,0,0
CUST-08281,John Johnson,58,Female,53630,671,Savings,14781.63,0,0,0,Low,6.4,1,0
CUST-08282,Charles Davis,39,Male,130683,728,Savings,10326.49,1,0,0,Low,27.3,0,0
CUST-08283,Thomas Gonzalez,38,Female,65007,585,Savings,4977.8,1,0,0,Medium,46.4,0,1
CUST-08284,Michael Rodriguez,45,Male,58511,707,Premium Checking,15011.17,1,0,0,Medium,62.6,0,0
CUST-08285,Barbara Wilson,84,Male,67967,710,Standard Checking,14892.64,0,1,0,High,98.1,0,0
CUST-08286,Susan Anderson,31,Female,80774,731,Money Market,42812.44,1,0,0,Low,29.3,0,0
CUST-08287,John Anderson,69,Male,32260,741,Standard Checking,11827.36,0,0,0,Medium,48.6,0,0
CUST-08288,Charles Martin,60,Female,62891,656,Savings,2775.68,1,0,0,None,0,0,1
CUST-08289,Susan Davis,36,Female,55769,710,Premium Checking,26143.6,1,1,0,High,88.2,0,0
CUST-08290,Robert Jackson,44,Female,16593,650,Savings,2686.41,1,0,0,High,85,0,0
CUST-08291,Patricia Wilson,35,Male,55488,747,Savings,14904.96,1,0,0,High,72.6,0,0
CUST-08292,Jessica Martin,30,Female,29879,694,Standard Checking,1661.61,1,0,0,Medium,39.8,0,0
CUST-08293,Lisa Garcia,18,Female,51857,747,Standard Checking,5755.41,0,0,0,Low,12,0,0
CUST-08294,Daniel Garcia,51,Male,80189,552,Standard Checking,10550.53,0,0,0,High,90.6,0,0
CUST-08295,John Anderson,30,Male,30728,589,Money Market,133099.14,0,0,0,High,98.4,0,0
CUST-08296,Mark Williams,68,Female,46194,702,Savings,4629.48,1,1,0,High,89.7,0,0
CUST-08297,David Williams,18,Female,39620,592,Standard Checking,8991.66,0,0,0,High,70.9,0,0
CUST-08298,Margaret Martinez,45,Male,86730,750,Premium Checking,26686.2,1,1,0,Medium,61.7,0,0
CUST-08299,Sarah Smith,49,Female,37237,751,Standard Checking,584.99,0,0,0,Low,12.2,0,0
CUST-08300,Jessica Thomas,72,Female,54643,712,Standard Checking,2104.83,0,0,0,High,91.6,0,0
CUST-08301,Anthony Martinez,43,Male,67217,658,Savings,5983.43,1,0,1,Medium,60.1,0,0
CUST-08302,James Brown,31,Female,71671,655,Savings,7356.12,1,0,0,Medium,64.4,1,0
CUST-08303,John Jones,85,Male,30198,742,Premium Checking,74802.91,1,0,0,Medium,40.8,0,0
CUST-08304,Barbara Lopez,80,Female,43166,722,Premium Checking,65273.06,1,0,0,High,91.2,0,0
CUST-08305,Richard Lopez,31,Female,109175,619,Premium Checking,48453.87,0,1,0,High,85.4,0,0
CUST-08306,Matthew Thomas,44,Male,48641,709,Premium Checking,26619.17,1,0,0,Low,7.1,0,0
CUST-08307,Richard Jones,58,Female,82059,783,Savings,4654.26,1,1,0,High,77.1,0,0
CUST-08308,Lisa Brown,20,Male,137172,719,Savings,2862.61,1,1,0,High,80.1,0,0
CUST-08309,Christopher Anderson,76,Female,47392,653,Premium Checking,19289.73,1,0,0,Low,8.5,0,0
CUST-08310,Barbara Jackson,40,Male,74279,664,Standard Checking,3637.44,0,0,0,High,84.3,0,0
CUST-08311,Christopher Jackson,35,Female,78972,653,Savings,14141.61,0,0,0,High,72.4,0,0
CUST-08312,Christopher Hernandez,58,Female,24853,649,Standard Checking,4945.29,1,0,1,Medium,36.8,0,0
CUST-08313,Sandra Garcia,25,Female,59930,595,Savings,724.28,1,0,0,High,93.3,0,1
CUST-08314,William Smith,49,Male,103947,687,Standard Checking,11764.62,1,0,1,Low,10.7,0,0
CUST-08315,Barbara Wilson,58,Female,22270,570,Standard Checking,11881.64,0,0,0,Low,15.1,0,0
CUST-08316,Jennifer Smith,62,Male,46305,734,Standard Checking,13358.04,0,0,0,Medium,48,0,0
CUST-08317,Nancy Johnson,26,Male,51910,656,Standard Checking,12297.08,0,0,0,Low,28.6,0,0
CUST-08318,Lisa Hernandez,65,Male,46644,772,Premium Checking,14504.83,0,0,0,High,93.3,0,0
CUST-08319,John Martinez,41,Female,44335,610,Standard Checking,11441.65,1,0,0,High,78.4,0,0
CUST-08320,Sandra Garcia,61,Female,28129,670,Standard Checking,12881.16,1,0,0,High,70.7,0,0
CUST-08321,Jennifer Martin,75,Female,59437,687,Money Market,22044.78,1,0,0,High,93.7,0,0
CUST-08322,Christopher Johnson,83,Female,33765,599,Money Market,144621.26,1,0,0,Medium,38,0,0
CUST-08323,Betty Martinez,35,Female,34193,714,Savings,10554.25,0,0,1,None,0,0,0
CUST-08324,Daniel Garcia,46,Male,19080,599,Standard Checking,13947.63,0,1,0,High,72,0,0
CUST-08325,Daniel Taylor,19,Female,24050,710,Savings,9402.17,1,0,0,Low,16.4,0,0
CUST-08326,Sandra Wilson,85,Male,102639,783,Savings,4858.02,1,0,0,Low,18.6,0,0
CUST-08327,Robert Taylor,56,Female,50960,721,Savings,1257.37,1,0,0,Medium,54.6,0,0
CUST-08328,Mary Rodriguez,58,Female,70954,648,Money Market,22781.87,0,0,0,Medium,34,0,0
CUST-08329,Barbara Jackson,39,Female,31453,761,Premium Checking,26513.47,1,0,1,Medium,36.5,0,0
CUST-08330,Nancy Miller,66,Female,18542,842,Standard Checking,9093.2,1,0,1,High,81.1,0,0
CUST-08331,William Thomas,45,Male,35297,697,Money Market,101130.54,0,0,0,High,75,0,0
CUST-08332,Karen Hernandez,33,Male,18822,634,Savings,2855.06,1,0,0,Medium,64.1,0,0
CUST-08333,Barbara Anderson,85,Male,34536,685,Money Market,112288.94,0,0,1,High,84,0,0
CUST-08334,Sarah Jackson,79,Male,87141,594,Money Market,118879.41,0,0,0,Low,5.8,0,0
CUST-08335,Jessica Anderson,53,Female,46660,759,Standard Checking,8707,0,0,0,Medium,59.1,0,0
CUST-08336,Robert Hernandez,39,Male,101163,701,Savings,10300.84,1,0,0,Medium,68.6,0,0
CUST-08337,Joseph Moore,28,Female,65192,643,Savings,13665.81,1,0,0,Medium,33.9,1,0
CUST-08338,Richard Brown,59,Female,83547,716,Premium Checking,74443.05,1,0,0,Medium,60.9,0,0
CUST-08339,Thomas Brown,72,Female,43404,645,Savings,3505.14,1,0,0,Low,7.4,0,0
CUST-08340,Jessica Anderson,52,Female,24442,666,Premium Checking,59451.03,1,0,0,High,87.6,0,0
CUST-08341,Susan Lopez,74,Male,29498,680,Standard Checking,13403.03,1,0,0,Medium,57.8,0,0
CUST-08342,John Martinez,51,Male,90461,806,Premium Checking,49877.74,1,0,1,High,90.7,0,0
CUST-08343,Linda Garcia,21,Female,53601,601,Standard Checking,11614.14,0,0,0,Medium,38.9,0,0
CUST-08344,Nancy Wilson,63,Male,24653,734,Premium Checking,36918.94,0,0,0,Medium,47.1,0,0
CUST-08345,Thomas Jackson,28,Male,67827,630,Standard Checking,4630.4,0,0,1,Low,10.9,0,0
CUST-08346,Jessica Anderson,78,Female,22491,803,Premium Checking,25875.88,1,1,0,High,89.3,0,0
CUST-08347,Betty Anderson,52,Female,61724,615,Standard Checking,6257.23,1,0,0,Low,27.3,0,0
CUST-08348,James Lopez,74,Female,43072,617,Savings,3794.05,1,0,1,Medium,65.5,1,0
CUST-08349,Elizabeth Wilson,28,Male,69192,733,Premium Checking,51354.45,1,0,0,Low,25,0,0
CUST-08350,Elizabeth Martinez,29,Female,42957,680,Premium Checking,5521.58,1,0,0,None,0,0,1
CUST-08351,Karen Hernandez,60,Female,70444,737,Money Market,122818.25,1,0,0,None,0,0,0
CUST-08352,Nancy Thomas,36,Female,22800,765,Premium Checking,71111.37,1,0,1,Medium,37.4,0,0
CUST-08353,Mark Rodriguez,85,Male,57937,693,Standard Checking,876.56,1,0,0,None,0,0,1
CUST-08354,Joseph Wilson,76,Female,39261,751,Standard Checking,6719.72,1,0,1,Low,20.2,0,0
CUST-08355,Charles Rodriguez,19,Female,59086,543,Standard Checking,447.95,0,0,0,High,70.9,0,1
CUST-08356,Patricia Miller,25,Female,42032,705,Standard Checking,10857.13,1,0,0,High,87,0,0
CUST-08357,Nancy Davis,39,Male,31344,666,Savings,1738.35,1,0,0,High,98.3,0,0
CUST-08358,Lisa Davis,38,Female,46515,785,Savings,12536.95,1,0,0,High,91.4,0,0
CUST-08359,Charles Anderson,46,Female,91017,527,Standard Checking,13479.1,1,0,0,Low,9.3,0,0
CUST-08360,Jessica Rodriguez,54,Female,36247,628,Standard Checking,6077.74,1,1,0,High,72.1,0,0
CUST-08361,Betty Lopez,46,Male,54172,587,Premium Checking,71445.18,1,0,0,Medium,57.2,0,0
CUST-08362,Jessica Brown,54,Male,35005,695,Standard Checking,5990.73,0,0,0,Medium,47.4,0,0
CUST-08363,Robert Davis,38,Male,18357,697,Standard Checking,6887.8,0,0,0,Low,16,0,0
CUST-08364,James Garcia,29,Female,50895,682,Money Market,123645.19,1,0,0,High,98.8,0,0
CUST-08365,Joseph Brown,65,Female,343069,736,Premium Checking,60800.69,1,0,1,Medium,54.8,0,0
CUST-08366,Christopher Hernandez,64,Male,25121,757,Savings,13798.53,1,0,0,High,97.4,0,0
CUST-08367,Robert Moore,32,Female,79163,705,Standard Checking,1662.71,1,0,0,Medium,64.5,0,0
CUST-08368,Lisa Anderson,84,Female,14979,586,Standard Checking,5947.1,0,0,0,Low,25.1,1,0
CUST-08369,Sarah Martin,30,Male,47685,641,Savings,5382.55,0,0,0,High,74.5,0,0
CUST-08370,Margaret Gonzalez,76,Male,24431,727,Savings,1543.64,0,0,0,Low,9.5,0,0
CUST-08371,Robert Smith,30,Male,60856,697,Savings,11648.97,1,0,0,High,87.2,0,0
CUST-08372,Nancy Moore,36,Female,37192,634,Savings,2120.71,0,0,0,Medium,41.3,0,0
CUST-08373,Susan Jones,74,Male,36527,752,Premium Checking,53175.06,0,1,0,High,79.1,0,0
CUST-08374,Jennifer Thomas,49,Female,27824,721,Money Market,43607.66,1,0,0,Medium,63,0,0
CUST-08375,Nancy Lopez,38,Female,16735,751,Savings,10474.33,1,0,0,Medium,31.5,0,0
CUST-08376,Karen Moore,31,Male,42314,706,Savings,10959.43,1,1,0,Medium,64.8,0,0
CUST-08377,Mary Gonzalez,41,Male,34363,630,Savings,8646.89,1,1,0,High,76.1,1,0
CUST-08378,Anthony Taylor,66,Female,39798,781,Standard Checking,2611.56,1,0,0,Low,17.4,0,0
CUST-08379,Thomas Thomas,49,Male,41312,727,Premium Checking,64009.86,0,0,0,Medium,47,0,0
CUST-08380,Christopher Moore,28,Female,32202,717,Premium Checking,68188.84,0,0,0,Medium,42.1,0,0
CUST-08381,Linda Williams,77,Female,52022,743,Standard Checking,10641.86,1,1,0,Low,23.2,0,0
CUST-08382,Thomas Moore,85,Male,43953,661,Savings,9644.93,1,1,0,Medium,60,0,0
CUST-08383,Betty Garcia,78,Female,74069,720,Standard Checking,1280.11,1,0,1,High,93.8,0,0
CUST-08384,Margaret Davis,22,Female,161078,672,Premium Checking,39616.36,1,0,1,High,75.6,0,0
CUST-08385,Daniel Gonzalez,53,Male,54943,628,Money Market,133071.14,1,0,0,High,80.3,0,0
CUST-08386,Linda Jackson,81,Male,85259,585,Standard Checking,13769.44,1,0,0,Medium,34.4,0,0
CUST-08387,Jennifer Anderson,49,Female,52193,538,Premium Checking,67638.01,1,0,1,High,75.8,0,0
CUST-08388,Elizabeth Taylor,83,Male,61863,706,Standard Checking,399.36,1,0,0,High,86.5,0,0
CUST-08389,James Miller,27,Male,41647,628,Standard Checking,3246.83,1,0,0,High,84.8,0,0
CUST-08390,Mark Gonzalez,38,Female,46571,644,Savings,8560.11,1,0,1,Medium,63.4,0,0
CUST-08391,John Jackson,57,Female,32939,626,Standard Checking,721.17,0,0,0,High,92.5,0,1
CUST-08392,Joseph Jones,59,Female,99591,573,Standard Checking,13650.41,0,0,0,Medium,45.6,0,0
CUST-08393,David Moore,63,Male,79536,754,Premium Checking,58254.13,0,0,0,High,80.5,1,0
CUST-08394,John Garcia,58,Male,55690,821,Savings,2577.62,1,0,0,Low,21.9,0,0
CUST-08395,John Jones,21,Female,29359,554,Premium Checking,71169.9,0,0,1,Medium,66.7,0,0
CUST-08396,William Jackson,31,Female,44880,707,Standard Checking,10560.74,1,0,0,Low,24.2,0,0
CUST-08397,Margaret Gonzalez,31,Female,79517,597,Savings,6955.75,0,0,0,High,96.7,0,0
CUST-08398,Mark Garcia,70,Male,166536,736,Standard Checking,6916.81,1,0,0,None,0,0,0
CUST-08399,David Wilson,46,Male,50949,778,Savings,4757.21,1,1,1,Medium,54.1,0,0
CUST-08400,Jennifer Garcia,40,Female,90465,734,Savings,8806.97,0,0,0,Medium,63,0,0
CUST-08401,Thomas Hernandez,48,Female,53460,615,Savings,9045.1,1,0,1,Low,14,0,0
CUST-08402,Joseph Rodriguez,78,Male,92771,630,Premium Checking,40119.48,0,1,0,High,99.9,0,0
CUST-08403,Christopher Taylor,40,Male,17235,649,Savings,7283.73,1,0,0,Medium,35.1,0,0
CUST-08404,Lisa Miller,25,Female,31872,728,Standard Checking,1699.89,1,0,1,Medium,58.6,0,0
CUST-08405,Michael Smith,33,Non-Binary,57335,664,Premium Checking,65700.72,1,0,0,High,78.1,1,0
CUST-08406,Matthew Davis,43,Male,26678,728,Premium Checking,8503.69,1,0,0,Medium,39.6,0,0
CUST-08407,Robert Jackson,46,Male,60610,680,Standard Checking,12840.83,1,0,0,Low,29.4,0,0
CUST-08408,Linda Taylor,23,Male,49998,675,Standard Checking,726.93,1,0,1,Medium,54.2,0,0
CUST-08409,Charles Lopez,54,Male,21965,688,Savings,10010.95,1,0,0,High,96.1,0,0
CUST-08410,Anthony Anderson,50,Male,20010,677,Standard Checking,13144.01,1,1,0,Medium,56.2,0,0
CUST-08411,Patricia Lopez,63,Male,57900,570,Standard Checking,5062.75,1,0,0,Low,19.8,0,1
CUST-08412,Anthony Gonzalez,78,Female,27624,613,Standard Checking,11894.74,1,1,0,High,89.6,0,0
CUST-08413,Susan Jones,58,Female,39002,795,Savings,135.4,0,1,0,Low,18.9,0,0
CUST-08414,Nancy Thomas,35,Female,67202,713,Standard Checking,9995.95,0,0,0,Medium,68.8,0,0
CUST-08415,Sandra Miller,33,Female,47054,806,Standard Checking,3648.26,0,0,1,Medium,68.6,0,0
CUST-08416,Joseph Gonzalez,68,Male,39676,617,Premium Checking,25191.17,1,0,0,None,0,0,0
CUST-08417,Betty Thomas,54,Male,22961,679,Savings,7528.2,1,0,0,High,90.8,0,0
CUST-08418,Barbara Miller,31,Female,103767,666,Savings,5530.12,1,1,1,Medium,57.9,0,0
CUST-08419,Jessica Gonzalez,85,Female,73325,606,Money Market,105362.67,1,1,0,Medium,49.4,0,0
CUST-08420,Mark Williams,47,Male,35520,562,Money Market,15289.51,0,0,1,High,83,0,0
CUST-08421,Joseph Williams,77,Male,31208,610,Money Market,63939.01,1,0,0,Low,13.4,0,0
CUST-08422,Michael Moore,70,Female,37014,753,Premium Checking,52001.18,0,0,0,High,89.8,0,0
CUST-08423,Susan Moore,53,Male,30043,646,Savings,4063.88,0,1,0,High,88.3,0,0
CUST-08424,Charles Wilson,47,Male,42262,657,Standard Checking,11679.92,1,0,0,High,78.8,0,0
CUST-08425,Karen Garcia,81,Female,85656,679,Premium Checking,7880.9,0,0,1,High,81.4,0,0
CUST-08426,Mark Davis,31,Female,81292,691,Standard Checking,7752.72,0,0,0,High,77.7,0,0
CUST-08427,Betty Miller,40,Female,81156,658,Standard Checking,6767,1,0,0,High,84.8,0,0
CUST-08428,Karen Moore,65,Male,25623,652,Standard Checking,13708.54,1,0,0,High,81,0,0
CUST-08429,Sarah Anderson,45,Female,29206,707,Standard Checking,9743.17,0,0,0,Medium,66.5,0,0
CUST-08430,Karen Jackson,24,Female,79316,794,Standard Checking,5449.06,1,0,0,High,85.1,0,0
CUST-08431,Nancy Johnson,59,Female,61414,636,Standard Checking,8305.6,1,0,0,Medium,36.9,0,0
CUST-08432,Linda Hernandez,27,Male,39446,572,Premium Checking,55072.8,1,0,0,High,93.1,0,0
CUST-08433,Sarah Gonzalez,85,Female,69965,636,Premium Checking,17953.03,1,0,1,Medium,61.3,0,0
CUST-08434,William Rodriguez,61,Male,63094,673,Premium Checking,26327.86,0,0,1,Medium,57.1,0,0
CUST-08435,Thomas Miller,30,Male,22780,551,Standard Checking,6639.87,1,0,0,Medium,60,0,1
CUST-08436,William Smith,50,Male,15851,686,Money Market,50542.72,1,0,0,Medium,40.8,0,0
CUST-08437,Mary Brown,49,Female,48703,720,Premium Checking,67903.69,1,0,0,High,70.1,0,0
CUST-08438,Susan Brown,65,Female,16652,607,Premium Checking,19013.44,1,0,0,High,83.7,0,0
CUST-08439,Mary Davis,22,Female,84778,659,Premium Checking,71001.72,1,0,0,Low,9.6,1,0
CUST-08440,Sarah Jackson,78,Male,63275,727,Savings,14766.22,1,0,0,High,78.3,1,0
CUST-08441,Susan Martin,20,Female,40783,677,Standard Checking,1184.75,1,0,0,Medium,46.4,0,0
CUST-08442,Matthew Martinez,41,Male,26470,690,Standard Checking,1398.91,1,0,1,Medium,60.8,0,0
CUST-08443,Thomas Davis,51,Male,30688,672,Savings,1907.82,1,1,0,High,71.9,0,0
CUST-08444,Margaret Wilson,59,Female,10789,686,Standard Checking,14831.85,0,0,0,Medium,65.2,0,0
CUST-08445,Christopher Davis,37,Male,98435,790,Premium Checking,51828.16,0,0,0,Medium,60,0,0
CUST-08446,Robert Thomas,58,Female,54012,720,Savings,6159.66,1,0,0,Low,9.1,0,0
CUST-08447,Linda Martinez,37,Male,44795,537,Money Market,25784.53,0,0,0,High,73.8,0,0
CUST-08448,Anthony Davis,23,Male,122705,691,Standard Checking,8427.5,0,1,0,Medium,39.5,0,0
CUST-08449,William Moore,74,Male,30513,803,Premium Checking,6068.56,1,0,0,Medium,61.7,1,0
CUST-08450,John Taylor,59,Male,44316,683,Money Market,24482.16,0,0,0,Low,12.2,0,0
CUST-08451,Karen Anderson,42,Male,34625,553,Standard Checking,14092.91,1,1,1,High,88.2,0,0
CUST-08452,Christopher Taylor,58,Male,138743,608,Standard Checking,14290.18,1,0,0,Medium,57.7,0,0
CUST-08453,Linda Johnson,58,Female,42422,673,Premium Checking,16448.24,1,0,0,Medium,30.9,0,0
CUST-08454,Thomas Moore,20,Male,53774,624,Standard Checking,2457.57,0,0,0,High,96.2,0,0
CUST-08455,Mark Jones,60,Female,110239,793,Savings,99.17,0,0,0,High,77.6,0,0
CUST-08456,William Rodriguez,63,Female,84301,605,Savings,13482.33,1,0,0,Medium,65.7,0,0
CUST-08457,Mary Johnson,74,Female,21750,676,Standard Checking,4641.45,1,0,0,Medium,38,0,0
CUST-08458,Charles Williams,68,Female,41878,679,Premium Checking,62842.28,0,0,0,High,85.7,0,0
CUST-08459,Thomas Wilson,22,Male,47330,788,Standard Checking,7081.3,1,0,1,Medium,58.3,0,0
CUST-08460,Susan Wilson,32,Male,53115,673,Savings,4798.8,1,0,0,High,91.1,0,0
CUST-08461,Jennifer Williams,56,Female,57385,759,Standard Checking,8942.09,1,0,0,High,90.1,0,0
CUST-08462,James Thomas,55,Female,31162,662,Savings,6081.2,1,0,0,Low,28.8,0,0
CUST-08463,Mark Brown,56,Male,105242,671,Standard Checking,10989.56,0,0,1,High,91.9,0,0
CUST-08464,Mark Smith,69,Female,61259,653,Premium Checking,24432.76,1,0,0,High,91.8,0,0
CUST-08465,Thomas Moore,20,Female,67859,558,Money Market,115304.46,0,0,0,Medium,35.5,0,0
CUST-08466,Betty Davis,46,Female,97381,750,Standard Checking,13724.55,1,0,1,High,70.1,0,0
CUST-08467,Mary Moore,48,Female,56292,730,Standard Checking,726.57,1,1,0,Medium,63.1,0,0
CUST-08468,Anthony Thomas,83,Male,44157,678,Savings,7188.2,0,0,1,High,72.5,0,0
CUST-08469,Betty Martinez,62,Male,40884,647,Premium Checking,50294.18,1,0,1,Medium,39,0,0
CUST-08470,Linda Lopez,39,Male,43804,593,Savings,11694.47,0,1,0,Medium,66.1,0,0
CUST-08471,Nancy Thomas,27,Male,45218,641,Savings,7819.7,0,0,0,None,0,0,1
CUST-08472,Barbara Hernandez,38,Female,18846,677,Savings,10794.69,1,0,1,Medium,66.9,1,0
CUST-08473,Karen Jackson,34,Male,35935,702,Standard Checking,12450.83,1,0,0,None,0,0,0
CUST-08474,James Williams,84,Male,28377,712,Premium Checking,29948.76,1,0,0,Low,27.7,0,0
CUST-08475,Barbara Rodriguez,24,Male,17776,616,Premium Checking,65955.22,0,0,0,None,0,0,0
CUST-08476,Christopher Jones,53,Female,53021,619,Standard Checking,6853.89,1,0,0,Low,28.7,0,0
CUST-08477,James Martinez,84,Female,61190,674,Savings,9842.33,1,0,0,None,0,0,1
CUST-08478,Thomas Brown,47,Female,31867,656,Standard Checking,11235,0,0,0,Medium,37.1,0,0
CUST-08479,Joseph Jackson,46,Female,42613,727,Standard Checking,5613.53,0,1,0,High,78.2,1,0
CUST-08480,Anthony Davis,50,Male,65045,581,Money Market,113916.66,1,1,0,Low,14.7,0,0
CUST-08481,Margaret Anderson,76,Male,42160,720,Standard Checking,123.73,0,0,1,Medium,60.8,0,0
CUST-08482,Anthony Miller,37,Female,45789,684,Standard Checking,13685.75,0,0,1,Medium,49.3,0,0
CUST-08483,Joseph Davis,46,Female,43375,636,Premium Checking,25832.68,0,0,0,Medium,36.4,0,0
CUST-08484,Sandra Martinez,70,Male,66226,702,Savings,8505.94,0,0,0,High,75,0,0
CUST-08485,Sarah Brown,18,Male,48611,721,Standard Checking,8439.57,0,0,0,High,74.6,0,0
CUST-08486,Joseph Hernandez,51,Female,41661,546,Savings,646.75,1,0,0,Medium,34.5,0,1
CUST-08487,Nancy Williams,61,Male,38661,816,Standard Checking,14243.8,1,0,1,Low,19.4,0,0
CUST-08488,Joseph Williams,31,Male,32248,676,Standard Checking,11473.55,0,0,0,High,92.4,0,0
CUST-08489,Joseph Garcia,54,Female,66075,712,Standard Checking,10750.76,1,0,0,Medium,41,0,0
CUST-08490,James Wilson,52,Male,65059,710,Standard Checking,10531.74,1,0,0,High,87.7,0,0
CUST-08491,Jessica Smith,76,Female,48871,691,Standard Checking,8177.44,1,1,0,Medium,49.9,0,0
CUST-08492,Christopher Taylor,41,Male,78351,643,Premium Checking,20758.07,1,0,0,High,81.6,0,0
CUST-08493,Betty Davis,82,Male,49286,686,Money Market,41165,0,0,0,Medium,40.3,0,0
CUST-08494,Sarah Thomas,23,Female,57657,680,Savings,5439.89,1,0,0,Low,12.3,0,0
CUST-08495,Jennifer Martinez,85,Male,36871,699,Savings,8985.29,1,0,0,Medium,58.4,0,0
CUST-08496,Elizabeth Jones,55,Female,89279,787,Savings,5886.18,0,0,0,Low,8.6,0,0
CUST-08497,Betty Lopez,18,Male,53159,658,Standard Checking,1825.16,0,0,0,Medium,31.5,0,0
CUST-08498,Karen Taylor,58,Male,59474,615,Standard Checking,2210.44,0,0,0,Medium,64.1,0,1
CUST-08499,Susan Wilson,48,Male,50684,683,Savings,1016.38,1,1,0,Medium,63.7,0,0
CUST-08500,John Lopez,53,Female,51130,628,Premium Checking,31314.3,1,0,1,High,80,0,0
CUST-08501,Karen Moore,71,Male,55854,602,Standard Checking,5270.54,1,0,0,High,80.4,0,0
CUST-08502,Barbara Johnson,48,Male,17556,628,Money Market,54049.44,1,0,0,Medium,39.2,0,0
CUST-08503,Mary Taylor,46,Female,60593,582,Premium Checking,39697.77,1,0,0,None,0,0,0
CUST-08504,Elizabeth Moore,20,Female,34343,589,Savings,3234.89,1,0,0,Medium,33,0,1
CUST-08505,Nancy Jackson,75,Male,43663,782,Standard Checking,1563.02,1,0,1,Medium,32.7,0,0
CUST-08506,Betty Smith,78,Female,35314,753,Standard Checking,4862.79,1,0,0,Medium,37.4,0,0
CUST-08507,Lisa Brown,23,Female,74266,677,Premium Checking,29385.02,1,0,1,High,79.2,0,0
CUST-08508,Matthew Brown,37,Male,32987,604,Standard Checking,606.86,1,0,0,None,0,0,1
CUST-08509,Sandra Johnson,78,Male,42307,548,Money Market,65157.55,0,0,0,Medium,51.6,0,0
CUST-08510,Charles Lopez,63,Female,35431,660,Savings,2183.56,0,0,0,High,78.3,0,0
CUST-08511,Elizabeth Gonzalez,30,Male,33828,725,Premium Checking,56122.39,0,0,0,High,92.8,0,0
CUST-08512,Mark Martin,40,Female,34022,671,Money Market,89917.03,1,0,0,Medium,35.3,0,0
CUST-08513,Daniel Anderson,48,Male,26335,745,Standard Checking,2911.24,0,0,0,None,0,0,1
CUST-08514,Betty Williams,21,Male,36989,649,Savings,3452.99,1,0,0,High,86.9,0,0
CUST-08515,Daniel Martin,83,Female,53978,659,Standard Checking,9969.27,1,0,0,Medium,49.3,0,0
CUST-08516,Mark Gonzalez,33,Male,31079,717,Standard Checking,12176.24,1,1,0,High,98.6,0,0
CUST-08517,Linda Miller,48,Male,52200,586,Standard Checking,7966.63,1,0,1,High,97.4,0,0
CUST-08518,Lisa Davis,65,Female,63889,694,Standard Checking,11175.17,1,0,0,High,98.1,0,0
CUST-08519,Sarah Rodriguez,60,Female,45753,690,Standard Checking,13317.6,0,0,0,Medium,64,0,0
CUST-08520,Jennifer Brown,21,Male,27031,663,Standard Checking,9178.93,1,0,0,High,81.6,0,0
CUST-08521,Joseph Jones,79,Female,20341,773,Premium Checking,72044.48,1,0,0,High,82.1,0,0
CUST-08522,Betty Jones,65,Female,73475,728,Savings,2338.9,0,0,0,High,90.6,0,0
CUST-08523,Michael Rodriguez,45,Non-Binary,106041,569,Standard Checking,8851.23,1,0,1,Medium,40.2,0,0
CUST-08524,Michael Rodriguez,33,Female,99206,653,Standard Checking,12554.74,0,0,0,Medium,44.6,0,0
CUST-08525,Karen Martinez,47,Female,56991,631,Savings,2895.98,1,0,0,Low,17.3,0,0
CUST-08526,Sandra Brown,82,Female,57243,671,Premium Checking,7551.4,1,0,0,Medium,46.3,0,0
CUST-08527,Jennifer Wilson,31,Male,43951,610,Standard Checking,1950.09,1,0,0,None,0,0,1
CUST-08528,William Smith,51,Female,43570,606,Savings,634.42,0,0,0,Medium,65.3,0,1
CUST-08529,Thomas Gonzalez,73,Male,34067,668,Money Market,78173.32,1,1,0,Medium,54.4,0,0
CUST-08530,Lisa Miller,46,Male,32107,685,Premium Checking,66447.38,1,0,0,Low,29.5,0,0
CUST-08531,William Hernandez,42,Female,19223,622,Savings,10072.99,1,0,0,High,88.3,0,0
CUST-08532,John Lopez,83,Male,69561,614,Savings,2755.95,1,0,0,Medium,67,0,0
CUST-08533,Christopher Williams,57,Female,64561,569,Money Market,111527.71,1,1,1,High,79.9,0,0
CUST-08534,Joseph Martinez,32,Female,40556,702,Money Market,144518.87,1,0,0,Medium,57.1,0,0
CUST-08535,James Wilson,49,Male,91879,652,Money Market,43438.07,1,0,1,Low,28,0,0
CUST-08536,Anthony Martin,37,Male,149797,638,Savings,5662.25,1,0,1,Low,5.8,0,0
CUST-08537,Jennifer Johnson,70,Female,23285,738,Premium Checking,58542.54,1,1,0,High,74.7,0,0
CUST-08538,Mark Davis,84,Female,65088,501,Savings,11071.04,1,0,0,Medium,52.1,0,1
CUST-08539,James Brown,66,Female,48500,716,Savings,13837.26,0,0,1,Medium,30.7,0,0
CUST-08540,Anthony Brown,84,Male,109654,779,Standard Checking,5479.92,1,0,0,Medium,38.8,0,0
CUST-08541,Mark Jones,18,Female,37801,533,Standard Checking,6883.19,1,0,1,Low,25.8,0,1
CUST-08542,Sandra Martin,56,Male,83368,543,Savings,14274.35,1,1,0,High,85,0,0
CUST-08543,William Gonzalez,78,Male,69175,578,Savings,11233.23,1,0,0,Medium,38.2,0,0
CUST-08544,Sarah Taylor,72,Male,87240,595,Savings,10053.49,0,1,1,High,86.8,0,0
CUST-08545,Matthew Smith,19,Male,34124,750,Standard Checking,1970.77,1,1,0,High,79,0,0
CUST-08546,Nancy Anderson,34,Female,40424,661,Money Market,117230.73,1,1,0,Medium,50,0,0
CUST-08547,Mary Thomas,46,Female,63814,822,Standard Checking,12907.84,1,0,0,Low,6.9,0,0
CUST-08548,Karen Jones,21,Female,86313,653,Standard Checking,10911.44,0,0,0,High,74.4,0,0
CUST-08549,Anthony Jackson,81,Female,54771,659,Standard Checking,1786.61,0,0,0,Medium,46.7,0,0
CUST-08550,Robert Johnson,60,Male,18971,772,Savings,10086.05,1,1,1,Medium,48.2,0,0
CUST-08551,Michael Williams,29,Female,88703,501,Standard Checking,12081.73,1,1,0,Low,8.1,0,1
CUST-08552,Thomas Williams,67,Male,93704,687,Standard Checking,5755.8,1,0,1,High,73.7,0,0
CUST-08553,Richard Miller,85,Female,37250,718,Money Market,117976.9,1,0,0,Medium,61.8,0,0
CUST-08554,Matthew Williams,78,Male,75011,758,Standard Checking,10698.14,0,1,1,High,87.1,0,0
CUST-08555,Joseph Moore,68,Male,62695,742,Standard Checking,5020.54,0,0,0,Low,16.1,0,0
CUST-08556,Mark Martinez,22,Male,31392,698,Standard Checking,11147.18,1,0,0,High,76.9,0,0
CUST-08557,Daniel Miller,45,Female,76432,770,Money Market,30514.62,1,0,0,Medium,31.1,0,0
CUST-08558,William Jones,27,Female,47976,775,Savings,4714.62,0,0,0,Low,12.6,0,0
CUST-08559,Karen Davis,69,Female,24858,725,Premium Checking,26514.39,1,0,0,Low,7.2,0,0
CUST-08560,Susan Brown,34,Male,76819,609,Standard Checking,6880.45,0,0,0,None,0,0,1
CUST-08561,Karen Wilson,82,Female,141124,690,Money Market,114424.09,1,0,0,High,78.9,0,0
CUST-08562,Barbara Johnson,38,Male,15496,737,Standard Checking,10260.62,0,0,0,Medium,37.2,0,0
CUST-08563,Richard Smith,71,Female,57119,660,Premium Checking,16854.72,0,0,0,High,93.5,0,0
CUST-08564,Karen Miller,66,Male,56003,728,Premium Checking,55229.11,1,0,0,Medium,60.2,0,0
CUST-08565,Margaret Rodriguez,39,Male,27526,675,Money Market,76719.27,1,0,1,Medium,69.3,0,0
CUST-08566,Margaret Taylor,81,Female,81893,640,Savings,3499.71,0,1,0,High,88.4,0,0
CUST-08567,Christopher Gonzalez,53,Female,28398,690,Premium Checking,41417.01,1,0,0,High,87.6,0,0
CUST-08568,Daniel Martinez,38,Female,51134,584,Savings,14400.7,1,0,0,Low,25.6,0,0
CUST-08569,Jessica Garcia,73,Male,33716,697,Money Market,130799.13,1,0,0,Medium,38.1,0,0
CUST-08570,Jessica Hernandez,65,Female,29351,629,Savings,10223.78,1,0,0,Medium,38.1,0,0
CUST-08571,Betty Martin,35,Male,59019,720,Savings,12321.56,1,0,0,Medium,36.6,0,0
CUST-08572,John Rodriguez,32,Male,34342,600,Money Market,28481.89,0,0,0,Medium,52.3,0,0
CUST-08573,Joseph Gonzalez,61,Female,92989,814,Standard Checking,13312.74,1,1,0,High,84.6,0,0
CUST-08574,Elizabeth Martin,62,Female,49559,608,Savings,3820.96,0,0,0,Medium,42.1,0,0
CUST-08575,Lisa Gonzalez,53,Non-Binary,75366,739,Standard Checking,2346.11,1,0,0,High,82.3,0,0
CUST-08576,Thomas Miller,57,Male,73068,669,Premium Checking,42105.16,0,0,0,High,77.5,0,0
CUST-08577,Margaret Garcia,68,Female,88828,716,Standard Checking,4241.77,1,0,0,Low,14.2,0,0
CUST-08578,Richard Taylor,47,Female,42389,731,Premium Checking,13229.11,0,1,1,High,97.8,0,0
CUST-08579,Joseph Brown,43,Female,46125,666,Standard Checking,11873.5,1,0,0,Low,28.6,0,0
CUST-08580,Margaret Anderson,48,Male,31447,668,Standard Checking,883.09,0,0,0,High,87.5,0,0
CUST-08581,Susan Hernandez,73,Female,52565,666,Savings,1188.67,1,1,0,Medium,51,0,0
CUST-08582,Lisa Brown,78,Female,32870,542,Standard Checking,12204.21,0,0,1,Medium,56.8,0,0
CUST-08583,John Johnson,34,Male,86500,738,Premium Checking,21339.27,0,0,0,High,92.4,0,0
CUST-08584,Karen Martinez,41,Female,31000,682,Standard Checking,12703.28,1,0,1,Medium,65.3,0,0
CUST-08585,Sandra Gonzalez,21,Male,39426,656,Premium Checking,42311.39,0,1,0,High,85,0,0
CUST-08586,Karen Moore,26,Female,64374,670,Savings,8386.2,1,0,0,Low,18.9,0,0
CUST-08587,Christopher Thomas,19,Non-Binary,63089,649,Standard Checking,11255.82,1,0,0,High,89.6,0,0
CUST-08588,David Martinez,52,Male,27653,537,Standard Checking,2190.82,1,0,1,High,97.1,0,1
CUST-08589,William Lopez,55,Female,36307,649,Standard Checking,2896.25,0,1,0,High,87,0,0
CUST-08590,Sandra Jackson,62,Male,42024,679,Savings,12647.31,1,0,1,High,87.4,0,0
CUST-08591,James Moore,32,Female,45067,623,Standard Checking,5152.03,0,0,1,None,0,0,1
CUST-08592,Susan Smith,59,Female,54096,683,Standard Checking,124.06,1,0,0,Medium,57.3,0,0
CUST-08593,Thomas Hernandez,20,Male,71495,739,Savings,14302.58,0,0,0,Low,21.3,0,0
CUST-08594,Karen Anderson,48,Male,45692,638,Premium Checking,8856.99,1,0,0,High,74.2,0,0
CUST-08595,Patricia Anderson,69,Female,51367,579,Savings,12688.47,1,0,0,Medium,41.5,0,0
CUST-08596,Nancy Wilson,58,Female,33104,683,Money Market,74731.37,1,0,0,High,92.2,0,0
CUST-08597,Nancy Smith,74,Male,103850,709,Premium Checking,20642.37,0,0,0,High,82.7,0,0
CUST-08598,Betty Rodriguez,59,Male,60226,800,Savings,7571.11,1,0,0,High,84.2,0,0
CUST-08599,Anthony Miller,70,Male,42509,646,Savings,2304.79,1,0,0,Medium,60.9,0,0
CUST-08600,Daniel Hernandez,73,Male,90636,682,Premium Checking,45617.82,1,1,0,Medium,44,0,0
CUST-08601,Daniel Johnson,70,Female,58996,764,Savings,6786.75,1,0,0,Low,12.8,0,0
CUST-08602,Mary Garcia,49,Male,54719,619,Savings,1047.08,0,0,0,Medium,64.9,0,1
CUST-08603,Daniel Jackson,71,Female,49138,718,Savings,11811.84,0,0,0,Medium,54.3,0,0
CUST-08604,Mark Martin,54,Male,81470,716,Standard Checking,8398.52,1,0,1,Medium,39,0,0
CUST-08605,Susan Williams,25,Male,109815,723,Money Market,100624.47,0,1,0,High,93.2,0,0
CUST-08606,Michael Miller,28,Male,80784,638,Savings,9389.64,0,0,0,Low,6.1,0,0
CUST-08607,Patricia Jones,71,Female,49822,615,Money Market,75536.77,0,0,1,Medium,30.9,0,0
CUST-08608,Thomas Brown,77,Male,95771,662,Standard Checking,4217.3,0,0,0,Medium,38.7,0,0
CUST-08609,Daniel Gonzalez,27,Female,43030,679,Premium Checking,8471.33,0,0,0,Medium,30.9,0,0
CUST-08610,Jessica Thomas,59,Male,31539,586,Premium Checking,63035.49,0,1,1,Medium,54.3,0,0
CUST-08611,Mary Moore,54,Male,73491,716,Standard Checking,4465.3,1,0,0,Medium,57.7,0,0
CUST-08612,James Moore,75,Male,100735,738,Premium Checking,15234.82,1,0,0,Medium,58.6,0,0
CUST-08613,Betty Davis,76,Male,49013,592,Money Market,100877.27,1,0,0,High,74.2,0,0
CUST-08614,David Anderson,41,Female,111768,742,Savings,6853.99,0,0,0,Medium,47.1,0,0
CUST-08615,Jessica Taylor,45,Female,23736,598,Standard Checking,6872.59,1,0,0,Low,22.6,0,0
CUST-08616,Thomas Lopez,54,Male,46808,628,Standard Checking,12225.83,0,0,0,High,74,0,0
CUST-08617,Elizabeth Martin,38,Female,31996,681,Premium Checking,59350.5,1,0,0,Medium,64.3,0,0
CUST-08618,Jennifer Davis,50,Female,31686,686,Standard Checking,4847.8,0,0,0,High,78.5,0,0
CUST-08619,Richard Johnson,19,Female,48250,774,Standard Checking,13946.8,1,0,0,High,77.7,0,0
CUST-08620,Mark Jackson,45,Male,116003,724,Premium Checking,19957.14,1,0,1,High,83.1,0,0
CUST-08621,Nancy Martinez,32,Male,94726,699,Standard Checking,14934.99,1,0,0,Low,18.3,0,0
CUST-08622,Patricia Lopez,18,Female,98484,633,Savings,6588.45,1,0,0,High,90,0,0
CUST-08623,Sarah Miller,45,Male,61226,645,Savings,6367.39,1,0,1,High,84.7,1,0
CUST-08624,Karen Brown,67,Female,42460,612,Savings,8921.86,1,0,1,Medium,30.6,0,0
CUST-08625,Michael Martinez,52,Female,57966,646,Premium Checking,32477.62,0,0,1,High,71.2,0,0
CUST-08626,Betty Anderson,45,Male,24149,800,Savings,10803.24,1,0,0,Medium,36.4,0,0
CUST-08627,Barbara Smith,26,Female,106141,672,Savings,11436.66,1,0,0,Medium,59.4,0,0
CUST-08628,Karen Moore,41,Female,20092,692,Standard Checking,14654.44,1,0,0,High,71.8,0,0
CUST-08629,Matthew Thomas,80,Female,45982,649,Savings,11955.24,1,1,0,None,0,0,1
CUST-08630,Robert Jackson,21,Female,49007,614,Premium Checking,69423.29,1,0,1,High,97,0,0
CUST-08631,Patricia Garcia,73,Female,74868,690,Standard Checking,9867.39,1,0,0,High,85.6,0,0
CUST-08632,Betty Taylor,58,Male,61063,690,Savings,12465.64,0,0,0,Medium,64.1,0,0
CUST-08633,Michael Miller,84,Female,63119,761,Savings,2583.63,1,0,0,High,89.4,0,0
CUST-08634,William Gonzalez,65,Male,15138,645,Savings,5246.79,1,0,0,Medium,54.4,0,0
CUST-08635,Karen Wilson,75,Male,45081,649,Standard Checking,9091.42,0,1,1,Medium,32.4,0,0
CUST-08636,Jessica Rodriguez,56,Male,35709,625,Standard Checking,5731.86,0,0,0,High,83.8,0,0
CUST-08637,Joseph Jones,42,Female,52818,695,Savings,858.68,1,0,1,High,80.4,0,0
CUST-08638,Sarah Martin,77,Male,45890,755,Standard Checking,14107.66,1,0,0,Medium,58.1,0,0
CUST-08639,Linda Anderson,64,Female,54759,752,Money Market,79023.52,0,0,0,Medium,47.1,0,0
CUST-08640,Christopher Rodriguez,78,Female,27002,799,Savings,9538.8,1,0,0,None,0,0,0
CUST-08641,Charles Garcia,44,Male,51578,591,Standard Checking,10805.67,1,1,1,High,95.2,0,0
CUST-08642,Patricia Hernandez,59,Male,117575,703,Standard Checking,593.85,1,0,0,High,76.1,0,0
CUST-08643,Mark Martinez,69,Male,142129,711,Standard Checking,2768.12,1,0,0,Low,16.6,0,0
CUST-08644,John Smith,65,Male,96294,576,Standard Checking,13557.27,1,0,0,None,0,0,1
CUST-08645,Barbara Anderson,49,Male,19636,747,Standard Checking,11819.02,0,0,0,High,70.3,0,0
CUST-08646,Joseph Wilson,41,Male,42410,519,Standard Checking,1037.84,0,0,1,High,89.7,1,1
CUST-08647,Betty Miller,20,Female,38191,663,Savings,11825.85,1,0,1,None,0,0,1
CUST-08648,Thomas Jackson,44,Female,52923,564,Money Market,146728.07,0,1,0,None,0,0,0
CUST-08649,Michael Williams,57,Female,95154,850,Standard Checking,2547.37,1,0,0,Low,12.9,0,0
CUST-08650,Sandra Williams,40,Male,47903,671,Standard Checking,986.49,1,0,1,Medium,69.4,0,0
CUST-08651,Betty Moore,24,Male,30957,746,Money Market,108811.65,0,0,0,Low,5.7,0,0
CUST-08652,Sandra Martin,54,Female,87618,681,Standard Checking,9031.75,1,0,0,Low,12.3,0,0
CUST-08653,Nancy Wilson,24,Female,59031,630,Standard Checking,14850.44,1,1,1,Medium,54.3,0,0
CUST-08654,John Miller,39,Male,72108,757,Standard Checking,10593.65,0,0,0,Medium,37.4,0,0
CUST-08655,Michael Jones,34,Male,81244,677,Standard Checking,7690.8,1,0,0,None,0,0,1
CUST-08656,John Moore,36,Female,41376,597,Savings,3721.47,1,0,0,Medium,30.4,0,1
CUST-08657,Joseph Martin,56,Male,27156,635,Standard Checking,10511.6,1,0,0,High,74.6,0,0
CUST-08658,Susan Brown,53,Male,54641,609,Premium Checking,62118.33,0,1,0,Low,12.2,0,0
CUST-08659,Anthony Davis,32,Male,41280,673,Premium Checking,39733.54,0,0,0,None,0,0,0
CUST-08660,Mark Gonzalez,80,Female,50853,660,Savings,5232.58,1,0,0,Medium,59.3,0,0
CUST-08661,Nancy Davis,46,Female,99556,665,Premium Checking,61353.56,1,0,0,Medium,60.1,0,0
CUST-08662,Joseph Taylor,77,Male,54164,713,Standard Checking,3368.2,1,0,1,High,93.8,0,0
CUST-08663,Robert Martin,73,Male,123004,850,Premium Checking,61394.4,1,0,0,Medium,46.4,0,0
CUST-08664,Patricia Hernandez,57,Female,56800,685,Money Market,136631.7,1,1,1,Medium,45.5,0,0
CUST-08665,Sarah Martinez,33,Male,42488,622,Standard Checking,4692.43,1,0,1,Low,11.1,0,0
CUST-08666,Thomas Anderson,50,Male,26101,838,Standard Checking,12958.85,1,0,0,Low,21.5,0,0
CUST-08667,Jennifer Thomas,33,Male,54832,783,Savings,5988.49,0,0,0,Medium,58.2,0,0
CUST-08668,Joseph Davis,47,Male,31004,718,Savings,13374.58,1,0,0,Medium,41.9,0,0
CUST-08669,William Hernandez,83,Female,64013,689,Standard Checking,11223.26,0,1,0,Medium,62.5,0,0
CUST-08670,Anthony Johnson,61,Female,46321,707,Savings,10745.36,1,0,0,High,96,0,0
CUST-08671,Anthony Gonzalez,55,Female,45569,516,Standard Checking,11531.26,0,0,0,Medium,64.7,0,1
CUST-08672,Patricia Rodriguez,68,Female,51152,568,Premium Checking,15051.26,1,0,1,High,77.4,0,0
CUST-08673,Robert Jackson,77,Non-Binary,55080,741,Savings,4072.55,1,0,1,High,82.8,0,0
CUST-08674,Nancy Williams,35,Female,48189,781,Savings,2720.68,1,0,0,None,0,0,0
CUST-08675,Sandra Williams,22,Male,142674,553,Standard Checking,7478.93,1,0,0,High,93.8,0,1
CUST-08676,Jennifer Martinez,57,Male,33322,618,Premium Checking,19604.06,1,0,1,Low,14.3,0,0
CUST-08677,Robert Williams,23,Female,81805,633,Standard Checking,9884.6,0,0,0,Medium,49.8,0,0
CUST-08678,Nancy Miller,29,Female,91841,614,Premium Checking,70608.44,1,0,1,High,90.7,0,0
CUST-08679,Nancy Moore,29,Female,28177,701,Standard Checking,904.35,1,0,0,High,92.1,0,0
CUST-08680,Daniel Davis,39,Female,50424,732,Money Market,12238.5,0,0,0,High,88.2,1,0
CUST-08681,James Brown,66,Male,58578,608,Premium Checking,22408.53,1,0,0,High,84.1,0,0
CUST-08682,Lisa Miller,67,Male,53405,580,Standard Checking,10609.55,1,0,0,Medium,31.3,0,0
CUST-08683,Susan Gonzalez,21,Male,52370,597,Savings,5820.36,1,0,0,Medium,66.2,0,0
CUST-08684,Elizabeth Moore,67,Female,67013,648,Standard Checking,3196.8,0,0,0,Medium,40.6,0,0
CUST-08685,James Brown,20,Non-Binary,17184,791,Standard Checking,8514.69,1,0,0,Low,25,0,0
CUST-08686,Margaret Thomas,33,Male,46664,684,Standard Checking,14031.99,1,0,0,High,70.5,0,0
CUST-08687,Jessica Moore,31,Female,39730,815,Standard Checking,8723.23,1,0,0,High,77.6,0,0
CUST-08688,Linda Martinez,81,Female,34212,735,Standard Checking,13346.3,0,0,0,Low,10.5,0,0
CUST-08689,Jessica Hernandez,58,Male,76082,636,Premium Checking,40019.01,0,0,0,Medium,61.7,0,0
CUST-08690,Jennifer Smith,85,Female,82130,689,Premium Checking,5620.44,0,0,1,Medium,45.7,0,0
CUST-08691,Sandra Lopez,76,Female,86543,643,Premium Checking,53947.14,1,1,0,Medium,64.7,0,0
CUST-08692,Matthew Garcia,19,Male,75031,603,Standard Checking,9112.86,1,0,1,High,90.3,0,0
CUST-08693,Margaret Gonzalez,27,Male,26941,658,Savings,5439.25,0,0,0,Medium,68,0,0
CUST-08694,Betty Taylor,43,Male,52723,735,Standard Checking,14305.53,0,0,1,Low,7.4,0,0
CUST-08695,James Davis,21,Male,85372,639,Savings,4979.86,1,0,0,None,0,0,1
CUST-08696,Nancy Davis,45,Male,13912,663,Money Market,24669.06,1,0,0,High,75.7,0,0
CUST-08697,Lisa Hernandez,19,Male,110509,638,Premium Checking,15460.77,1,0,0,High,94.5,0,0
CUST-08698,Susan Martinez,83,Female,26183,774,Premium Checking,73919.02,1,1,0,High,92.7,0,0
CUST-08699,Joseph Miller,33,Female,31417,667,Savings,13352.98,1,0,0,High,92.6,0,0
CUST-08700,Michael Martinez,74,Female,71901,657,Premium Checking,5748.84,1,0,0,Medium,69.2,0,0
CUST-08701,Patricia Moore,40,Female,129907,659,Standard Checking,11970.9,1,0,0,Medium,63,0,0
CUST-08702,Anthony Martinez,40,Female,30729,702,Savings,4187.17,0,0,0,Medium,46.1,0,0
CUST-08703,Charles Wilson,38,Female,33098,686,Premium Checking,58435,1,0,0,High,71.3,0,0
CUST-08704,Richard Anderson,42,Male,91818,747,Money Market,114968.49,1,0,0,Medium,48.3,0,0
CUST-08705,Jessica Johnson,75,Male,53221,653,Standard Checking,3994.11,0,1,0,High,80.8,0,0
CUST-08706,Mark Brown,54,Male,43301,804,Premium Checking,49799.18,1,0,0,Medium,46.6,0,0
CUST-08707,Christopher Moore,66,Female,54442,629,Savings,5648.41,1,0,1,Medium,47,0,0
CUST-08708,Mark Taylor,32,Female,146129,688,Savings,5929.07,1,0,0,Medium,58.3,0,0
CUST-08709,Elizabeth Rodriguez,45,Female,72038,712,Standard Checking,2457.55,1,1,0,High,87.6,0,0
CUST-08710,Joseph Lopez,84,Female,58550,678,Standard Checking,2175.47,0,0,1,High,97.8,0,0
CUST-08711,Christopher Rodriguez,21,Female,65506,681,Standard Checking,3954.92,1,0,0,Medium,44.3,0,0
CUST-08712,Susan Gonzalez,64,Female,60344,618,Savings,8847,1,0,0,Low,9.1,0,0
CUST-08713,Margaret Garcia,67,Female,77394,727,Savings,3533.52,1,1,0,Medium,33.5,0,0
CUST-08714,Charles Brown,77,Female,35627,691,Standard Checking,11611.41,0,1,0,Low,24,0,0
CUST-08715,Karen Taylor,79,Female,47380,681,Savings,12228.53,1,0,0,High,81.3,0,0
CUST-08716,Charles Williams,84,Female,48535,546,Premium Checking,19732.28,1,0,0,Medium,62.5,0,0
CUST-08717,Mark Wilson,60,Male,30845,719,Standard Checking,14642.47,0,0,0,Low,18.1,0,0
CUST-08718,Thomas Gonzalez,75,Male,28307,723,Standard Checking,4032.93,0,0,0,None,0,0,1
CUST-08719,William Smith,69,Male,98540,486,Standard Checking,1137.83,1,0,0,High,78.9,0,1
CUST-08720,Matthew Taylor,63,Male,69869,724,Savings,6603.88,0,0,1,High,83.1,0,0
CUST-08721,Jessica Moore,42,Non-Binary,118702,663,Premium Checking,11743.73,1,1,0,High,92.9,0,0
CUST-08722,Mary Wilson,42,Male,63091,563,Money Market,52136.65,0,0,0,High,71.5,0,0
CUST-08723,Nancy Taylor,52,Male,57519,612,Standard Checking,1768.97,0,0,0,High,86.4,0,1
CUST-08724,John Johnson,78,Male,44273,593,Standard Checking,7279.97,1,1,0,Medium,39.7,0,0
CUST-08725,Linda Johnson,32,Male,81156,620,Standard Checking,1300.95,0,0,1,High,95.4,0,1
CUST-08726,Mary Rodriguez,52,Female,25940,717,Standard Checking,13485.75,0,0,0,High,91.2,0,0
CUST-08727,Sandra Martin,46,Male,57085,721,Standard Checking,4663.59,0,0,1,High,81.8,0,0
CUST-08728,Christopher Garcia,55,Female,77831,720,Premium Checking,66162.49,1,0,0,Low,28.7,0,0
CUST-08729,Betty Lopez,41,Male,46994,662,Premium Checking,66788.67,1,0,0,Medium,64,0,0
CUST-08730,Matthew Rodriguez,36,Female,61117,850,Savings,529.75,1,1,0,Medium,36.8,0,0
CUST-08731,Michael Lopez,63,Female,108251,508,Standard Checking,5753.63,1,1,0,High,73.3,1,1
CUST-08732,Betty Jones,66,Female,43699,609,Premium Checking,68897.61,1,0,0,Medium,67,0,0
CUST-08733,Jessica Jones,61,Male,60469,697,Savings,8214.25,1,0,1,Low,20.8,0,0
CUST-08734,Barbara Martin,43,Female,81768,633,Standard Checking,11576.02,1,0,0,Low,24.3,0,0
CUST-08735,William Miller,42,Female,41803,660,Standard Checking,2002.29,1,0,0,High,76.2,0,0
CUST-08736,Mark Jackson,52,Male,28582,683,Standard Checking,7153.75,1,1,0,High,86.3,0,0
CUST-08737,Karen Hernandez,53,Male,70600,659,Standard Checking,1998.39,1,0,0,High,98.2,0,0
CUST-08738,Anthony Lopez,31,Non-Binary,51940,583,Savings,11860.1,1,0,0,High,82.4,0,0
CUST-08739,John Taylor,73,Male,48374,737,Standard Checking,11785.98,1,1,0,Medium,66.8,0,0
CUST-08740,Michael Martinez,23,Female,53366,738,Standard Checking,4994.19,0,0,0,Medium,67,0,0
CUST-08741,Daniel Anderson,49,Female,27148,790,Standard Checking,4954.35,0,1,0,Medium,38.4,0,0
CUST-08742,Sandra Johnson,43,Male,43263,548,Standard Checking,9008.62,1,0,1,High,88.6,0,1
CUST-08743,Richard Brown,32,Male,70071,733,Savings,14959.34,1,0,0,High,96.7,0,0
CUST-08744,Sarah Smith,66,Female,48955,619,Savings,14708.77,1,0,0,Medium,69.8,0,0
CUST-08745,Mary Johnson,73,Female,37872,671,Premium Checking,74957.8,1,0,0,Medium,60.2,0,0
CUST-08746,Patricia Williams,54,Male,33870,634,Savings,12452.29,0,0,0,Medium,52.5,0,0
CUST-08747,Thomas Wilson,70,Female,56157,612,Savings,4766.45,1,0,0,High,70.8,0,0
CUST-08748,Mary Thomas,75,Male,74658,723,Savings,7696.24,1,0,0,Medium,32.1,0,0
CUST-08749,David Gonzalez,53,Female,81879,797,Money Market,83488.69,0,0,1,Medium,48.4,0,0
CUST-08750,James Johnson,28,Male,37122,818,Standard Checking,14109.26,1,0,0,High,94.3,0,0
CUST-08751,Mary Jones,44,Male,110466,752,Savings,11034.44,0,0,0,None,0,0,0
CUST-08752,Patricia Lopez,19,Male,51892,601,Premium Checking,51265.8,1,0,0,Medium,53.9,0,0
CUST-08753,Betty Williams,39,Male,21592,670,Savings,8391.03,0,0,0,High,70.4,0,0
CUST-08754,Karen Martinez,83,Female,52022,676,Savings,1028.59,0,1,0,Low,19.7,0,0
CUST-08755,Karen Moore,34,Female,29685,717,Standard Checking,6615.47,0,0,0,None,0,0,1
CUST-08756,Christopher Martinez,21,Female,60153,731,Savings,5541.94,1,0,0,High,92.6,0,0
CUST-08757,James Garcia,31,Female,56334,647,Standard Checking,7753.98,1,0,0,High,87,0,0
CUST-08758,David Johnson,24,Male,22889,767,Premium Checking,18138.78,1,0,0,Medium,58.9,0,0
CUST-08759,Michael Martin,33,Female,100596,844,Standard Checking,6802.15,1,0,0,High,94.3,0,0
CUST-08760,Christopher Moore,83,Female,35506,705,Savings,489.8,0,0,1,High,76,0,0
CUST-08761,Christopher Jackson,36,Male,19746,640,Premium Checking,33480.82,0,0,0,Medium,39.9,0,0
CUST-08762,Patricia Gonzalez,18,Male,93003,755,Money Market,146906.45,1,0,0,None,0,0,0
CUST-08763,Sarah Martin,48,Female,66522,757,Standard Checking,5700.16,1,0,0,High,76.4,0,0
CUST-08764,Mark Gonzalez,21,Male,43130,728,Premium Checking,9828.5,1,0,0,Medium,37.4,0,0
CUST-08765,Sandra Jackson,75,Male,50221,679,Premium Checking,34030.61,1,0,0,Medium,68.9,0,0
CUST-08766,Thomas Smith,73,Female,46245,778,Savings,9329.07,1,1,0,Medium,63.1,0,0
CUST-08767,Jennifer Jackson,70,Female,22177,612,Premium Checking,74613.73,0,0,0,Low,7.9,0,0
CUST-08768,Karen Smith,60,Female,24364,675,Premium Checking,6664.56,1,0,0,Medium,50.9,0,0
CUST-08769,Linda Taylor,66,Female,78916,813,Money Market,110461.44,1,0,0,Medium,69.5,0,0
CUST-08770,Christopher Anderson,77,Male,60255,678,Standard Checking,5745.46,1,1,0,Medium,39.2,0,0
CUST-08771,Sarah Miller,33,Female,77475,681,Premium Checking,47481.35,1,0,0,High,87.9,0,0
CUST-08772,Jessica Miller,77,Female,89664,695,Premium Checking,42735.86,0,0,0,High,90.7,0,0
CUST-08773,Thomas Brown,64,Female,9372,616,Standard Checking,1439.09,1,0,0,High,78.7,0,1
CUST-08774,Barbara Gonzalez,32,Male,39980,599,Premium Checking,17772.38,0,0,0,High,92.5,0,0
CUST-08775,Patricia Smith,80,Female,27514,642,Standard Checking,5829.53,1,0,0,High,74.5,0,0
CUST-08776,James Miller,45,Female,45982,667,Savings,8600.37,1,0,1,High,74.9,0,0
CUST-08777,William Smith,37,Female,19412,762,Savings,14168.72,1,0,0,Medium,45.4,0,0
CUST-08778,Jessica Moore,80,Male,66084,698,Savings,4461.96,0,0,0,High,76.7,0,0
CUST-08779,Nancy Anderson,50,Male,68197,786,Standard Checking,2711.07,1,0,0,Medium,63.5,0,0
CUST-08780,Jennifer Johnson,53,Male,152799,717,Standard Checking,12987.33,1,0,1,Low,6.3,0,0
CUST-08781,William Brown,30,Male,46625,740,Premium Checking,45907.97,1,0,1,Low,21.6,0,0
CUST-08782,Richard Hernandez,79,Female,68777,724,Premium Checking,51670.31,0,0,0,Low,15.6,0,0
CUST-08783,Richard Hernandez,85,Female,79630,791,Standard Checking,1704.12,0,1,0,Medium,50.2,0,0
CUST-08784,Charles Davis,40,Female,115779,684,Premium Checking,16922.28,1,0,0,Medium,63.9,0,0
CUST-08785,Michael Thomas,30,Female,27842,686,Standard Checking,8632.49,1,0,0,High,92.6,0,0
CUST-08786,John Taylor,57,Male,76697,605,Premium Checking,43234.06,1,0,0,Medium,62.2,0,0
CUST-08787,Sarah Anderson,47,Female,59800,742,Standard Checking,12751.75,1,1,1,None,0,0,0
CUST-08788,Margaret Taylor,42,Male,21839,645,Premium Checking,45602.01,1,0,0,Low,28.6,0,0
CUST-08789,David Jones,43,Male,61926,731,Savings,6161.1,0,0,0,High,86.9,0,0
CUST-08790,Jessica Anderson,41,Male,71025,693,Savings,2791.85,1,0,0,Medium,31.5,0,0
CUST-08791,Elizabeth Wilson,56,Female,21091,599,Savings,3856.87,1,1,0,Low,27.2,1,1
CUST-08792,Mary Thomas,78,Male,47188,686,Savings,4135.09,1,0,0,Low,19.3,0,0
CUST-08793,Charles Davis,66,Male,50983,650,Savings,6116.67,0,0,1,High,95.8,0,0
CUST-08794,Joseph Martinez,58,Female,50205,579,Premium Checking,53057.06,1,0,0,Low,14.7,0,0
CUST-08795,Sandra Jones,37,Male,67001,703,Premium Checking,35652.81,1,0,0,Low,20.4,0,0
CUST-08796,Karen Thomas,61,Male,36322,799,Savings,8197.88,1,0,0,High,76.9,0,0
CUST-08797,Christopher Lopez,33,Female,28357,611,Savings,7033.8,1,1,1,None,0,0,1
CUST-08798,Daniel Gonzalez,38,Male,62551,492,Premium Checking,56326.6,1,1,0,Medium,30.2,0,0
CUST-08799,William Taylor,32,Female,107581,822,Standard Checking,11345.76,1,0,0,Low,15.6,0,0
CUST-08800,Karen Lopez,56,Female,103691,567,Premium Checking,51330.8,1,0,1,High,98.1,0,0
CUST-08801,Matthew Jones,59,Male,161964,803,Standard Checking,14971.53,1,0,0,None,0,0,0
CUST-08802,Lisa Lopez,78,Male,40731,772,Savings,12920.36,1,0,0,Medium,64.1,0,0
CUST-08803,James Martin,21,Female,45074,685,Premium Checking,10914.13,1,0,1,Medium,37.5,0,0
CUST-08804,Margaret Thomas,41,Male,16712,635,Premium Checking,45802.54,1,1,0,Medium,53.6,0,0
CUST-08805,Sandra Lopez,20,Female,36033,759,Savings,4880.51,1,0,0,Low,16.1,0,0
CUST-08806,William Gonzalez,18,Female,22243,691,Standard Checking,13024.67,1,0,0,High,71.7,0,0
CUST-08807,Thomas Taylor,30,Female,41248,808,Premium Checking,32933.51,1,0,0,High,99.6,0,0
CUST-08808,Patricia Wilson,71,Female,96852,717,Premium Checking,32504.42,0,0,0,Medium,68.3,0,0
CUST-08809,Charles Miller,57,Female,83484,804,Standard Checking,2932.33,0,1,0,High,98.6,0,0
CUST-08810,Anthony Williams,28,Male,41573,736,Standard Checking,14573.44,1,1,0,High,94.8,1,0
CUST-08811,James Lopez,59,Male,36772,772,Premium Checking,16943.79,1,1,0,High,78.1,0,0
CUST-08812,Joseph Hernandez,21,Female,32656,705,Standard Checking,13704.01,1,0,0,High,82.6,0,0
CUST-08813,Elizabeth Johnson,42,Male,75458,676,Savings,7640.82,1,1,0,High,99.7,0,0
CUST-08814,Betty Brown,53,Female,41905,650,Money Market,108639.79,1,0,0,Medium,62.9,0,0
CUST-08815,Thomas Taylor,81,Female,55936,616,Standard Checking,9575.15,0,0,0,Medium,31.5,0,0
CUST-08816,Margaret Davis,61,Male,68502,672,Premium Checking,39156.98,0,0,0,Medium,67.9,0,0
CUST-08817,Daniel Wilson,57,Male,71030,609,Standard Checking,13914.01,1,0,0,High,91.3,0,0
CUST-08818,Lisa Brown,62,Female,12178,651,Standard Checking,8594.04,1,0,0,Medium,69.4,0,0
CUST-08819,Jennifer Jackson,25,Female,64886,696,Savings,13187.63,0,0,0,Medium,42.1,0,0
CUST-08820,Anthony Brown,52,Male,51516,717,Standard Checking,4766.11,0,1,0,High,93.5,0,0
CUST-08821,John Martin,61,Female,19901,775,Savings,685.28,0,0,0,High,81.6,0,0
CUST-08822,Jennifer Miller,35,Male,97810,697,Premium Checking,19841.45,1,0,0,High,97.5,1,0
CUST-08823,Susan Lopez,64,Male,54116,713,Premium Checking,10482.96,1,0,0,Medium,65.9,0,0
CUST-08824,Jessica Martin,42,Male,22602,665,Standard Checking,11681.84,1,0,0,Low,21.9,0,0
CUST-08825,Linda Johnson,58,Male,36635,680,Premium Checking,9767.6,1,0,0,Medium,36.7,1,0
CUST-08826,Richard Davis,22,Female,44125,685,Standard Checking,11756.55,0,1,0,Medium,60.9,0,0
CUST-08827,Matthew Martin,81,Female,181028,827,Standard Checking,6969.2,1,1,0,High,90.5,0,0
CUST-08828,Jessica Brown,79,Non-Binary,31665,709,Standard Checking,13398.39,1,0,0,Medium,57.6,0,0
CUST-08829,Mark Thomas,20,Male,34736,596,Money Market,43798,0,0,0,Medium,47.1,0,0
CUST-08830,Karen Garcia,54,Female,53635,696,Standard Checking,9018.9,1,0,0,Medium,58.5,0,0
CUST-08831,Anthony Brown,58,Female,142989,620,Savings,3241.23,1,1,1,None,0,0,1
CUST-08832,Jessica Gonzalez,37,Male,43653,634,Standard Checking,406.82,1,0,0,Low,12.3,0,1
CUST-08833,Robert Anderson,84,Male,39207,683,Savings,9086.54,0,1,0,Medium,57.2,0,0
CUST-08834,Betty Davis,57,Female,53635,711,Savings,9813.77,0,0,1,None,0,0,0
CUST-08835,Michael Wilson,25,Female,41566,706,Savings,13939.22,1,0,1,High,77.5,0,0
CUST-08836,Michael Miller,22,Female,41263,632,Standard Checking,12679.94,1,0,0,Medium,44.9,0,0
CUST-08837,Daniel Moore,42,Female,79316,572,Standard Checking,11651.67,0,0,0,High,95.2,0,0
CUST-08838,Sandra Martinez,56,Male,38232,670,Savings,10519.49,1,1,0,High,82.1,0,0
CUST-08839,Sarah Wilson,54,Male,41128,675,Premium Checking,14179.94,0,0,0,None,0,0,0
CUST-08840,Elizabeth Miller,22,Male,80829,673,Premium Checking,22172.3,0,1,1,Medium,41.5,0,0
CUST-08841,Sandra Miller,25,Male,23991,694,Standard Checking,11701.24,0,0,1,Medium,46,0,0
CUST-08842,Michael Jones,21,Female,41213,650,Premium Checking,50547.05,1,0,1,High,70.3,0,0
CUST-08843,James Wilson,58,Female,21328,743,Premium Checking,18080.23,1,0,0,Low,23.5,0,0
CUST-08844,Sarah Gonzalez,77,Male,38199,727,Savings,9392.94,0,1,0,High,74.5,0,0
CUST-08845,Matthew Davis,71,Female,41136,737,Standard Checking,3404.51,0,0,1,Medium,65.2,0,0
CUST-08846,Linda Martinez,39,Male,41484,782,Savings,6710.24,1,0,0,Medium,44.6,0,0
CUST-08847,Thomas Garcia,36,Male,40330,713,Savings,11744.7,1,0,0,High,77.9,0,0
CUST-08848,Joseph Anderson,85,Male,56410,683,Premium Checking,28330.11,1,0,1,Low,30,0,0
CUST-08849,Matthew Thomas,50,Male,28030,672,Standard Checking,9380.34,0,0,0,Low,8.3,0,0
CUST-08850,Linda Jackson,39,Male,59578,729,Standard Checking,6342.36,1,0,0,None,0,0,0
CUST-08851,Karen Anderson,82,Male,38060,685,Premium Checking,67944.07,1,0,1,Medium,44.5,0,0
CUST-08852,John Garcia,28,Male,71617,551,Premium Checking,38266.7,0,0,0,Medium,50.3,1,0
CUST-08853,Sandra Davis,33,Male,47516,638,Premium Checking,47272.17,0,0,0,Medium,68,0,0
CUST-08854,Jessica Anderson,85,Female,36462,783,Standard Checking,14818.41,1,0,0,None,0,0,0
CUST-08855,Richard Martin,61,Male,25458,549,Savings,9545.02,1,0,0,Low,20.9,0,0
CUST-08856,Joseph Moore,26,Female,56853,704,Standard Checking,4992.36,0,0,0,Medium,31.4,0,0
CUST-08857,Richard Davis,79,Female,44528,718,Savings,4525.53,1,0,0,Medium,34,0,0
CUST-08858,Susan Hernandez,32,Female,101858,673,Money Market,57325.21,0,0,1,Medium,52.4,0,0
CUST-08859,Jennifer Smith,23,Female,105795,632,Savings,5259.29,1,0,0,Low,16.2,0,0
CUST-08860,Matthew Johnson,18,Female,38441,605,Standard Checking,8682.78,1,0,0,Low,15.9,0,0
CUST-08861,Sandra Gonzalez,37,Male,15082,693,Standard Checking,8513.18,0,0,0,High,73.9,0,0
CUST-08862,James Brown,53,Female,76364,658,Savings,281.95,1,1,1,Medium,31.5,0,0
CUST-08863,Lisa Johnson,19,Male,37568,787,Premium Checking,54737.37,0,0,0,Medium,41.4,0,0
CUST-08864,Christopher Martin,19,Male,41150,713,Premium Checking,68786.57,0,0,1,Medium,54.2,0,0
CUST-08865,Jessica Williams,20,Male,89085,652,Premium Checking,49190.95,0,0,0,Medium,60.5,0,0
CUST-08866,Thomas Jones,24,Male,58318,700,Premium Checking,37782.29,0,0,1,Low,22,0,0
CUST-08867,Betty Davis,81,Male,74905,632,Money Market,122812.92,1,0,0,Medium,68,0,0
CUST-08868,Barbara Lopez,58,Non-Binary,83422,667,Money Market,83724.22,0,1,0,Medium,48.8,0,0
CUST-08869,Anthony Smith,71,Male,45064,555,Standard Checking,7060.02,0,0,0,High,75.5,0,1
CUST-08870,James Anderson,58,Female,69017,654,Premium Checking,51989.68,0,0,0,Low,6.2,0,0
CUST-08871,Thomas Johnson,22,Male,51675,718,Premium Checking,11724,1,0,0,Medium,30,0,0
CUST-08872,Thomas Martin,80,Female,64197,668,Money Market,82537.55,0,1,1,Low,18.7,0,0
CUST-08873,Betty Rodriguez,18,Female,52989,742,Standard Checking,955.77,1,0,0,High,80.2,0,0
CUST-08874,Barbara Brown,42,Female,96797,768,Savings,14020.32,1,1,1,Medium,39.5,0,0
CUST-08875,Richard Brown,63,Male,25832,730,Savings,6287.46,1,1,0,Medium,69.8,0,0
CUST-08876,Michael Wilson,32,Female,39460,819,Savings,10042.74,0,0,1,High,76.1,0,0
CUST-08877,Anthony Rodriguez,34,Male,46887,752,Standard Checking,14391,1,0,0,Medium,69.5,0,0
CUST-08878,Daniel Smith,38,Female,52071,682,Savings,8033.51,0,0,1,High,83,0,0
CUST-08879,James Martin,70,Female,25814,665,Standard Checking,8991.79,1,0,0,Medium,34,0,0
CUST-08880,Patricia Smith,72,Male,33799,651,Savings,2868.78,0,1,0,Medium,67.5,0,0
CUST-08881,Nancy Martinez,27,Male,49934,630,Savings,11681.18,1,1,0,Medium,43.4,0,0
CUST-08882,Mary Anderson,74,Male,37350,703,Savings,7848.44,1,0,0,Medium,38.7,0,0
CUST-08883,John Rodriguez,82,Female,20794,654,Premium Checking,41128.25,0,0,1,Low,13.8,0,0
CUST-08884,Thomas Gonzalez,54,Female,40850,586,Premium Checking,27627.38,1,0,1,Medium,39,0,0
CUST-08885,John Brown,24,Male,26722,735,Standard Checking,6645,1,0,0,Medium,63.3,0,0
CUST-08886,Patricia Hernandez,57,Male,66202,639,Standard Checking,14234.12,1,0,0,High,80.7,0,0
CUST-08887,Margaret Miller,67,Male,56801,574,Standard Checking,5844.2,1,1,0,Medium,46.1,0,1
CUST-08888,Betty Hernandez,18,Male,76907,758,Premium Checking,17472.42,1,0,1,High,98.7,0,0
CUST-08889,Lisa Hernandez,37,Female,54404,760,Standard Checking,8998.6,1,0,0,High,72.7,0,0
CUST-08890,Elizabeth Jones,48,Female,28658,599,Standard Checking,7645.36,0,1,0,High,72.3,0,0
CUST-08891,Richard Lopez,85,Female,10167,642,Standard Checking,7221.97,0,0,0,Medium,68.3,0,0
CUST-08892,Elizabeth Miller,29,Female,86815,623,Premium Checking,18682.4,1,0,0,Medium,63.5,0,0
CUST-08893,Charles Jackson,39,Female,39607,635,Premium Checking,8266.02,1,0,0,High,78.8,0,0
CUST-08894,Charles Lopez,18,Female,16056,534,Savings,9137.6,1,1,0,High,90.6,0,1
CUST-08895,Karen Anderson,18,Female,107338,650,Premium Checking,44537.27,0,0,1,High,75.9,0,0
CUST-08896,Robert Wilson,20,Female,65421,653,Savings,1823.47,1,1,1,High,81.3,0,0
CUST-08897,Barbara Hernandez,38,Female,106574,790,Savings,6861.8,1,0,0,High,72.2,1,0
CUST-08898,Margaret Jones,30,Female,60701,689,Standard Checking,8766.66,0,1,0,Low,11.4,0,0
CUST-08899,Jessica Moore,78,Male,68345,642,Savings,13857.45,1,0,0,Medium,56.9,0,0
CUST-08900,Barbara Jones,30,Female,38015,695,Savings,8725.84,0,0,0,High,76.8,0,0
CUST-08901,Jessica Lopez,50,Female,69968,585,Savings,14380.2,0,0,0,High,90,0,0
CUST-08902,Daniel Johnson,23,Male,129055,685,Premium Checking,16347.06,0,0,0,Medium,66.8,0,0
CUST-08903,Sandra Garcia,42,Female,74230,633,Savings,2384.64,1,0,0,Medium,37.5,0,0
CUST-08904,Daniel Brown,40,Male,41021,688,Savings,1022.23,1,0,0,High,84.5,0,0
CUST-08905,Sandra Gonzalez,43,Female,25460,712,Standard Checking,8248.03,0,0,0,Medium,54.7,0,0
CUST-08906,Elizabeth Taylor,21,Female,86884,641,Savings,14167.76,1,0,0,None,0,0,1
CUST-08907,Susan Anderson,52,Male,50477,699,Standard Checking,4820.69,0,0,0,Medium,59,0,0
CUST-08908,Linda Moore,42,Female,51592,631,Savings,13268.58,0,0,0,Medium,57.1,0,0
CUST-08909,John Taylor,37,Female,18220,606,Savings,2233.77,0,0,0,High,97,0,1
CUST-08910,Lisa Miller,18,Female,17573,744,Savings,11130.25,1,1,0,Medium,40.7,0,0
CUST-08911,Richard Thomas,85,Male,51159,751,Premium Checking,41952.89,1,0,0,High,92.2,0,0
CUST-08912,Robert Brown,40,Male,31269,694,Standard Checking,243.46,1,1,0,High,95,0,0
CUST-08913,Betty Martinez,39,Male,54430,734,Savings,4376.99,1,0,0,Medium,47.7,0,0
CUST-08914,Richard Martinez,79,Male,78959,571,Savings,6040.7,1,0,0,Low,17.4,0,1
CUST-08915,Susan Lopez,18,Female,36919,737,Savings,6593.58,1,0,0,Medium,66.3,0,0
CUST-08916,Anthony Smith,76,Female,55095,779,Savings,2615.02,1,1,0,Low,18.6,1,0
CUST-08917,Mark Martin,85,Non-Binary,46236,722,Premium Checking,68346.45,1,0,1,None,0,0,0
CUST-08918,Karen Miller,36,Male,214495,671,Money Market,31246.25,1,1,1,High,79.2,0,0
CUST-08919,William Davis,47,Male,37648,586,Savings,10342.74,1,0,0,None,0,0,1
CUST-08920,Anthony Gonzalez,18,Female,34581,718,Standard Checking,11996.02,1,0,0,High,76.3,1,0
CUST-08921,Susan Lopez,65,Male,39046,718,Premium Checking,29822.28,0,1,0,Medium,51.1,0,0
CUST-08922,Linda Moore,36,Female,87745,756,Standard Checking,12671.14,1,1,0,High,74,0,0
CUST-08923,Jessica Hernandez,69,Female,38264,657,Standard Checking,134.99,1,0,0,High,74.7,0,0
CUST-08924,Jessica Wilson,39,Female,70978,640,Premium Checking,25792.21,1,0,0,High,90.9,0,0
CUST-08925,John Johnson,67,Male,49892,626,Standard Checking,462.73,0,0,0,High,74.9,0,1
CUST-08926,John Brown,83,Male,50570,615,Money Market,148889.2,1,0,0,High,76.8,0,0
CUST-08927,Nancy Jones,23,Male,109122,714,Standard Checking,3130.77,1,0,0,High,72.2,0,0
CUST-08928,Elizabeth Martin,81,Male,19870,677,Standard Checking,7428.42,1,0,0,High,89.1,0,0
CUST-08929,Mark Johnson,38,Female,52390,712,Money Market,61094.52,0,0,0,High,93.5,0,0
CUST-08930,Barbara Jones,36,Male,69470,690,Standard Checking,14367.48,1,0,0,High,87.4,0,0
CUST-08931,Robert Smith,54,Female,59683,650,Standard Checking,4880.79,1,0,0,Medium,56,1,0
CUST-08932,Patricia Lopez,80,Female,23551,618,Premium Checking,16398.2,0,0,0,Low,22.3,0,0
CUST-08933,Barbara Thomas,46,Male,27729,772,Standard Checking,7780.33,1,0,0,Medium,34.9,0,0
CUST-08934,Lisa Taylor,77,Female,56337,695,Standard Checking,5714.61,1,1,0,High,74.2,0,0
CUST-08935,Christopher Martinez,51,Female,15249,762,Premium Checking,53174.55,0,0,0,Low,12.1,0,0
CUST-08936,Thomas Taylor,18,Male,37617,713,Standard Checking,2139.75,1,0,0,High,71.4,0,0
CUST-08937,Sarah Johnson,65,Male,26499,654,Savings,11004.28,1,1,1,Low,8.3,0,0
CUST-08938,Matthew Brown,38,Female,53978,651,Standard Checking,8816.63,1,0,0,Medium,53.2,0,0
CUST-08939,Charles Hernandez,51,Female,45315,623,Standard Checking,11566.22,1,0,0,High,90.8,0,0
CUST-08940,Thomas Lopez,43,Female,59249,768,Savings,11327.34,1,0,0,High,79.2,0,0
CUST-08941,Mary Garcia,53,Male,31773,778,Savings,7169.09,1,0,0,High,82.1,0,0
CUST-08942,William Jones,40,Male,55978,658,Standard Checking,6302.84,0,0,0,Low,14.2,0,0
CUST-08943,Karen Rodriguez,64,Male,49111,726,Standard Checking,12844.11,1,1,0,Low,27.1,0,0
CUST-08944,Margaret Davis,61,Male,31908,655,Premium Checking,29302.26,1,0,1,None,0,0,0
CUST-08945,Karen Davis,37,Female,84745,576,Premium Checking,36744.14,1,0,1,High,96.5,0,0
CUST-08946,Nancy Garcia,44,Female,69537,640,Standard Checking,13943.71,1,0,0,High,95.1,0,0
CUST-08947,John Jones,78,Female,35632,730,Standard Checking,13823.78,0,0,0,Medium,62.5,0,0
CUST-08948,William Miller,54,Male,33062,750,Savings,1988.25,1,1,0,High,81.6,0,0
CUST-08949,Margaret Brown,69,Male,77990,679,Savings,6990.43,1,0,0,Medium,37.3,0,0
CUST-08950,Michael Jones,79,Female,21894,632,Standard Checking,12090.84,0,0,0,Medium,43.9,0,0
CUST-08951,David Anderson,83,Female,25685,601,Standard Checking,2288.82,1,0,0,Low,24.2,0,1
CUST-08952,Mary Gonzalez,41,Female,62319,657,Premium Checking,23321.98,1,1,0,Medium,66.6,0,0
CUST-08953,Nancy Thomas,29,Male,121481,662,Standard Checking,8321.56,0,0,0,Low,25.3,0,0
CUST-08954,Michael Davis,33,Female,36236,662,Standard Checking,1872.55,1,0,0,High,85,0,0
CUST-08955,Jennifer Miller,53,Female,38374,597,Standard Checking,5081.52,1,0,0,High,70.5,0,0
CUST-08956,Sarah Martin,19,Female,43922,704,Standard Checking,7744.98,0,0,1,Low,10.4,0,0
CUST-08957,Michael Williams,79,Non-Binary,38685,686,Standard Checking,11882.36,0,1,0,Medium,37.9,0,0
CUST-08958,Robert Smith,81,Non-Binary,39588,660,Savings,2407.51,0,0,0,High,94.7,0,0
CUST-08959,Joseph Williams,46,Female,36078,680,Premium Checking,52032.84,0,0,0,Medium,69.4,0,0
CUST-08960,Linda Rodriguez,48,Female,53838,717,Savings,14220.44,0,0,1,High,71.4,0,0
CUST-08961,Joseph Martinez,32,Male,69347,718,Savings,3144.93,1,0,0,Medium,64.7,0,0
CUST-08962,Mary Martin,72,Female,53054,768,Premium Checking,8919.37,0,0,0,Medium,35.9,0,0
CUST-08963,Robert Jackson,50,Male,45199,769,Standard Checking,11778.16,1,0,0,None,0,0,0
CUST-08964,Richard Hernandez,69,Male,36177,716,Savings,2060.1,1,0,0,Low,29.5,0,0
CUST-08965,James Anderson,37,Female,27228,668,Standard Checking,7080.33,1,1,1,Low,24.8,0,0
CUST-08966,Betty Moore,55,Female,25607,634,Savings,6231.09,1,0,0,Low,27.1,0,0
CUST-08967,Jessica Rodriguez,20,Female,23176,740,Standard Checking,7693.77,1,0,0,High,83.9,0,0
CUST-08968,James Hernandez,71,Male,67229,597,Premium Checking,23578.15,1,0,0,High,88.9,0,0
CUST-08969,William Hernandez,83,Female,36638,686,Money Market,27174.17,1,0,0,None,0,0,0
CUST-08970,Richard Johnson,35,Female,59785,614,Standard Checking,12279.58,1,0,1,High,77,0,0
CUST-08971,Susan Garcia,24,Female,34302,748,Standard Checking,6452.23,0,1,0,Medium,51.5,0,0
CUST-08972,Linda Moore,52,Female,47258,736,Standard Checking,3272.82,1,0,0,High,77.6,0,0
CUST-08973,Jessica Lopez,77,Female,41381,682,Premium Checking,44177.62,0,0,0,Medium,55.3,0,0
CUST-08974,David Garcia,41,Female,107659,850,Savings,14690.36,1,0,0,High,93.8,0,0
CUST-08975,John Wilson,56,Male,38632,628,Standard Checking,1931.13,0,0,0,Low,10,1,0
CUST-08976,Margaret Johnson,29,Male,74689,711,Standard Checking,3943.85,0,0,0,Medium,60.3,0,0
CUST-08977,David Williams,70,Male,24380,718,Premium Checking,52545.12,1,0,0,Medium,37.5,0,0
CUST-08978,Sarah Smith,81,Male,96466,696,Standard Checking,3361.79,1,0,0,Low,7.7,0,0
CUST-08979,Sandra Smith,21,Male,74210,660,Money Market,11165.74,1,1,0,Medium,42.5,0,0
CUST-08980,Barbara Anderson,22,Female,36540,687,Premium Checking,17119.93,1,0,0,Medium,63,0,0
CUST-08981,Robert Garcia,33,Male,36261,804,Standard Checking,4611.18,1,0,1,Medium,49.1,0,0
CUST-08982,Jessica Lopez,44,Male,88983,683,Money Market,13769.97,1,0,0,Low,28,0,0
CUST-08983,Barbara Williams,21,Male,78073,725,Savings,14367.24,1,0,0,High,94,0,0
CUST-08984,Sandra Johnson,65,Female,43564,567,Premium Checking,60860.2,1,1,0,High,84.2,0,0
CUST-08985,Michael Johnson,25,Female,31892,669,Standard Checking,4684.43,1,0,0,Low,21.8,0,0
CUST-08986,Christopher Miller,63,Male,83947,840,Standard Checking,1241.1,1,0,1,High,74.8,0,0
CUST-08987,David Hernandez,61,Male,38718,644,Standard Checking,10096.13,0,1,1,High,90.1,0,0
CUST-08988,Susan Williams,84,Female,57975,641,Savings,14794.87,1,1,0,Low,21.6,0,0
CUST-08989,Susan Hernandez,69,Female,36866,801,Savings,2340.08,1,0,0,High,89.1,0,0
CUST-08990,Patricia Taylor,51,Female,43921,637,Standard Checking,9426.41,1,0,0,None,0,0,1
CUST-08991,Jessica Williams,79,Female,127023,629,Savings,2342.09,0,0,0,Low,22.1,0,0
CUST-08992,Matthew Martinez,38,Female,47179,729,Standard Checking,3435.98,1,0,0,Low,15.3,0,0
CUST-08993,Christopher Anderson,41,Female,100634,846,Standard Checking,8155.66,1,0,0,High,76.7,0,0
CUST-08994,Linda Moore,61,Male,22901,744,Standard Checking,14248.27,1,0,0,High,96,0,0
CUST-08995,John Miller,58,Female,20606,684,Premium Checking,43574.96,0,0,1,Low,10.9,0,0
CUST-08996,Sandra Martinez,46,Female,65610,774,Savings,6785.15,1,0,0,Medium,47.1,0,0
CUST-08997,Karen Rodriguez,23,Male,33368,666,Premium Checking,20413.56,1,0,0,Medium,67.5,0,0
CUST-08998,Susan Wilson,73,Male,48445,644,Premium Checking,51540.26,1,0,0,High,87.7,0,0
CUST-08999,David Smith,31,Female,16987,784,Standard Checking,6963.61,0,0,0,High,88.7,0,0
CUST-09000,Patricia Garcia,67,Male,17746,772,Premium Checking,74989.7,1,0,0,Medium,57.7,0,0
CUST-09001,Nancy Jones,69,Female,49371,654,Savings,10973.25,1,0,0,Medium,57.2,0,0
CUST-09002,John Johnson,18,Female,38475,752,Standard Checking,4503.86,1,1,0,Medium,41.8,0,0
CUST-09003,John Rodriguez,29,Male,41458,771,Money Market,15366.07,1,0,0,Low,13.6,0,0
CUST-09004,Charles Jackson,41,Male,112885,669,Standard Checking,13097.37,1,0,0,High,94.1,1,0
CUST-09005,Thomas Moore,54,Non-Binary,62199,691,Savings,7324.73,0,0,0,Medium,38.4,0,0
CUST-09006,David Lopez,20,Male,143259,597,Premium Checking,16158.54,0,0,0,Medium,31.7,0,0
CUST-09007,John Moore,44,Male,50913,679,Savings,14425.25,1,0,0,High,83.4,0,0
CUST-09008,Lisa Garcia,70,Male,103519,638,Premium Checking,37612.48,1,1,0,High,89.1,0,0
CUST-09009,Michael Smith,34,Female,80154,665,Premium Checking,58431.21,0,0,0,Low,9.2,0,0
CUST-09010,Jennifer Moore,32,Female,38071,587,Premium Checking,48590.76,1,0,0,Medium,37.2,0,0
CUST-09011,Richard Jackson,56,Male,44964,771,Savings,14928.24,1,0,0,Medium,36.9,0,0
CUST-09012,Michael Jackson,21,Male,41053,755,Savings,5176.57,1,0,0,Medium,58.7,0,0
CUST-09013,William Williams,34,Male,83884,771,Standard Checking,12506.14,1,0,0,Low,10,0,0
CUST-09014,Daniel Lopez,28,Male,56276,682,Money Market,59976.22,1,0,0,Medium,56.3,0,0
CUST-09015,Karen Moore,29,Female,30952,658,Savings,13956.55,1,0,0,Low,22.1,0,0
CUST-09016,Linda Rodriguez,49,Male,25752,701,Standard Checking,11152.88,1,1,0,None,0,0,0
CUST-09017,Richard Davis,44,Female,26198,705,Standard Checking,4293.28,0,0,0,Medium,59.9,0,0
CUST-09018,Nancy Martinez,61,Female,31325,784,Savings,10325.26,1,0,1,Low,17.4,0,0
CUST-09019,Thomas Miller,60,Male,30509,692,Savings,6559.17,0,0,0,None,0,0,1
CUST-09020,Thomas Moore,66,Female,26809,688,Standard Checking,12898.59,1,0,0,Medium,65.9,0,0
CUST-09021,Lisa Johnson,60,Male,85888,735,Standard Checking,138.81,1,0,0,Medium,44.2,0,0
CUST-09022,John Jackson,20,Male,22805,549,Standard Checking,7873.95,0,0,1,High,85,0,1
CUST-09023,James Martinez,46,Female,60033,784,Standard Checking,10234.85,1,0,0,High,88.5,0,0
CUST-09024,Christopher Wilson,52,Male,153293,733,Savings,5982.82,1,0,1,Medium,54.1,1,0
CUST-09025,Richard Rodriguez,65,Male,51201,712,Standard Checking,7125.67,1,1,1,None,0,0,1
CUST-09026,Jennifer Garcia,56,Female,51284,724,Savings,3637.55,1,1,0,Medium,49.8,0,0
CUST-09027,Charles Martinez,41,Male,54937,745,Standard Checking,6290.83,0,1,0,Low,18.2,0,0
CUST-09028,Daniel Williams,37,Non-Binary,23426,850,Premium Checking,11038.11,0,0,1,High,78.5,0,0
CUST-09029,Sarah Jackson,32,Male,60880,655,Standard Checking,5799.88,1,0,1,Medium,69.9,0,0
CUST-09030,Robert Hernandez,35,Male,57966,761,Standard Checking,14827.16,0,0,0,High,76.6,0,0
CUST-09031,Elizabeth Taylor,77,Female,48033,710,Savings,7009.32,1,0,0,Medium,61.9,0,0
CUST-09032,Patricia Moore,58,Male,21064,626,Savings,9325.92,1,0,0,Low,8.6,0,0
CUST-09033,Margaret Moore,28,Female,126334,761,Standard Checking,119.3,0,0,1,High,89,0,0
CUST-09034,James Wilson,73,Male,55197,706,Savings,2845.53,0,0,1,High,88,0,0
CUST-09035,Linda Johnson,35,Male,26600,708,Standard Checking,5367.87,1,0,0,Medium,58.1,0,0
CUST-09036,Charles Anderson,29,Male,29662,698,Standard Checking,4953.39,1,1,1,Medium,45.6,0,0
CUST-09037,Margaret Johnson,33,Male,33233,714,Premium Checking,38604.49,1,0,1,Medium,57.6,0,0
CUST-09038,Patricia Smith,44,Male,108427,742,Premium Checking,12559.51,1,0,0,High,71.2,0,0
CUST-09039,Charles Martinez,34,Male,46077,652,Standard Checking,3290.27,1,0,0,Medium,39.9,0,0
CUST-09040,James Martin,48,Female,46085,678,Money Market,53118.44,0,0,0,High,84.3,0,0
CUST-09041,Nancy Anderson,52,Male,37611,756,Premium Checking,55707.79,0,0,1,None,0,0,0
CUST-09042,Patricia Miller,44,Male,81858,614,Standard Checking,13017.98,0,1,0,High,76.4,0,0
CUST-09043,Sandra Miller,49,Male,84032,757,Savings,11257.73,0,1,0,High,94.4,0,0
CUST-09044,Nancy Moore,34,Female,23003,683,Standard Checking,5222.15,0,0,0,Medium,64.9,0,0
CUST-09045,Richard Martinez,28,Male,46617,757,Standard Checking,772.96,0,0,0,High,92.8,0,0
CUST-09046,Lisa Davis,18,Male,44015,721,Standard Checking,11752.4,1,0,0,High,83.3,0,0
CUST-09047,Anthony Martinez,66,Female,30425,652,Standard Checking,3689.14,1,0,0,High,71,0,0
CUST-09048,Susan Wilson,58,Male,36646,652,Standard Checking,3921.57,1,0,0,Low,19.3,0,0
CUST-09049,Anthony Martin,37,Male,42366,635,Standard Checking,6501.45,1,0,0,Medium,54.5,0,0
CUST-09050,Nancy Hernandez,54,Male,29615,602,Savings,9148.06,1,0,0,High,72.3,0,0
CUST-09051,Jennifer Smith,33,Male,56740,691,Standard Checking,563.96,0,1,0,None,0,0,1
CUST-09052,Charles Miller,56,Female,56126,697,Premium Checking,38181.49,0,0,0,Low,14.7,0,0
CUST-09053,Lisa Moore,62,Male,63503,727,Money Market,37386.82,1,0,0,High,74.4,0,0
CUST-09054,John Martin,81,Male,38795,664,Savings,2664.61,1,1,0,Medium,53.7,0,0
CUST-09055,Sandra Hernandez,64,Male,16734,725,Premium Checking,54561.54,1,0,0,None,0,0,0
CUST-09056,Robert Jackson,40,Female,34305,761,Savings,12748.67,0,0,0,Medium,54.3,0,0
CUST-09057,Christopher Johnson,49,Male,28971,816,Standard Checking,11201.18,1,0,1,High,89.4,0,0
CUST-09058,Nancy Brown,66,Female,45037,623,Standard Checking,9178.36,1,0,0,High,74,0,0
CUST-09059,Matthew Martinez,36,Male,65270,775,Savings,5374.47,1,0,0,High,83.5,0,0
CUST-09060,Mary Davis,84,Female,126118,711,Standard Checking,8315.64,1,0,0,Medium,64.2,0,0
CUST-09061,James Garcia,56,Female,31164,706,Premium Checking,51734.27,1,0,0,Medium,38.8,0,0
CUST-09062,David Martinez,77,Male,52254,660,Standard Checking,12998.05,1,0,0,Medium,69.9,0,0
CUST-09063,Richard Smith,28,Male,53495,769,Money Market,135373.76,1,0,1,High,78.6,0,0
CUST-09064,Mary Williams,66,Male,100721,706,Standard Checking,10018.9,1,0,0,None,0,0,0
CUST-09065,William Jones,32,Male,54719,599,Savings,14764.97,1,0,0,Medium,31.7,0,0
CUST-09066,Elizabeth Martinez,78,Male,40863,566,Standard Checking,8022.06,1,0,1,Medium,54.2,0,0
CUST-09067,Barbara Moore,60,Male,47989,691,Money Market,70504.65,1,0,0,Low,25.1,0,0
CUST-09068,Betty Smith,32,Male,58334,721,Standard Checking,3459.95,1,0,0,Medium,53.3,0,0
CUST-09069,John Jones,22,Male,70929,640,Money Market,67886.85,1,0,0,High,84.3,0,0
CUST-09070,Matthew Taylor,46,Female,114785,662,Premium Checking,38881.57,1,0,0,High,79.9,1,0
CUST-09071,Linda Taylor,79,Male,109077,760,Premium Checking,18678.57,1,0,0,Low,13.4,0,0
CUST-09072,William Garcia,77,Male,33475,664,Savings,386.97,1,0,0,Medium,45.2,0,0
CUST-09073,Thomas Davis,39,Female,23107,722,Standard Checking,4567.76,1,0,0,High,85.7,0,0
CUST-09074,Christopher Miller,30,Female,26252,651,Premium Checking,43615.31,1,0,0,None,0,0,0
CUST-09075,Michael Anderson,67,Female,55272,767,Standard Checking,9323.54,1,0,0,Low,17.1,0,0
CUST-09076,Michael Davis,64,Female,86113,710,Standard Checking,3394.98,0,0,0,Low,28.4,0,0
CUST-09077,William Anderson,46,Female,43393,696,Savings,12648.8,0,0,0,Low,7.8,0,0
CUST-09078,Mary Miller,34,Male,30350,784,Money Market,24890.56,0,0,0,High,90.3,0,0
CUST-09079,Joseph Moore,37,Female,23553,587,Money Market,149865.47,1,1,0,High,93,0,0
CUST-09080,Nancy Moore,23,Female,108318,733,Savings,9134.96,1,0,0,High,88.6,0,0
CUST-09081,Elizabeth Moore,39,Female,38463,580,Money Market,129415.92,1,0,0,Medium,46.5,0,0
CUST-09082,James Miller,26,Male,22664,697,Money Market,48252.67,1,0,0,High,99.7,0,0
CUST-09083,John Wilson,49,Female,48384,694,Standard Checking,2799.33,0,0,0,Medium,45.3,0,0
CUST-09084,Barbara Wilson,50,Female,49105,715,Standard Checking,7924.36,1,0,0,Low,10.4,0,0
CUST-09085,Mark Brown,66,Male,76298,570,Standard Checking,8239.31,1,0,1,High,78.2,0,0
CUST-09086,Richard Thomas,47,Female,26992,707,Standard Checking,5801.65,1,0,0,High,96.3,1,0
CUST-09087,Jessica Jones,33,Male,87686,776,Savings,7032.73,1,0,1,Medium,50.3,0,0
CUST-09088,Karen Garcia,82,Female,94692,648,Money Market,34214.37,0,0,0,None,0,0,0
CUST-09089,Jennifer Moore,31,Female,51337,644,Standard Checking,6890.25,1,0,0,Medium,55,0,0
CUST-09090,Jennifer Miller,73,Male,66378,654,Standard Checking,4030.62,0,1,0,Medium,51.1,0,0
CUST-09091,Lisa Thomas,54,Female,73578,749,Standard Checking,2583.96,0,0,0,High,94.8,0,0
CUST-09092,William Gonzalez,66,Female,36311,634,Savings,5902.82,1,0,0,Medium,53.9,0,0
CUST-09093,Barbara Jackson,67,Male,24488,664,Money Market,140834.13,0,0,0,None,0,0,0
CUST-09094,Betty Smith,53,Male,36516,747,Premium Checking,32431.31,0,1,0,Medium,61.5,0,0
CUST-09095,Linda Brown,69,Female,20359,633,Standard Checking,11239.36,1,0,1,None,0,0,1
CUST-09096,Christopher Jackson,40,Male,62091,758,Savings,12928.46,0,0,0,Low,26.4,0,0
CUST-09097,Christopher Jones,83,Male,109055,651,Standard Checking,5824.58,1,0,0,Low,23.5,0,0
CUST-09098,Thomas Williams,62,Female,31892,680,Savings,8610.57,0,0,0,High,84.8,0,0
CUST-09099,Charles Smith,45,Female,38912,750,Premium Checking,71889.72,1,1,0,Medium,58.4,0,0
CUST-09100,Mark Smith,37,Male,43215,748,Money Market,117731.94,1,0,1,Medium,61.2,0,0
CUST-09101,Daniel Martin,66,Male,137529,661,Money Market,80122.61,1,0,0,Medium,68.7,0,0
CUST-09102,William Jones,74,Female,39055,626,Savings,5257.07,0,0,0,Medium,41.5,0,0
CUST-09103,Michael Garcia,76,Female,85780,788,Savings,8239.52,0,0,0,Medium,43.7,0,0
CUST-09104,Thomas Taylor,43,Female,49914,673,Standard Checking,4417.33,0,0,0,High,90,0,0
CUST-09105,Richard Lopez,36,Male,10047,718,Standard Checking,5352.3,0,0,0,High,88.5,0,0
CUST-09106,Patricia Davis,30,Female,38152,737,Savings,12492.36,0,0,0,High,93,0,0
CUST-09107,Robert Jones,79,Male,76088,637,Standard Checking,11673.47,1,0,0,High,94.1,0,0
CUST-09108,Richard Hernandez,31,Female,38259,596,Premium Checking,46591.27,1,0,0,High,88.5,0,0
CUST-09109,Linda Davis,28,Male,63329,729,Savings,1513.75,0,0,0,High,91.7,0,0
CUST-09110,James Gonzalez,84,Female,116593,588,Premium Checking,27985.41,1,0,0,Medium,33.8,0,0
CUST-09111,Mark Jones,29,Female,63506,618,Savings,10992.38,1,0,1,Medium,33.6,0,0
CUST-09112,Margaret Davis,52,Female,35680,733,Standard Checking,11346.98,1,0,0,Medium,48.3,0,0
CUST-09113,Thomas Gonzalez,56,Male,69944,714,Savings,4902.34,1,0,0,High,85.2,0,0
CUST-09114,William Johnson,49,Female,62556,710,Standard Checking,14098.54,0,0,0,Medium,69.6,0,0
CUST-09115,Charles Martin,31,Female,79645,651,Savings,7551.03,1,0,0,Low,7.3,0,0
CUST-09116,Thomas Miller,82,Female,46796,772,Premium Checking,49924.56,1,0,0,Medium,43.3,0,0
CUST-09117,Sandra Williams,44,Female,32714,622,Premium Checking,58806.24,1,0,0,High,88.4,1,0
CUST-09118,Charles Jackson,77,Male,64145,544,Standard Checking,230.69,1,0,0,High,74.7,1,1
CUST-09119,Lisa Rodriguez,60,Male,65159,564,Money Market,121010.48,0,0,0,Medium,64.4,0,0
CUST-09120,Elizabeth Wilson,82,Male,37592,692,Premium Checking,64862.83,1,0,0,Medium,42.4,0,0
CUST-09121,Sarah Anderson,72,Male,22665,680,Standard Checking,10779.05,1,0,1,High,81,0,0
CUST-09122,Betty Smith,52,Male,39011,733,Savings,12910.35,1,0,1,High,82.9,0,0
CUST-09123,Sandra Garcia,49,Female,27218,726,Money Market,108209.7,1,0,0,Medium,43.1,0,0
CUST-09124,Sandra Anderson,36,Female,42850,678,Standard Checking,12821.32,1,0,0,High,78.3,0,0
CUST-09125,Matthew Garcia,56,Female,72315,585,Savings,5608.89,0,0,0,Medium,48.5,0,0
CUST-09126,Sarah Smith,37,Female,17992,642,Premium Checking,65745.29,1,0,1,High,77.8,0,0
CUST-09127,Sandra Williams,45,Male,57248,647,Savings,3921.89,0,0,1,Low,14.3,0,0
CUST-09128,Thomas Thomas,20,Female,60228,793,Premium Checking,28841.96,1,0,0,Medium,56.4,0,0
CUST-09129,Linda Taylor,49,Male,30880,673,Standard Checking,13292.07,0,0,0,High,70.7,0,0
CUST-09130,Linda Taylor,75,Male,58342,751,Premium Checking,57343.11,1,0,0,Medium,62.7,0,0
CUST-09131,Matthew Rodriguez,71,Male,87986,694,Money Market,109654.71,0,0,0,Medium,69,0,0
CUST-09132,Barbara Jackson,59,Female,60849,674,Standard Checking,1116.46,1,0,0,Medium,51.4,0,0
CUST-09133,Patricia Hernandez,32,Female,137117,647,Savings,11636.97,0,0,0,Medium,62.6,0,0
CUST-09134,Margaret Brown,79,Male,51103,716,Savings,1321.73,1,0,0,Low,19.2,0,0
CUST-09135,Susan Wilson,48,Male,80947,609,Standard Checking,14217.88,1,0,0,Medium,36.6,0,0
CUST-09136,Jennifer Taylor,78,Female,135448,677,Savings,9627.34,0,1,0,High,73.1,0,0
CUST-09137,Mary Davis,43,Female,63197,687,Standard Checking,10161.31,0,0,0,Low,7.7,0,0
CUST-09138,Patricia Martinez,74,Female,117777,694,Standard Checking,10230.55,0,0,1,Medium,58.7,0,0
CUST-09139,Michael Brown,37,Male,61591,621,Premium Checking,53415.11,1,0,0,High,94.2,0,0
CUST-09140,Jessica Wilson,83,Female,101551,653,Savings,6672.2,0,0,0,High,99.9,0,0
CUST-09141,Jessica Rodriguez,38,Male,28033,701,Standard Checking,13584.78,1,0,0,High,99.4,0,0
CUST-09142,Patricia Garcia,77,Male,50549,695,Standard Checking,3143.13,0,0,0,High,93.6,0,0
CUST-09143,James Miller,80,Male,168594,767,Premium Checking,55046.28,1,1,0,High,100,0,0
CUST-09144,James Jackson,68,Female,19730,665,Standard Checking,4877.79,1,0,0,Medium,36.4,0,0
CUST-09145,Linda Williams,56,Male,33355,597,Standard Checking,11465.58,1,0,0,None,0,0,1
CUST-09146,James Smith,28,Female,145421,647,Savings,6870.71,1,0,0,Low,6.3,0,0
CUST-09147,Michael Gonzalez,74,Male,46459,606,Savings,5174.08,1,0,0,Low,19.7,0,0
CUST-09148,Sandra Smith,20,Male,46433,790,Money Market,134682.33,1,0,0,High,77.2,0,0
CUST-09149,Jessica Wilson,54,Non-Binary,77493,736,Standard Checking,1635.26,1,0,0,High,97.2,0,0
CUST-09150,Patricia Lopez,42,Male,91751,705,Standard Checking,8421.37,0,0,0,High,75.1,0,0
CUST-09151,Matthew Lopez,38,Female,40753,707,Savings,11763.2,1,0,0,Low,14.7,0,0
CUST-09152,Thomas Anderson,59,Female,21581,674,Money Market,18630.7,1,0,0,High,96.8,0,0
CUST-09153,Elizabeth Williams,18,Female,30839,584,Premium Checking,73929.91,1,0,0,Medium,32.4,0,0
CUST-09154,Daniel Martin,40,Male,37031,649,Standard Checking,9264.2,0,1,0,Medium,69.9,0,0
CUST-09155,Karen Lopez,41,Female,27240,512,Money Market,23969.4,0,0,0,High,92.1,0,0
CUST-09156,James Smith,64,Female,31875,728,Savings,4963.74,1,0,1,Medium,62.8,1,0
CUST-09157,Elizabeth Moore,24,Non-Binary,49244,689,Standard Checking,7194.66,1,0,0,High,95.5,0,0
CUST-09158,Joseph Johnson,55,Female,32069,685,Money Market,71517.3,0,0,0,High,71.5,0,0
CUST-09159,Thomas Davis,64,Male,118522,629,Standard Checking,1990.54,1,1,0,Medium,45.1,1,0
CUST-09160,Nancy Rodriguez,52,Female,40052,673,Savings,10863.73,1,0,0,Low,19.2,0,0
CUST-09161,Christopher Martin,79,Male,22826,722,Savings,3712.88,0,0,1,Medium,33.3,0,0
CUST-09162,David Garcia,20,Male,88177,707,Premium Checking,58807.35,0,0,1,Medium,30.9,0,0
CUST-09163,Lisa Wilson,37,Female,245563,603,Standard Checking,1514.89,1,1,0,Medium,66.2,0,1
CUST-09164,James Miller,61,Female,41562,631,Standard Checking,4829.06,1,0,0,Medium,49,0,0
CUST-09165,Lisa Rodriguez,49,Female,55730,726,Standard Checking,4839.84,0,0,0,Medium,69.9,0,0
CUST-09166,David Thomas,43,Female,94071,661,Standard Checking,8606.3,1,0,0,High,73.4,0,0
CUST-09167,Charles Johnson,65,Male,40595,806,Standard Checking,6897.63,1,0,0,Medium,46.2,1,0
CUST-09168,Joseph Williams,22,Male,125156,612,Standard Checking,11261.63,0,0,0,Low,14.3,0,0
CUST-09169,Patricia Martin,76,Male,21974,666,Premium Checking,21023.22,0,0,0,Medium,43.1,0,0
CUST-09170,Nancy Miller,78,Male,46203,653,Premium Checking,73529.99,1,0,0,Low,29.7,0,0
CUST-09171,Barbara Brown,66,Male,32611,664,Standard Checking,3756.82,0,1,1,Medium,69.2,0,0
CUST-09172,Elizabeth Garcia,47,Female,27843,611,Premium Checking,31173.86,0,0,1,Low,15.5,0,0
CUST-09173,Matthew Wilson,34,Female,33037,550,Standard Checking,2500.97,0,0,1,High,70.9,0,1
CUST-09174,John Taylor,75,Male,63356,719,Money Market,37716.01,0,0,0,Low,29.6,1,0
CUST-09175,David Martinez,80,Male,77691,784,Standard Checking,11984.56,0,0,1,High,75.4,0,0
CUST-09176,Betty Martinez,78,Female,69868,647,Savings,8909,0,1,0,Medium,53.9,0,0
CUST-09177,Elizabeth Williams,80,Male,23477,700,Standard Checking,8585.69,0,0,0,Medium,43.3,0,0
CUST-09178,Lisa Anderson,32,Female,64571,668,Premium Checking,56095.21,1,0,1,Medium,46,0,0
CUST-09179,Thomas Moore,18,Male,46180,667,Money Market,63579.95,1,0,0,High,78,0,0
CUST-09180,Charles Jackson,30,Male,36650,637,Savings,12650.08,1,0,1,Medium,44.8,0,0
CUST-09181,Barbara Jones,65,Female,43948,728,Savings,5118.33,1,1,0,High,80.4,0,0
CUST-09182,Lisa Thomas,51,Female,112737,697,Savings,6275.15,1,0,0,High,81.8,0,0
CUST-09183,Sandra Anderson,47,Male,42712,633,Savings,12140.17,1,0,0,Medium,43,0,0
CUST-09184,Joseph Garcia,36,Female,71830,734,Savings,3199.72,1,0,0,Medium,45.6,0,0
CUST-09185,Barbara Johnson,81,Male,82143,780,Savings,14143.4,0,0,0,None,0,0,0
CUST-09186,Anthony Martin,83,Male,76129,762,Standard Checking,12581.69,1,1,0,Medium,34,0,0
CUST-09187,William Brown,74,Female,39001,669,Premium Checking,39512.77,0,0,1,Medium,30.4,0,0
CUST-09188,Robert Davis,61,Female,40075,620,Savings,7730.06,0,0,1,Low,20.4,0,0
CUST-09189,Nancy Martinez,29,Male,56226,619,Standard Checking,6589.99,1,0,0,Low,26.8,0,0
CUST-09190,Michael Wilson,57,Female,37157,646,Premium Checking,26730.02,0,0,1,Medium,52,0,0
CUST-09191,Sandra Jones,41,Male,32023,651,Standard Checking,3637.69,0,0,0,Low,19.1,0,0
CUST-09192,Jessica Anderson,28,Female,51513,740,Savings,4576.33,1,0,0,Low,24.3,0,0
CUST-09193,Robert Williams,83,Female,32768,549,Standard Checking,6153.62,1,1,0,High,81.9,0,1
CUST-09194,Daniel Martinez,18,Male,39503,675,Premium Checking,24794.61,0,0,0,High,86.9,0,0
CUST-09195,Robert Anderson,75,Male,42740,643,Premium Checking,73900.42,1,1,1,High,70.8,0,0
CUST-09196,Sarah Davis,45,Female,37140,629,Standard Checking,8459.22,1,0,0,Medium,56.9,0,0
CUST-09197,Christopher Johnson,85,Female,43131,716,Premium Checking,12195.13,1,0,0,Medium,62.5,0,0
CUST-09198,Nancy Davis,76,Female,39518,633,Savings,5795.71,1,0,1,Low,21.4,0,0
CUST-09199,Daniel Davis,39,Female,136163,670,Premium Checking,18600.51,1,0,0,Medium,55.5,0,0
CUST-09200,Patricia Jackson,46,Male,118695,740,Premium Checking,38507.07,1,0,0,Medium,67.8,0,0
CUST-09201,Daniel Moore,62,Female,39625,659,Standard Checking,6954.49,0,1,0,Low,26.8,0,0
CUST-09202,Sandra Smith,34,Female,39002,767,Standard Checking,9929.87,1,0,0,High,84.8,0,0
CUST-09203,Karen Anderson,56,Male,43823,624,Money Market,81724.7,1,0,0,High,87.2,0,0
CUST-09204,Sarah Lopez,57,Female,55240,479,Premium Checking,15085.94,1,1,0,High,74.4,0,1
CUST-09205,James Miller,45,Male,46580,714,Premium Checking,65266.14,0,0,0,High,96.1,0,0
CUST-09206,Charles Smith,19,Male,49410,701,Standard Checking,11602.83,1,0,0,High,74.8,0,0
CUST-09207,Lisa Miller,44,Female,72788,751,Premium Checking,69000.98,1,0,0,High,92.6,0,0
CUST-09208,Mary Miller,38,Female,31765,710,Money Market,95820.55,1,0,0,None,0,0,0
CUST-09209,Charles Gonzalez,24,Female,36420,784,Standard Checking,11813.11,1,0,0,Medium,63.2,0,0
CUST-09210,Matthew Jones,78,Male,23849,701,Standard Checking,1707.72,0,0,0,Medium,51.2,0,0
CUST-09211,Daniel Jackson,69,Male,40115,751,Standard Checking,5458.28,1,0,0,Medium,52,0,0
CUST-09212,James Smith,65,Male,49931,738,Savings,2564.69,1,0,0,None,0,0,1
CUST-09213,Anthony Moore,36,Male,50130,639,Premium Checking,35362.43,1,0,0,Medium,51.9,0,0
CUST-09214,Lisa Smith,29,Non-Binary,91721,648,Savings,8521.92,1,0,0,Medium,59.4,0,0
CUST-09215,Anthony Jones,19,Male,31662,663,Savings,14843.14,0,0,0,Low,19.1,0,0
CUST-09216,William Lopez,34,Female,21676,830,Savings,10195.63,1,1,0,Medium,39.3,0,0
CUST-09217,William Moore,20,Female,51283,640,Standard Checking,1192.5,1,0,0,Medium,60.3,0,0
CUST-09218,Daniel Hernandez,38,Female,44713,709,Standard Checking,4357.17,1,0,0,High,71,0,0
CUST-09219,James Jackson,68,Female,75152,687,Standard Checking,13884.97,1,0,0,Medium,54,0,0
CUST-09220,Nancy Martinez,27,Female,51060,696,Savings,14721.29,1,0,0,Medium,53.1,0,0
CUST-09221,Mary Miller,72,Female,92966,684,Savings,3389.97,1,0,0,High,73.8,0,0
CUST-09222,Karen Johnson,53,Male,45716,654,Savings,7435.88,0,0,0,Medium,33.7,0,0
CUST-09223,Charles Garcia,68,Female,37873,601,Standard Checking,5581.69,0,1,0,High,95.6,0,0
CUST-09224,Elizabeth Rodriguez,34,Female,69888,614,Standard Checking,3184.47,0,0,0,Low,15.3,0,0
CUST-09225,Linda Hernandez,78,Male,62387,732,Money Market,141168.05,0,0,0,Low,29.8,0,0
CUST-09226,William Martin,30,Female,34308,712,Savings,6451.55,0,1,1,None,0,0,1
CUST-09227,Margaret Martin,82,Female,64357,694,Savings,10018.71,0,0,0,High,74.2,0,0
CUST-09228,William Davis,65,Female,61117,806,Standard Checking,7564.05,1,0,1,Medium,66.9,0,0
CUST-09229,Margaret Anderson,64,Male,47768,850,Premium Checking,74329.38,1,1,0,Medium,40,0,0
CUST-09230,Mary Smith,27,Female,85798,614,Standard Checking,14137.35,1,0,0,Low,12.9,0,0
CUST-09231,William Rodriguez,74,Male,101647,778,Savings,5770.96,1,0,0,Medium,34.7,0,0
CUST-09232,Richard Davis,30,Male,36682,596,Premium Checking,74186.09,1,0,0,High,89.2,0,0
CUST-09233,Anthony Jones,78,Female,62580,649,Premium Checking,21932.24,1,1,0,Medium,32.4,0,0
CUST-09234,Mark Williams,75,Female,50838,691,Money Market,40064.42,1,1,1,Medium,58.8,0,0
CUST-09235,Christopher Brown,85,Female,39168,738,Savings,3346.83,1,0,0,High,77.1,0,0
CUST-09236,Thomas Thomas,46,Female,46122,591,Money Market,16997.7,0,0,0,Low,20.4,0,0
CUST-09237,Jessica Martin,33,Female,20270,685,Standard Checking,12296.12,1,1,0,Medium,36.5,0,0
CUST-09238,John Garcia,80,Female,83967,688,Savings,11115.47,1,0,1,Low,16,0,0
CUST-09239,James Thomas,64,Male,72696,577,Savings,10483.56,1,0,0,Low,13.2,0,0
CUST-09240,Joseph Miller,60,Male,18753,710,Standard Checking,14165.51,0,0,1,Medium,63.6,0,0
CUST-09241,Mary Martinez,40,Female,44671,671,Savings,11197.43,0,0,1,Medium,54.4,0,0
CUST-09242,Matthew Anderson,47,Male,57998,720,Standard Checking,7362.79,1,0,0,High,79.2,0,0
CUST-09243,Jennifer Johnson,74,Male,75165,647,Savings,13047.15,0,0,0,Medium,64.1,0,0
CUST-09244,Lisa Taylor,47,Female,42978,653,Standard Checking,6582.8,0,0,0,High,86.5,0,0
CUST-09245,Margaret Smith,84,Female,43327,839,Savings,11966.19,1,0,0,High,77.1,0,0
CUST-09246,James Brown,73,Male,58915,625,Premium Checking,29193.02,0,0,0,Low,7.8,0,0
CUST-09247,Karen Thomas,41,Female,34877,667,Premium Checking,13047.11,0,0,0,High,93.5,0,0
CUST-09248,Linda Smith,25,Male,112619,644,Standard Checking,11094.22,0,0,0,Medium,33.6,0,0
CUST-09249,Betty Jackson,61,Male,51619,689,Premium Checking,66823.95,1,1,0,Low,20.2,0,0
CUST-09250,David Taylor,51,Male,54013,700,Premium Checking,68012.08,1,0,0,Medium,54.2,0,0
CUST-09251,Matthew Martinez,52,Male,96170,765,Standard Checking,13287.62,1,0,0,Medium,35.3,0,0
CUST-09252,Barbara Rodriguez,67,Female,48436,641,Money Market,22529.74,0,0,0,Medium,57.6,0,0
CUST-09253,Michael Lopez,34,Male,96651,662,Money Market,131369.32,1,1,1,None,0,0,0
CUST-09254,Joseph Davis,19,Female,21977,697,Standard Checking,10573.05,0,0,0,Medium,63.1,0,0
CUST-09255,Thomas Jones,71,Female,87289,554,Savings,5190.59,1,0,0,Low,12.1,0,1
CUST-09256,Susan Johnson,61,Male,82181,761,Savings,14992.6,0,0,0,High,88.6,0,0
CUST-09257,Jessica Taylor,66,Male,17559,452,Savings,7066.12,1,0,0,Low,27.4,0,1
CUST-09258,John Smith,19,Male,41701,730,Standard Checking,7150.09,0,0,0,High,93,0,0
CUST-09259,Anthony Moore,26,Female,60058,850,Standard Checking,5893.52,1,0,0,None,0,0,0
CUST-09260,Sarah Brown,18,Male,73521,722,Standard Checking,4856.51,0,1,0,Low,11.5,0,0
CUST-09261,Joseph Jackson,26,Female,94404,729,Standard Checking,14451.96,1,0,1,High,73.4,0,0
CUST-09262,Charles Martinez,31,Male,23195,687,Premium Checking,67334.52,0,0,0,High,84.2,0,0
CUST-09263,Robert Jackson,44,Female,51019,621,Money Market,71628.52,1,0,1,High,89.8,0,0
CUST-09264,David Miller,26,Female,30639,735,Savings,4875.52,0,0,0,Medium,35.8,0,0
CUST-09265,Robert Martin,53,Female,34386,581,Premium Checking,16554.36,1,0,0,High,90.9,0,0
CUST-09266,Barbara Jackson,20,Female,73170,597,Standard Checking,2807.58,0,0,0,High,85,0,1
CUST-09267,Joseph Lopez,40,Female,32923,648,Standard Checking,10837.43,1,0,0,Low,17.8,0,0
CUST-09268,Patricia Lopez,47,Female,49091,716,Standard Checking,4121.72,1,0,0,High,89.7,0,0
CUST-09269,Sarah Taylor,36,Female,39266,593,Savings,10308.84,1,0,0,Medium,61.7,0,0
CUST-09270,Charles Thomas,84,Female,80940,727,Savings,10762.55,0,0,0,Medium,69.4,0,0
CUST-09271,David Johnson,67,Female,19591,710,Savings,14949.6,1,0,0,Medium,57.7,0,0
CUST-09272,Jessica Smith,65,Male,91191,685,Standard Checking,11801.13,1,0,0,High,84.2,0,0
CUST-09273,Thomas Moore,20,Male,103190,563,Money Market,60302.49,0,0,0,High,91.8,0,0
CUST-09274,Mark Gonzalez,83,Male,66005,744,Premium Checking,69694.41,1,0,1,High,89,0,0
CUST-09275,Robert Garcia,44,Female,54912,662,Premium Checking,58768.35,0,0,1,Medium,47.5,0,0
CUST-09276,James Martinez,57,Male,17669,675,Savings,14179.78,1,0,1,Medium,59.9,0,0
CUST-09277,Robert Smith,35,Female,67599,645,Standard Checking,2787.42,1,1,0,High,74.7,0,0
CUST-09278,Daniel Hernandez,44,Male,81181,570,Standard Checking,664.31,1,0,0,None,0,0,1
CUST-09279,Lisa Miller,28,Male,51570,610,Premium Checking,42205.49,1,0,1,High,84.7,0,0
CUST-09280,Sarah Martin,56,Male,35359,746,Savings,3484.53,1,0,0,Medium,54.9,0,0
CUST-09281,Christopher Martinez,36,Male,101881,791,Premium Checking,21023.04,1,0,1,High,97.6,0,0
CUST-09282,Matthew Anderson,24,Female,31782,718,Savings,13867.02,1,0,0,Medium,49.9,0,0
CUST-09283,Patricia Thomas,74,Male,86246,732,Standard Checking,14345.87,1,0,0,Medium,55.1,0,0
CUST-09284,Joseph Anderson,19,Male,63829,796,Standard Checking,4325.87,1,0,0,Medium,43.7,0,0
CUST-09285,Barbara Davis,55,Female,44948,794,Standard Checking,13646.96,1,0,0,None,0,0,0
CUST-09286,Linda Moore,22,Male,165963,721,Money Market,140969.27,0,0,0,Medium,39.4,0,0
CUST-09287,Sandra Garcia,53,Male,62398,638,Savings,6607.97,0,0,0,High,77.7,0,0
CUST-09288,Robert Johnson,85,Female,65622,541,Standard Checking,8156.17,1,0,0,High,92.9,0,1
CUST-09289,Barbara Brown,74,Male,63290,684,Standard Checking,783.89,0,0,0,Medium,49.6,0,0
CUST-09290,Daniel Gonzalez,37,Male,57028,692,Savings,360.81,1,1,0,Low,20.3,0,0
CUST-09291,Thomas Thomas,22,Male,46708,850,Standard Checking,2353.99,0,1,0,High,78.2,1,0
CUST-09292,William Smith,41,Female,71581,726,Premium Checking,10443.14,1,0,0,Low,6.5,0,0
CUST-09293,Joseph Lopez,47,Male,51505,694,Premium Checking,59379.76,1,0,0,Medium,33.2,0,0
CUST-09294,Robert Moore,45,Male,19711,617,Premium Checking,46874.51,1,0,0,Medium,51.7,0,0
CUST-09295,Karen Johnson,70,Male,32454,686,Premium Checking,51933.23,1,0,0,Medium,39.5,0,0
CUST-09296,Patricia Anderson,68,Male,87179,767,Savings,6319.96,1,0,1,Medium,61.2,0,0
CUST-09297,Jennifer Lopez,24,Male,76271,665,Standard Checking,12113.79,0,0,0,Medium,34.8,0,0
CUST-09298,Mark Moore,59,Male,29171,589,Standard Checking,8139.77,0,0,0,Medium,61.6,0,0
CUST-09299,Anthony Martin,52,Male,37362,619,Money Market,95779.72,0,1,0,High,93.2,0,0
CUST-09300,Patricia Smith,51,Male,36055,585,Savings,6852.22,1,0,0,High,82.8,0,0
CUST-09301,Joseph Moore,71,Female,101525,631,Standard Checking,5722.7,1,0,0,Low,22.2,0,0
CUST-09302,Susan Williams,46,Female,22686,600,Premium Checking,26868.36,1,1,0,Medium,51.7,0,0
CUST-09303,Mark Anderson,27,Female,36069,718,Standard Checking,12447.42,1,0,0,High,79.9,0,0
CUST-09304,Anthony Jones,44,Female,51005,728,Premium Checking,60824.2,0,1,0,High,85.4,0,0
CUST-09305,Anthony Williams,30,Female,23814,785,Standard Checking,12224.58,0,0,0,High,99.7,0,0
CUST-09306,Nancy Miller,59,Female,51076,676,Standard Checking,3815.63,1,0,0,High,88.7,0,0
CUST-09307,Jennifer Smith,54,Male,29084,675,Premium Checking,35407.12,0,0,0,Medium,56.5,0,0
CUST-09308,Charles Miller,78,Male,32243,704,Standard Checking,11820.73,0,1,0,Medium,48.9,0,0
CUST-09309,Patricia Lopez,38,Male,37806,640,Premium Checking,32756.84,1,0,0,Low,18.5,0,0
CUST-09310,Karen Moore,20,Male,44778,601,Money Market,138422.74,0,0,0,Medium,34.2,0,0
CUST-09311,William Jackson,25,Female,36971,616,Standard Checking,11511.34,0,0,0,High,73.6,0,0
CUST-09312,Nancy Brown,34,Female,51416,722,Premium Checking,74873.82,1,0,0,High,84.3,0,0
CUST-09313,James Rodriguez,27,Male,91381,744,Premium Checking,56328.6,0,1,1,Medium,50.8,0,0
CUST-09314,Anthony Anderson,30,Female,75608,847,Savings,488.73,1,0,0,Medium,47.1,0,0
CUST-09315,Nancy Davis,29,Male,104482,608,Standard Checking,5069,1,0,0,Medium,63.4,0,0
CUST-09316,Joseph Anderson,83,Female,47216,604,Savings,5356.46,1,0,0,None,0,0,1
CUST-09317,Sarah Miller,40,Female,47307,546,Savings,3708.06,1,0,0,High,97.7,0,1
CUST-09318,Nancy Moore,82,Male,54390,690,Money Market,56561.12,1,0,1,Low,24.3,0,0
CUST-09319,Jessica Johnson,69,Female,22774,717,Standard Checking,5504.97,1,0,1,High,77.1,0,0
CUST-09320,Patricia Martin,78,Female,82217,635,Money Market,89198.61,1,0,0,Low,21.6,0,0
CUST-09321,Jessica Williams,43,Female,40643,573,Savings,12744.32,0,0,0,Medium,45.1,0,0
CUST-09322,Lisa Johnson,32,Male,47947,819,Premium Checking,45951.87,0,0,0,High,84.4,0,0
CUST-09323,John Jones,39,Female,60694,705,Standard Checking,98.73,1,0,0,Medium,46.8,0,0
CUST-09324,Mary Jackson,82,Female,33314,594,Savings,5514.69,0,0,0,High,96.8,0,0
CUST-09325,Lisa Martin,43,Female,33848,654,Standard Checking,2383.19,0,0,0,High,75.8,0,0
CUST-09326,Sandra Johnson,38,Male,59582,840,Money Market,47792.52,1,0,0,Medium,34.8,0,0
CUST-09327,Mary Martin,41,Male,60976,746,Standard Checking,2571.72,1,1,0,Medium,66.8,0,0
CUST-09328,Sarah Martin,33,Female,153877,656,Savings,1144.68,1,0,0,High,84.4,0,0
CUST-09329,Matthew Wilson,49,Male,55369,613,Standard Checking,8320.87,1,0,0,High,91.6,0,0
CUST-09330,Margaret Anderson,33,Male,64043,775,Standard Checking,11408.55,0,0,1,High,86.8,0,0
CUST-09331,Barbara Hernandez,59,Male,156787,580,Savings,7407.6,0,0,0,Low,7.8,0,0
CUST-09332,David Miller,49,Male,58276,714,Savings,4339.7,0,0,0,High,99.8,0,0
CUST-09333,Barbara Thomas,67,Male,60876,713,Standard Checking,1561.27,0,0,0,High,72.3,0,0
CUST-09334,Robert Johnson,58,Male,11422,757,Money Market,23069.79,0,0,0,Low,13.4,0,0
CUST-09335,Nancy Thomas,41,Male,40404,719,Premium Checking,42193.94,1,1,1,High,86,0,0
CUST-09336,Daniel Anderson,30,Female,54280,723,Standard Checking,2319.78,0,0,0,High,92.1,0,0
CUST-09337,David Garcia,27,Female,33498,703,Premium Checking,58447.94,1,0,1,High,85,0,0
CUST-09338,Richard Jackson,59,Male,54537,701,Standard Checking,11762.74,1,0,0,Low,27.1,0,0
CUST-09339,Elizabeth Jackson,58,Female,70216,811,Standard Checking,11418.92,1,0,0,High,94.6,0,0
CUST-09340,Sandra Jones,20,Male,77792,681,Premium Checking,54994.51,1,0,0,Medium,44.6,1,0
CUST-09341,Matthew Miller,72,Male,46419,740,Standard Checking,1443.48,0,0,0,Low,28.6,0,0
CUST-09342,David Wilson,33,Male,22499,651,Standard Checking,9690.2,0,0,0,None,0,0,1
CUST-09343,Daniel Thomas,61,Female,51183,608,Standard Checking,9174.48,1,0,1,None,0,0,1
CUST-09344,Sarah Brown,47,Female,39731,646,Savings,9167.82,0,0,0,Low,9.5,0,0
CUST-09345,James Anderson,54,Male,33399,662,Money Market,20451.11,1,0,0,High,74.9,0,0
CUST-09346,Susan Jackson,77,Female,42568,606,Standard Checking,1822.08,1,0,0,Medium,60,0,1
CUST-09347,Anthony Jones,41,Female,41216,575,Standard Checking,443.18,1,0,0,High,77.9,0,1
CUST-09348,Patricia Gonzalez,43,Male,43956,763,Savings,3504.69,0,0,1,Medium,65.9,0,0
CUST-09349,Sarah Lopez,75,Female,39002,638,Money Market,40398.02,1,0,1,Medium,58.9,0,0
CUST-09350,Daniel Anderson,26,Male,100608,660,Savings,11463.31,1,0,1,None,0,0,1
CUST-09351,Sandra Rodriguez,78,Female,55999,639,Standard Checking,1221.57,0,0,0,High,99.1,0,0
CUST-09352,Patricia Jones,36,Female,56114,517,Standard Checking,5481.89,1,0,0,High,90.7,0,1
CUST-09353,William Gonzalez,45,Female,60344,794,Standard Checking,13482.05,1,0,0,Low,19.7,0,0
CUST-09354,Elizabeth Thomas,24,Female,24657,615,Standard Checking,13466.5,0,0,0,Medium,64.6,0,0
CUST-09355,Sandra Gonzalez,62,Female,81407,750,Standard Checking,5405.2,0,0,0,Medium,49,0,0
CUST-09356,Patricia Gonzalez,80,Male,249146,610,Standard Checking,9093.54,1,0,0,High,82.8,0,0
CUST-09357,Christopher Davis,54,Male,30296,695,Standard Checking,2993.66,1,0,0,High,88.2,0,0
CUST-09358,Richard Anderson,33,Female,34984,746,Standard Checking,1207.34,1,0,0,Medium,40.2,0,0
CUST-09359,Karen Martin,22,Male,37254,597,Premium Checking,69583.74,0,0,1,Medium,41.4,0,0
CUST-09360,Richard Jones,46,Male,56924,651,Money Market,122865.59,1,0,0,Low,21.4,0,0
CUST-09361,Nancy Garcia,69,Male,45803,636,Money Market,112826.17,1,0,1,Low,14.1,0,0
CUST-09362,Sandra Jones,40,Male,37893,648,Standard Checking,5084.44,1,0,0,Medium,65.9,0,0
CUST-09363,Richard Jones,23,Male,65706,734,Premium Checking,51698.19,1,1,0,High,90.6,0,0
CUST-09364,Matthew Gonzalez,53,Female,59510,777,Savings,7609.92,1,0,0,Medium,38.2,0,0
CUST-09365,Lisa Martin,74,Male,90340,655,Standard Checking,14590.52,1,0,0,Medium,60.3,0,0
CUST-09366,Daniel Davis,50,Female,52689,698,Money Market,118629.58,0,0,0,Medium,55.9,0,0
CUST-09367,Margaret Rodriguez,66,Male,48030,588,Money Market,97424.85,1,0,0,Medium,55.8,0,0
CUST-09368,Christopher Jackson,58,Female,39458,850,Standard Checking,6134.95,1,0,0,High,72.6,0,0
CUST-09369,Mark Martin,72,Male,55138,715,Savings,6778.06,1,1,0,Medium,50.3,0,0
CUST-09370,Joseph Martinez,43,Female,29108,738,Premium Checking,68817.94,0,0,0,Low,22.7,0,0
CUST-09371,David Jones,54,Male,84441,646,Standard Checking,1307.06,0,1,0,Medium,48.9,0,0
CUST-09372,William Hernandez,34,Female,67031,754,Standard Checking,869.53,0,0,0,Medium,65.4,0,0
CUST-09373,Anthony Jackson,49,Male,54820,689,Standard Checking,10355.09,0,0,0,Medium,40.3,0,0
CUST-09374,Mary Garcia,45,Female,40079,747,Savings,4125.14,0,0,0,Low,17,0,0
CUST-09375,Mark Smith,42,Male,111216,615,Savings,14989.69,1,0,0,Medium,62.5,0,0
CUST-09376,John Williams,64,Male,37269,692,Standard Checking,14915.7,0,0,0,High,70.2,0,0
CUST-09377,Margaret Wilson,39,Male,32044,537,Savings,9659.13,0,1,0,High,86,0,1
CUST-09378,Karen Jones,78,Female,41999,723,Standard Checking,6969.98,1,1,0,Low,16.8,0,0
CUST-09379,Thomas Anderson,61,Male,74121,718,Savings,166.9,1,0,0,Medium,64.1,0,0
CUST-09380,Jennifer Wilson,37,Female,100358,550,Savings,9048.61,1,0,1,Medium,45.8,0,0
CUST-09381,Susan Taylor,67,Non-Binary,83299,600,Standard Checking,1387.16,1,0,0,Medium,37.1,0,1
CUST-09382,Linda Davis,64,Male,25469,622,Standard Checking,13565.56,0,0,1,High,70.7,0,0
CUST-09383,Charles Rodriguez,64,Female,47606,714,Standard Checking,1764.13,1,1,0,High,97.5,0,0
CUST-09384,David Gonzalez,68,Male,38537,482,Money Market,15804.59,1,0,0,High,84,0,0
CUST-09385,Richard Jackson,72,Female,59792,816,Standard Checking,10814.97,0,0,0,High,75.6,0,0
CUST-09386,Betty Jackson,56,Female,42361,627,Standard Checking,2335.86,0,0,0,High,84.9,0,0
CUST-09387,Robert Thomas,31,Non-Binary,72227,850,Savings,8811.97,0,0,0,Medium,32.3,0,0
CUST-09388,William Martin,64,Male,39038,680,Standard Checking,11945.05,0,0,0,None,0,0,0
CUST-09389,Nancy Williams,38,Female,32142,515,Savings,83.6,1,0,1,Medium,59.8,0,1
CUST-09390,Charles Jones,32,Male,94272,569,Premium Checking,19018.77,1,0,0,High,85.9,0,0
CUST-09391,Linda Wilson,18,Male,48249,681,Savings,2712.42,1,0,0,Low,15.2,0,0
CUST-09392,Lisa Williams,27,Male,76290,584,Premium Checking,20858.13,1,0,1,Medium,54.8,0,0
CUST-09393,Lisa Gonzalez,40,Male,27559,609,Standard Checking,11985.82,1,0,1,High,72.2,0,0
CUST-09394,David Davis,35,Female,30438,507,Money Market,106080.58,0,0,0,Medium,31,0,0
CUST-09395,Charles Martinez,75,Male,26008,648,Premium Checking,36300.02,0,1,0,Medium,34.8,1,0
CUST-09396,Mark Moore,69,Non-Binary,33289,783,Savings,7651.68,1,0,0,High,70.9,0,0
CUST-09397,Betty Moore,63,Female,34942,629,Premium Checking,39119.48,1,0,0,Medium,37.5,0,0
CUST-09398,Matthew Miller,30,Female,33453,717,Savings,1113.26,1,0,0,High,80.7,0,0
CUST-09399,Jessica Garcia,34,Female,48068,604,Standard Checking,437.7,0,0,0,None,0,0,1
CUST-09400,Jessica Thomas,84,Female,29737,750,Savings,752.89,0,1,1,Medium,51.3,0,0
CUST-09401,Daniel Smith,78,Male,33568,644,Standard Checking,13974.93,1,1,1,High,92.6,0,0
CUST-09402,Lisa Jackson,82,Female,54646,697,Standard Checking,6018.04,1,1,0,Medium,42.8,0,0
CUST-09403,John Garcia,70,Male,130680,624,Savings,950.67,0,0,0,Medium,54.7,0,1
CUST-09404,Patricia Brown,22,Male,62217,655,Savings,14940.61,1,0,0,High,98.2,0,0
CUST-09405,Patricia Martinez,49,Male,59383,586,Standard Checking,14317.22,1,0,0,High,91.5,0,0
CUST-09406,William Davis,62,Female,42882,792,Savings,6297.16,0,0,0,High,96.6,0,0
CUST-09407,Charles Taylor,73,Male,18207,683,Savings,1592.88,1,1,0,High,99.1,0,0
CUST-09408,Thomas Smith,22,Male,44363,624,Standard Checking,11164.45,1,0,1,Medium,34.1,0,0
CUST-09409,Karen Wilson,51,Male,29400,661,Money Market,63614.75,1,1,0,Medium,32.1,0,0
CUST-09410,Nancy Martin,78,Male,81755,709,Savings,9434.56,1,0,0,High,71.7,0,0
CUST-09411,Anthony Hernandez,79,Female,107575,727,Savings,11436.38,1,0,0,High,90.7,0,0
CUST-09412,John Davis,80,Female,31107,639,Premium Checking,5962.91,1,1,1,Medium,59.7,0,0
CUST-09413,Nancy Martinez,61,Female,48505,728,Savings,14154.18,1,0,0,None,0,0,0
CUST-09414,Thomas Davis,45,Male,24829,679,Savings,14937.02,0,0,0,High,88.9,0,0
CUST-09415,Nancy Smith,30,Male,74170,622,Premium Checking,10699.99,0,0,0,High,71.5,0,0
CUST-09416,Karen Miller,60,Male,91510,652,Savings,14456.91,0,0,0,Medium,50.5,0,0
CUST-09417,Lisa Rodriguez,47,Female,65174,636,Standard Checking,3513.42,0,0,1,Low,28.2,0,0
CUST-09418,Margaret Lopez,43,Male,57516,811,Standard Checking,12040.69,0,0,1,High,91,0,0
CUST-09419,Nancy Rodriguez,80,Male,47955,688,Money Market,84082.57,1,0,1,High,98.3,0,0
CUST-09420,Karen Williams,74,Male,62768,731,Standard Checking,667.95,0,1,0,Medium,56.6,0,0
CUST-09421,Patricia Martinez,81,Male,42752,764,Standard Checking,3925.58,0,0,0,Medium,51.6,1,0
CUST-09422,Patricia Rodriguez,66,Male,40687,686,Savings,5800.64,1,0,0,High,96.1,0,0
CUST-09423,Nancy Smith,69,Female,91786,746,Premium Checking,59142.51,0,0,0,Medium,51.4,0,0
CUST-09424,Robert Rodriguez,80,Female,72471,681,Money Market,108508.1,1,0,1,Medium,51.5,0,0
CUST-09425,Robert Garcia,30,Male,36857,673,Standard Checking,3228.58,0,0,0,Medium,47.2,0,0
CUST-09426,Charles Davis,62,Male,120873,657,Standard Checking,13881.88,0,0,1,Medium,69.8,0,0
CUST-09427,Elizabeth Hernandez,63,Male,34612,648,Money Market,107513.64,0,0,1,Low,26.5,0,0
CUST-09428,Richard Martin,58,Female,128896,716,Premium Checking,53881.48,1,0,0,Medium,63,0,0
CUST-09429,Patricia Hernandez,63,Female,25594,605,Savings,6452.14,0,1,0,High,81.6,0,0
CUST-09430,Barbara Jones,18,Female,45590,598,Savings,9215.81,0,0,0,Medium,56.4,0,0
CUST-09431,Sandra Martinez,85,Male,61548,742,Standard Checking,7146.03,1,0,0,Medium,66.4,1,0
CUST-09432,Matthew Miller,29,Female,58334,761,Standard Checking,4801.96,0,0,0,Medium,58.7,0,0
CUST-09433,Christopher Rodriguez,52,Female,53723,798,Premium Checking,59632.2,1,0,0,High,99.6,0,0
CUST-09434,William Martinez,50,Female,92643,651,Premium Checking,67360.09,1,0,1,Medium,49.3,0,0
CUST-09435,Elizabeth Johnson,75,Male,61159,559,Standard Checking,1474.14,0,0,0,Medium,68.7,0,1
CUST-09436,Patricia Davis,52,Female,63414,547,Standard Checking,8262.8,1,0,0,None,0,0,1
CUST-09437,Mark Wilson,63,Female,36201,773,Savings,4809.1,1,0,0,Medium,38.2,0,0
CUST-09438,Thomas Gonzalez,83,Male,73850,740,Standard Checking,11214.33,1,1,0,High,96.3,0,0
CUST-09439,Christopher Moore,61,Male,39304,712,Premium Checking,66182.14,1,0,0,Medium,33.6,0,0
CUST-09440,Sarah Gonzalez,43,Female,86675,724,Standard Checking,463.88,0,1,0,High,73.5,0,0
CUST-09441,Linda Lopez,59,Female,100811,727,Standard Checking,9545.43,0,1,0,Medium,54.5,1,0
CUST-09442,Matthew Smith,47,Non-Binary,50990,812,Savings,10878.72,0,0,0,High,78.3,0,0
CUST-09443,Karen Moore,49,Male,63697,603,Savings,11571.04,0,0,0,Medium,38.4,0,0
CUST-09444,John Lopez,53,Female,56503,618,Savings,13369.66,1,0,1,Low,20.2,0,0
CUST-09445,Charles Gonzalez,36,Male,47324,714,Premium Checking,24086.21,0,0,0,High,92.8,0,0
CUST-09446,Elizabeth Anderson,39,Female,43911,733,Savings,4039.08,1,1,0,Medium,56.5,0,0
CUST-09447,Karen Johnson,82,Male,27818,595,Standard Checking,9938.64,1,0,0,Medium,53.6,0,0
CUST-09448,Charles Williams,74,Male,35220,737,Standard Checking,8375.97,0,0,0,None,0,0,0
CUST-09449,Susan Miller,28,Male,51446,648,Standard Checking,12329.24,0,0,0,High,82.9,0,0
CUST-09450,Linda Hernandez,43,Female,100340,716,Premium Checking,48785.05,1,0,0,Medium,67.8,0,0
CUST-09451,Mark Martin,65,Male,58190,589,Standard Checking,6174.95,0,0,0,Medium,47.8,0,0
CUST-09452,Jennifer Hernandez,36,Female,86595,544,Premium Checking,23806.05,0,1,1,High,94.7,1,0
CUST-09453,Thomas Martinez,29,Male,20509,720,Standard Checking,9810.31,1,1,0,None,0,0,0
CUST-09454,Lisa Taylor,84,Male,96905,820,Savings,6299.09,1,0,0,Low,18.2,0,0
CUST-09455,Christopher Johnson,73,Male,68086,682,Standard Checking,5935.26,1,0,0,High,90.5,0,0
CUST-09456,Jennifer Jones,35,Male,82425,807,Savings,5663.54,1,0,0,High,97.4,0,0
CUST-09457,Patricia Johnson,22,Male,18554,583,Savings,12395.21,1,0,0,High,73.1,0,0
CUST-09458,Barbara Williams,41,Female,40251,618,Premium Checking,62386.59,0,0,0,High,99.2,0,0
CUST-09459,Jennifer Wilson,55,Female,29019,714,Savings,6022.63,0,0,0,Low,18.3,1,0
CUST-09460,Linda Wilson,84,Male,69925,717,Standard Checking,12993.75,1,0,0,Low,17.8,0,0
CUST-09461,Mark Williams,69,Female,63252,644,Standard Checking,77.02,1,0,1,High,82.6,0,0
CUST-09462,Jessica Anderson,56,Male,78219,721,Standard Checking,4815.41,0,0,1,Medium,40.7,0,0
CUST-09463,Michael Anderson,76,Female,40558,642,Premium Checking,29298.52,1,0,1,Medium,58.9,1,0
CUST-09464,Richard Garcia,43,Female,73883,688,Standard Checking,1612.78,1,0,0,High,84.8,0,0
CUST-09465,Joseph Taylor,82,Male,49096,704,Standard Checking,8713.93,1,0,0,High,88.7,0,0
CUST-09466,Patricia Wilson,65,Female,88133,809,Savings,6765.46,1,0,0,High,76.6,0,0
CUST-09467,Joseph Lopez,70,Female,69176,618,Savings,10052.57,1,1,0,None,0,0,1
CUST-09468,Charles Martinez,26,Male,34102,721,Money Market,149176.51,1,0,0,Medium,44.7,0,0
CUST-09469,Jennifer Rodriguez,22,Female,56634,739,Savings,2961.29,1,0,0,Medium,62.3,0,0
CUST-09470,Mary Brown,78,Male,24533,840,Savings,2034.36,1,0,1,Medium,57.7,0,0
CUST-09471,William Anderson,38,Male,89048,786,Standard Checking,4631.65,1,0,0,Medium,64.6,0,0
CUST-09472,Sandra Gonzalez,80,Female,68357,727,Savings,14142.55,0,0,0,Low,11.4,0,0
CUST-09473,Karen Davis,37,Female,69709,543,Standard Checking,3190.43,1,0,0,Low,22.8,0,1
CUST-09474,Betty Jackson,75,Female,77600,713,Standard Checking,6945.59,0,0,1,High,75,0,0
CUST-09475,Charles Thomas,62,Female,54751,757,Savings,14254.1,1,0,0,Low,21.6,0,0
CUST-09476,David Martinez,39,Male,23635,603,Standard Checking,3070.13,1,0,1,High,76.7,0,1
CUST-09477,Linda Smith,80,Female,79417,619,Standard Checking,3706.41,1,1,0,Low,5.4,0,0
CUST-09478,Elizabeth Moore,47,Female,33928,807,Standard Checking,7198.87,1,0,0,High,77,0,0
CUST-09479,John Hernandez,80,Female,32537,767,Premium Checking,5192.82,1,0,0,Medium,65.4,0,0
CUST-09480,Sarah Williams,61,Female,71403,573,Standard Checking,1247.82,1,0,0,None,0,0,1
CUST-09481,Linda Wilson,84,Female,37733,681,Premium Checking,21990.53,0,0,1,High,91.6,0,0
CUST-09482,Jennifer Anderson,75,Male,53303,679,Savings,2187.1,1,0,0,Low,7.8,0,0
CUST-09483,Susan Miller,82,Male,70499,791,Savings,6428.41,1,0,0,High,76.2,0,0
CUST-09484,Elizabeth Anderson,53,Female,69442,796,Standard Checking,1671.1,0,0,0,Medium,60.7,0,0
CUST-09485,Mark Martinez,23,Female,85015,701,Savings,8832.01,0,0,0,Medium,51,0,0
CUST-09486,Nancy Taylor,54,Female,37233,609,Standard Checking,7414.87,0,0,1,Low,20.7,0,0
CUST-09487,Anthony Jackson,72,Male,42111,650,Savings,8908.14,1,0,0,Medium,59.1,0,0
CUST-09488,Mark Taylor,76,Male,58432,553,Standard Checking,13518.02,1,0,0,Low,5.4,0,0
CUST-09489,Barbara Anderson,55,Male,25777,570,Money Market,128935.12,1,0,1,Low,29,0,0
CUST-09490,Betty Lopez,42,Female,32822,850,Premium Checking,11525.52,1,0,0,Low,29.1,0,0
CUST-09491,Matthew Rodriguez,50,Male,31455,658,Standard Checking,8634.87,1,0,1,Medium,45.7,0,0
CUST-09492,Robert Brown,30,Female,17156,659,Savings,3742.71,1,0,0,Medium,66.7,1,0
CUST-09493,Barbara Thomas,55,Female,37447,670,Savings,1044.54,1,0,1,Medium,45.7,0,0
CUST-09494,William Williams,75,Male,49304,687,Standard Checking,928.32,0,0,0,Low,27.7,0,0
CUST-09495,Christopher Williams,37,Male,53121,709,Standard Checking,1040.29,1,0,0,High,78.9,0,0
CUST-09496,Betty Moore,34,Male,38940,614,Standard Checking,3599.63,0,0,0,Medium,63.8,0,0
CUST-09497,Thomas Martinez,41,Male,31900,786,Standard Checking,10960.46,1,0,0,High,77.1,0,0
CUST-09498,Mary Hernandez,43,Male,46167,634,Standard Checking,2351.76,1,0,0,Medium,52.7,0,0
CUST-09499,Lisa Williams,57,Female,38016,560,Standard Checking,3903.64,1,0,1,Medium,46,0,1
CUST-09500,Daniel Johnson,49,Female,15058,583,Standard Checking,12904.06,1,0,1,Low,22.6,0,0
CUST-09501,William Jackson,54,Male,31810,679,Standard Checking,6581.09,1,0,1,Medium,54.2,0,0
CUST-09502,Mary Jackson,77,Female,57161,744,Money Market,107454.26,1,0,0,Medium,41.2,0,0
CUST-09503,Mary Anderson,74,Female,48782,736,Savings,3748.72,1,0,0,None,0,0,1
CUST-09504,Lisa Williams,75,Male,53932,769,Premium Checking,43247.82,0,0,0,Low,16.2,0,0
CUST-09505,Robert Hernandez,84,Female,66683,591,Savings,2817.71,0,0,1,High,79.6,0,1
CUST-09506,Anthony Miller,39,Male,56177,772,Premium Checking,38558.52,0,0,0,Medium,43.5,0,0
CUST-09507,Jennifer Wilson,75,Male,51215,714,Savings,6127.38,0,1,1,High,82.3,0,0
CUST-09508,Mark Smith,66,Female,40041,657,Savings,5964.31,1,0,0,Medium,58.1,0,0
CUST-09509,Betty Taylor,66,Male,34827,627,Savings,14665.9,1,0,0,Low,21.1,0,0
CUST-09510,Thomas Wilson,59,Male,50572,615,Standard Checking,8256.67,1,0,0,High,90.6,0,0
CUST-09511,Elizabeth Davis,57,Male,29380,717,Standard Checking,1283.62,1,0,1,High,97.1,0,0
CUST-09512,Linda Wilson,63,Female,69835,684,Premium Checking,36214.56,1,0,1,High,84.4,0,0
CUST-09513,Michael Garcia,39,Male,30447,552,Standard Checking,9832.46,1,0,0,High,92.8,0,0
CUST-09514,Patricia Smith,38,Female,98706,658,Money Market,101704.03,0,0,0,High,82.8,0,0
CUST-09515,Joseph Anderson,68,Female,47688,650,Standard Checking,12685.36,1,0,0,Medium,65.8,1,0
CUST-09516,James Martin,31,Male,86701,762,Savings,14444.4,1,0,1,High,80.1,0,0
CUST-09517,John Jones,26,Male,28658,704,Standard Checking,928.23,1,1,0,Medium,49.4,0,0
CUST-09518,Robert Brown,35,Male,111623,650,Savings,3866.4,1,0,0,Medium,56.4,0,0
CUST-09519,Thomas Martin,30,Male,28505,624,Premium Checking,33713.1,0,0,0,Medium,67.8,0,0
CUST-09520,Susan Davis,34,Male,47718,698,Savings,13087.92,1,0,1,High,86.3,0,0
CUST-09521,Mary Davis,42,Male,25543,635,Savings,290.87,0,1,0,Medium,66.5,0,1
CUST-09522,James Brown,71,Male,49540,578,Standard Checking,8685.73,1,0,0,None,0,0,1
CUST-09523,Charles Jones,33,Male,45700,704,Premium Checking,51407.58,1,0,0,Medium,59.4,1,0
CUST-09524,Mark Jones,41,Female,15619,674,Money Market,56769.15,1,0,0,Medium,44.6,0,0
CUST-09525,Christopher Martin,40,Male,52703,667,Standard Checking,3338.66,0,1,0,High,88.9,0,0
CUST-09526,Lisa Jackson,58,Female,63585,684,Standard Checking,10600.93,1,1,1,Medium,40.6,0,0
CUST-09527,Barbara Martin,50,Male,31914,718,Savings,5003.81,1,0,0,Medium,43.7,0,0
CUST-09528,James Miller,59,Female,42526,588,Savings,9649.27,1,0,0,Medium,54.7,0,0
CUST-09529,Thomas Johnson,65,Female,43877,622,Standard Checking,1175.93,1,0,0,High,90.2,0,1
CUST-09530,David Miller,35,Male,112038,783,Savings,14445.22,1,0,0,None,0,0,0
CUST-09531,Thomas Williams,80,Female,54137,757,Premium Checking,10142.89,1,0,0,High,71.7,0,0
CUST-09532,Mark Garcia,28,Male,37297,822,Premium Checking,25332.58,1,0,0,None,0,0,0
CUST-09533,Nancy Hernandez,41,Female,28326,735,Savings,5744.84,0,0,0,High,74.8,0,0
CUST-09534,Mark Moore,78,Female,20839,729,Standard Checking,8959.68,0,1,0,High,73.2,0,0
CUST-09535,Sarah Martinez,81,Male,46050,673,Standard Checking,1636.09,1,0,0,Medium,31.4,0,0
CUST-09536,Robert Anderson,53,Female,51969,575,Premium Checking,18494.95,1,0,0,Medium,68.8,0,0
CUST-09537,Christopher Martin,70,Female,26768,727,Standard Checking,13216.49,1,1,0,Medium,66,0,0
CUST-09538,Daniel Brown,64,Male,24139,674,Money Market,57589.55,0,0,0,Medium,46.5,0,0
CUST-09539,Christopher Smith,69,Female,62070,561,Standard Checking,3602.2,1,0,0,High,74.9,0,1
CUST-09540,Joseph Taylor,74,Female,79938,720,Money Market,10764.83,1,0,1,Medium,62.8,0,0
CUST-09541,Charles Wilson,40,Male,42420,758,Premium Checking,47783.82,0,0,0,Medium,46.1,0,0
CUST-09542,Anthony Jackson,76,Female,63196,623,Money Market,143974.36,0,0,0,Low,17.9,0,0
CUST-09543,Sarah Johnson,73,Male,46561,653,Premium Checking,52943.79,0,0,0,Medium,40.4,1,0
CUST-09544,Jennifer Gonzalez,59,Female,179819,705,Savings,10488.2,1,0,0,Medium,42.5,0,0
CUST-09545,Thomas Garcia,35,Male,47029,617,Savings,10060.11,1,0,1,Low,18.5,0,0
CUST-09546,Christopher Jones,50,Female,97529,669,Money Market,102825.12,1,1,0,High,99.5,0,0
CUST-09547,Michael Smith,20,Female,65044,696,Savings,8418.08,1,1,0,High,72.5,0,0
CUST-09548,Richard Jackson,45,Female,37380,736,Standard Checking,7070.41,1,0,0,Medium,53.2,0,0
CUST-09549,Nancy Smith,18,Non-Binary,65827,679,Premium Checking,72730.51,0,0,0,Medium,39.5,0,0
CUST-09550,Richard Hernandez,80,Male,47628,716,Standard Checking,148.18,1,0,0,Medium,62,0,0
CUST-09551,Anthony Miller,64,Male,29446,665,Standard Checking,4445.41,0,0,0,Medium,56.5,0,0
CUST-09552,Karen Williams,54,Female,51320,690,Savings,14692.31,1,0,0,High,96.8,0,0
CUST-09553,Betty Smith,65,Male,39540,704,Standard Checking,11715.86,0,1,0,Medium,41.7,0,0
CUST-09554,Linda Taylor,36,Male,47822,507,Savings,9243.13,1,0,0,High,78.8,0,1
CUST-09555,Richard Wilson,31,Female,47328,632,Savings,6281.88,0,0,0,Medium,37.1,0,0
CUST-09556,Robert Garcia,84,Female,43871,759,Savings,1199.87,1,0,1,Medium,49.4,0,0
CUST-09557,Anthony Garcia,82,Male,30427,538,Savings,9161.33,1,0,0,Medium,69.5,0,1
CUST-09558,Christopher Davis,43,Female,90253,707,Premium Checking,63066.04,0,0,0,Medium,52.3,0,0
CUST-09559,Richard Moore,27,Female,47274,776,Savings,8663.46,0,0,1,Medium,38.4,0,0
CUST-09560,Daniel Brown,60,Female,54756,759,Savings,14207.48,1,0,0,Medium,38.4,0,0
CUST-09561,Thomas Jones,76,Female,44395,738,Premium Checking,8848.97,1,0,0,Medium,32,0,0
CUST-09562,John Brown,20,Male,40021,801,Standard Checking,14410.33,1,0,0,Medium,45.7,0,0
CUST-09563,Daniel Jones,22,Female,54142,765,Premium Checking,62710.9,1,0,1,Medium,41,0,0
CUST-09564,Susan Anderson,54,Male,99024,653,Savings,1359.95,1,0,0,Medium,42.6,0,0
CUST-09565,Karen Taylor,69,Female,22487,730,Premium Checking,46279.32,0,0,1,Medium,57,0,0
CUST-09566,Jennifer Martinez,83,Female,28414,583,Savings,10173.77,1,0,0,High,89.6,0,0
CUST-09567,Nancy Thomas,80,Male,41591,748,Money Market,69334.49,0,0,1,None,0,0,0
CUST-09568,Thomas Wilson,24,Female,33062,675,Premium Checking,60728.25,1,0,1,High,79,0,0
CUST-09569,Karen Lopez,70,Female,134288,755,Standard Checking,851.56,0,1,0,Medium,63.5,0,0
CUST-09570,William Anderson,23,Female,41192,699,Standard Checking,10720.86,0,0,0,None,0,0,0
CUST-09571,Barbara Wilson,24,Male,62153,749,Savings,1618.68,1,0,1,Medium,42.1,0,0
CUST-09572,Betty Moore,61,Female,42526,690,Standard Checking,9549.37,1,1,0,High,77.6,0,0
CUST-09573,Karen Garcia,35,Female,13790,662,Money Market,84837.52,1,0,0,High,74.2,0,0
CUST-09574,Patricia Lopez,71,Female,40003,701,Standard Checking,2769.24,0,0,0,Medium,45.6,0,0
CUST-09575,Richard Jackson,46,Female,27302,572,Savings,8369.91,1,0,0,High,96.1,0,0
CUST-09576,Nancy Gonzalez,42,Female,57840,672,Savings,8979.4,0,1,0,Medium,41.8,0,0
CUST-09577,Barbara Martin,80,Female,42219,648,Standard Checking,10096.77,0,0,0,Medium,64.9,0,0
CUST-09578,John Williams,85,Male,33426,583,Premium Checking,7820.73,0,0,0,Low,23.1,0,0
CUST-09579,Susan Moore,30,Female,46307,631,Money Market,22816.11,1,0,0,High,83.5,0,0
CUST-09580,Anthony Jackson,49,Female,39577,589,Money Market,95328.25,1,0,0,High,81.4,0,0
CUST-09581,Mark Martinez,44,Female,81677,572,Money Market,49075.11,0,0,1,Medium,63.5,0,0
CUST-09582,Thomas Anderson,68,Male,64892,639,Standard Checking,12523.5,0,0,0,High,77,0,0
CUST-09583,Charles Rodriguez,51,Male,116552,715,Standard Checking,8493.27,1,0,0,High,83.8,0,0
CUST-09584,Patricia Anderson,45,Male,70337,575,Standard Checking,6489.48,0,0,1,High,89.1,0,0
CUST-09585,Charles Thomas,47,Female,62613,676,Standard Checking,4905.33,0,0,1,Medium,69.3,0,0
CUST-09586,Linda Taylor,26,Male,66072,693,Savings,11796.78,1,1,0,High,80.9,0,0
CUST-09587,Christopher Smith,30,Male,70760,672,Savings,7671.04,1,0,1,Low,21.3,0,0
CUST-09588,Michael Moore,81,Female,19931,738,Standard Checking,231.38,0,0,0,High,86.4,0,0
CUST-09589,Barbara Thomas,55,Male,63520,850,Savings,8576.61,1,0,0,Medium,48.8,0,0
CUST-09590,Sandra Smith,39,Female,22065,795,Savings,12862.69,1,0,0,Medium,44.4,0,0
CUST-09591,Anthony Anderson,48,Female,18846,635,Premium Checking,67509.02,1,0,0,High,79,0,0
CUST-09592,Michael Taylor,59,Female,28110,612,Money Market,23759.46,1,0,0,High,70.6,0,0
CUST-09593,John Hernandez,79,Male,55652,647,Standard Checking,8877.13,1,0,0,Medium,41.8,0,0
CUST-09594,Jennifer Garcia,81,Male,25587,716,Standard Checking,11260.76,1,0,0,Low,23.8,0,0
CUST-09595,Joseph Miller,26,Male,63208,682,Standard Checking,11090.66,1,0,0,Medium,65.2,0,0
CUST-09596,David Taylor,61,Female,111055,683,Premium Checking,62186.01,1,0,0,Medium,69.6,1,0
CUST-09597,Daniel Moore,80,Male,42026,686,Standard Checking,11306.69,1,0,0,Medium,61.7,0,0
CUST-09598,Nancy Jackson,57,Male,54259,685,Savings,1812.33,1,0,0,Medium,38.9,0,0
CUST-09599,Anthony Davis,58,Female,34501,698,Savings,3959.81,0,0,0,Medium,60,0,0
CUST-09600,Lisa Martin,67,Male,26565,745,Money Market,43892.97,1,0,0,Low,6.6,0,0
CUST-09601,Linda Hernandez,37,Female,44476,704,Savings,5262.33,1,0,1,Low,5.3,0,0
CUST-09602,Christopher Williams,59,Female,33199,603,Savings,9568.87,1,0,0,High,85.5,0,0
CUST-09603,Daniel Wilson,50,Male,38918,744,Savings,7734.11,1,0,0,High,95.4,0,0
CUST-09604,Anthony Rodriguez,80,Female,34019,756,Standard Checking,7032.17,1,0,0,Medium,55.5,0,0
CUST-09605,Matthew Smith,74,Female,25085,669,Standard Checking,8479.19,1,0,0,High,82.3,0,0
CUST-09606,James Lopez,82,Male,46216,701,Money Market,76227.44,1,0,0,Medium,68.6,0,0
CUST-09607,David Smith,69,Male,18703,647,Standard Checking,14473.44,0,0,1,Low,6.6,0,0
CUST-09608,Karen Lopez,23,Female,63110,625,Premium Checking,72830.67,1,0,0,High,98.6,0,0
CUST-09609,Thomas Anderson,24,Male,21057,634,Standard Checking,4661.41,0,0,1,High,88.6,0,0
CUST-09610,Mary Moore,26,Female,36436,638,Savings,14784.33,1,0,0,Medium,57,0,0
CUST-09611,Jessica Brown,78,Female,87907,780,Standard Checking,13860.11,0,0,0,Medium,39.4,0,0
CUST-09612,Linda Johnson,51,Male,70092,674,Savings,12507.59,0,0,0,High,93.9,0,0
CUST-09613,Susan Anderson,52,Female,48983,622,Money Market,122003.08,0,0,0,High,82,0,0
CUST-09614,Margaret Rodriguez,37,Male,146658,663,Standard Checking,12111.24,1,1,0,Medium,56.8,0,0
CUST-09615,Mary Taylor,75,Male,51371,726,Standard Checking,1428.75,1,0,0,Medium,61.8,0,0
CUST-09616,Betty Martinez,77,Female,83193,781,Standard Checking,1216.37,0,0,0,Medium,42.3,0,0
CUST-09617,William Johnson,71,Male,35841,717,Standard Checking,1260.55,1,0,0,Medium,31,0,0
CUST-09618,Lisa Jackson,52,Female,11576,678,Standard Checking,8757.11,1,0,0,Low,22.9,0,0
CUST-09619,Thomas Hernandez,64,Female,54920,800,Savings,10364.37,1,0,1,Medium,52.1,0,0
CUST-09620,Thomas Martinez,63,Male,61199,664,Premium Checking,18648.02,1,0,0,Low,20.7,0,0
CUST-09621,Sarah Garcia,21,Male,60241,660,Premium Checking,45538.3,1,0,0,Medium,67.8,0,0
CUST-09622,Jessica Moore,27,Male,23839,599,Savings,6899.41,1,0,1,High,85.6,0,0
CUST-09623,Karen Moore,57,Female,217315,637,Standard Checking,14604.45,1,0,1,Medium,30.8,0,0
CUST-09624,James Williams,72,Male,28213,598,Standard Checking,5194.73,0,0,0,Medium,52.7,0,0
CUST-09625,Joseph Martin,57,Male,51587,588,Premium Checking,34557.57,1,0,0,Low,5,0,0
CUST-09626,Elizabeth Jones,40,Female,55566,674,Standard Checking,1962.29,0,0,0,Medium,64,0,0
CUST-09627,Joseph Wilson,32,Male,73837,645,Standard Checking,928.24,1,0,0,Medium,63.9,0,0
CUST-09628,Joseph Martinez,22,Male,34726,764,Savings,9407.7,0,0,1,Low,7.3,0,0
CUST-09629,Lisa Rodriguez,57,Female,63670,701,Premium Checking,57169.13,1,0,0,Medium,39.1,0,0
CUST-09630,Barbara Miller,35,Male,110108,728,Standard Checking,13727.94,1,0,1,Medium,32.5,1,0
CUST-09631,Robert Martinez,38,Male,38979,713,Standard Checking,285.47,1,0,0,Low,18.2,0,0
CUST-09632,Matthew Davis,20,Male,38065,604,Savings,14126.61,0,0,0,Low,18.1,0,0
CUST-09633,Nancy Martin,63,Female,29586,665,Standard Checking,355.96,1,1,1,Medium,66.2,0,0
CUST-09634,Matthew Thomas,70,Male,55360,709,Standard Checking,9731.37,0,1,1,None,0,0,0
CUST-09635,Barbara Rodriguez,37,Male,31451,558,Money Market,99028.4,1,0,0,None,0,0,0
CUST-09636,Elizabeth Thomas,76,Male,69271,556,Standard Checking,6477.8,0,0,0,Medium,45.2,0,1
CUST-09637,Elizabeth Rodriguez,38,Non-Binary,38498,693,Standard Checking,9918.4,1,0,0,High,92.1,0,0
CUST-09638,Sandra Williams,68,Male,43490,662,Savings,4441.11,0,0,0,High,90.3,0,0
CUST-09639,Anthony Jackson,42,Male,29795,436,Premium Checking,25389.58,0,0,0,Medium,51.8,0,0
CUST-09640,David Garcia,85,Female,143678,554,Savings,2637.78,1,1,1,Low,18.5,0,1
CUST-09641,Jennifer Anderson,27,Male,51582,611,Premium Checking,54090.85,0,0,0,Medium,43.3,0,0
CUST-09642,Mark Anderson,84,Female,27542,715,Standard Checking,13419.65,1,1,0,High,96.8,0,0
CUST-09643,Richard Jones,26,Female,56307,645,Savings,10668.15,1,0,0,Medium,30.7,0,0
CUST-09644,Susan Johnson,46,Male,21008,760,Savings,12638.9,1,0,0,Medium,44.4,1,0
CUST-09645,Sandra Lopez,54,Female,35270,629,Premium Checking,22059.58,1,0,1,Medium,33.1,0,0
CUST-09646,Karen Wilson,55,Male,60643,641,Standard Checking,1957.77,1,0,0,High,71.2,0,0
CUST-09647,Charles Martin,76,Male,63583,841,Standard Checking,13695.04,1,1,0,Medium,32,0,0
CUST-09648,Joseph Martin,74,Female,76692,739,Money Market,142310.83,0,1,0,Low,16.9,0,0
CUST-09649,Lisa Taylor,77,Male,94047,753,Savings,12787.05,1,0,1,None,0,0,0
CUST-09650,Matthew Wilson,45,Male,44886,628,Standard Checking,8467.39,1,0,0,High,76.9,0,0
CUST-09651,Daniel Moore,45,Male,76624,663,Savings,7541.48,1,0,0,Medium,60.4,0,0
CUST-09652,Anthony Jones,63,Female,73249,682,Standard Checking,13428.13,1,0,0,High,77.3,0,0
CUST-09653,Nancy Lopez,84,Female,74741,664,Savings,6206.24,1,0,0,Medium,41.5,0,0
CUST-09654,Elizabeth Davis,72,Male,23354,691,Savings,8825.52,0,0,0,Medium,43,0,0
CUST-09655,Mark Garcia,55,Male,55811,690,Money Market,32212.86,1,1,0,High,86,0,0
CUST-09656,Margaret Anderson,35,Female,42399,666,Standard Checking,1224.13,1,0,1,High,95.8,0,0
CUST-09657,Barbara Garcia,80,Female,94073,662,Premium Checking,38023.4,1,0,0,High,94.1,0,0
CUST-09658,Barbara Anderson,22,Male,51722,777,Premium Checking,43219.26,1,0,0,High,72,0,0
CUST-09659,Barbara Rodriguez,61,Female,40177,619,Standard Checking,6990.89,0,1,0,High,88.2,0,0
CUST-09660,Charles Johnson,46,Male,41963,647,Savings,2477.17,1,0,1,Low,25.7,0,0
CUST-09661,Margaret Gonzalez,31,Female,40775,579,Standard Checking,2695.78,1,0,0,None,0,0,1
CUST-09662,Richard Davis,75,Female,53040,615,Standard Checking,9977.7,1,1,0,High,83.9,0,0
CUST-09663,Anthony Gonzalez,61,Male,57584,646,Standard Checking,14060.92,1,0,0,None,0,0,1
CUST-09664,Patricia Garcia,35,Female,44318,687,Standard Checking,6456.24,0,1,0,Medium,64.1,0,0
CUST-09665,Jennifer Lopez,24,Female,41696,738,Standard Checking,6699.3,1,1,0,High,95,0,0
CUST-09666,Barbara Taylor,79,Female,30407,739,Standard Checking,10300.86,0,0,1,Low,16.1,0,0
CUST-09667,Anthony Miller,62,Male,100832,774,Premium Checking,73939.41,0,1,0,Medium,59.5,0,0
CUST-09668,Betty Anderson,33,Female,42715,610,Standard Checking,12066.19,1,0,0,None,0,0,1
CUST-09669,Lisa Taylor,81,Male,55263,620,Money Market,21437.02,0,1,0,Low,27.3,0,0
CUST-09670,Elizabeth Martin,54,Male,60361,603,Standard Checking,3923.47,1,0,0,Medium,38.8,0,0
CUST-09671,Jennifer Rodriguez,42,Male,56204,804,Savings,2615.49,0,0,0,High,88.6,0,0
CUST-09672,Joseph Thomas,26,Female,38942,719,Standard Checking,157.44,1,1,1,Medium,51.9,0,0
CUST-09673,Christopher Davis,72,Male,65993,741,Savings,14544.92,1,0,0,High,70.5,0,0
CUST-09674,Jessica Jones,45,Female,100253,599,Standard Checking,6531.68,0,0,0,Medium,38,0,0
CUST-09675,Sarah Martin,26,Male,68687,679,Savings,3023.62,0,0,0,High,95.8,0,0
CUST-09676,Susan Johnson,29,Female,60897,719,Standard Checking,1880.25,1,0,0,Low,21,0,0
CUST-09677,Daniel Williams,35,Male,67790,580,Premium Checking,68469.47,1,0,0,High,79.2,0,0
CUST-09678,Susan Miller,73,Male,50663,645,Standard Checking,5060.41,1,0,0,Medium,51.4,0,0
CUST-09679,Joseph Taylor,75,Female,42699,710,Premium Checking,47484.11,0,0,0,Low,21.2,0,0
CUST-09680,James Rodriguez,68,Female,127665,527,Standard Checking,14555.92,1,0,0,Low,21.7,0,0
CUST-09681,Nancy Wilson,49,Male,105516,783,Standard Checking,7632.27,0,0,1,Medium,35.9,0,0
CUST-09682,Jessica Gonzalez,65,Female,38541,726,Savings,4811.01,1,1,1,High,99.5,1,0
CUST-09683,Jennifer Smith,25,Male,86453,599,Standard Checking,2673.15,1,0,1,Medium,34.3,0,1
CUST-09684,Christopher Brown,47,Female,61894,676,Savings,4346.92,1,0,0,High,79.8,0,0
CUST-09685,John Taylor,43,Male,52309,713,Savings,9304.56,0,1,0,Medium,46.4,1,0
CUST-09686,Sandra Johnson,41,Male,104184,689,Savings,14181.59,1,0,1,Low,20.2,0,0
CUST-09687,Charles Martin,44,Female,51968,675,Premium Checking,58643.18,1,0,0,Low,16.6,0,0
CUST-09688,Daniel Davis,56,Male,55681,671,Savings,2140.26,0,0,0,Medium,33.9,0,0
CUST-09689,Sandra Anderson,83,Female,62597,734,Premium Checking,45993.5,0,0,1,Medium,33.4,0,0
CUST-09690,Jennifer Martin,68,Male,26442,737,Money Market,87359.39,0,0,0,High,77,0,0
CUST-09691,Mary Anderson,67,Male,56196,728,Savings,13432.67,1,0,0,High,96.4,0,0
CUST-09692,Karen Lopez,62,Female,24533,729,Standard Checking,12894.43,0,0,0,Medium,37.9,0,0
CUST-09693,John Martinez,50,Male,65694,713,Standard Checking,11672.51,1,0,0,None,0,0,0
CUST-09694,Susan Wilson,36,Male,64319,721,Standard Checking,1936.03,1,0,0,Medium,53.8,0,0
CUST-09695,John Smith,30,Male,88231,797,Money Market,90228.27,1,0,1,Medium,66.8,0,0
CUST-09696,Karen Smith,39,Male,67029,672,Savings,11324.56,0,0,0,Low,20.1,0,0
CUST-09697,Mary Jackson,37,Male,177774,561,Standard Checking,13000.59,0,0,0,High,98.4,0,0
CUST-09698,Lisa Martinez,22,Female,24195,766,Savings,3450.38,0,0,1,Low,17.8,0,0
CUST-09699,Patricia Brown,49,Male,48554,711,Standard Checking,9332.32,1,0,0,Medium,66.1,0,0
CUST-09700,Richard Rodriguez,47,Female,82835,717,Standard Checking,932.59,1,0,0,High,75.7,0,0
CUST-09701,Michael Thomas,43,Male,86791,619,Savings,12845.96,1,0,1,Low,5,0,0
CUST-09702,Sarah Williams,21,Female,36800,563,Savings,5244.46,1,0,0,High,97.5,0,1
CUST-09703,Karen Martin,84,Male,88709,699,Premium Checking,59440.71,0,0,1,High,82.2,0,0
CUST-09704,Elizabeth Thomas,60,Male,23579,661,Money Market,123609.33,1,0,0,Medium,38.6,0,0
CUST-09705,John Hernandez,47,Male,32774,678,Premium Checking,71988.25,0,1,0,Low,19.3,0,0
CUST-09706,Matthew Martinez,33,Male,60218,643,Standard Checking,6937.3,1,1,1,High,83.7,0,0
CUST-09707,Jessica Davis,56,Female,56392,683,Standard Checking,1478.7,1,0,1,High,89,1,0
CUST-09708,William Anderson,58,Male,91787,632,Savings,6702.66,1,0,0,Medium,57.7,0,0
CUST-09709,Christopher Williams,48,Female,76576,784,Standard Checking,13865.96,1,0,0,High,82.7,0,0
CUST-09710,Patricia Gonzalez,66,Female,39384,666,Savings,10419.56,0,0,0,Medium,30.9,0,0
CUST-09711,Barbara Rodriguez,30,Male,91969,740,Savings,14766.17,0,0,1,Medium,30.4,0,0
CUST-09712,Matthew Wilson,58,Male,64563,713,Standard Checking,6747.95,1,0,0,Medium,62.4,0,0
CUST-09713,Charles Miller,45,Female,74152,770,Savings,13343.72,0,0,1,Medium,35.1,0,0
CUST-09714,Jessica Martin,81,Male,73196,692,Standard Checking,13673.34,1,0,0,Medium,36.8,0,0
CUST-09715,Robert Martinez,36,Female,43419,744,Savings,1402.22,1,0,0,Medium,46.9,0,0
CUST-09716,Sarah Hernandez,42,Female,80380,730,Premium Checking,30211.25,0,0,0,Low,5.8,0,0
CUST-09717,Michael Wilson,55,Female,58198,788,Premium Checking,33463.7,1,0,0,Medium,62.4,0,0
CUST-09718,Karen Moore,20,Female,77150,729,Standard Checking,9414.68,1,1,0,Low,25.6,0,0
CUST-09719,David Lopez,19,Female,103242,625,Standard Checking,8069.58,0,0,0,Medium,60.3,1,0
CUST-09720,Sarah Johnson,22,Female,46711,667,Money Market,67297.5,1,1,0,Medium,33.1,0,0
CUST-09721,Daniel Smith,78,Male,82481,594,Money Market,74647.69,1,1,1,High,85.3,0,0
CUST-09722,Daniel Martinez,37,Male,41307,658,Money Market,14309.72,0,0,0,Medium,33.3,0,0
CUST-09723,Christopher Smith,55,Female,38868,583,Premium Checking,8928.1,1,0,0,Medium,35.9,0,0
CUST-09724,Jennifer Miller,53,Female,48831,732,Savings,4539.64,0,0,0,High,96.2,0,0
CUST-09725,Thomas Rodriguez,63,Female,48771,554,Premium Checking,65929.13,1,0,1,High,73.1,0,0
CUST-09726,Michael Taylor,54,Female,61823,605,Money Market,100700.05,0,0,0,High,87.8,0,0
CUST-09727,John Thomas,71,Male,27893,702,Money Market,140083.9,1,0,0,Medium,66,0,0
CUST-09728,Robert Martin,38,Female,64959,736,Savings,2320.42,1,0,0,Low,23.3,0,0
CUST-09729,Sarah Smith,38,Male,45554,539,Savings,11128.3,0,0,0,Low,28.9,0,0
CUST-09730,Patricia Hernandez,77,Female,19036,706,Money Market,66987.47,0,0,0,Medium,36,0,0
CUST-09731,Karen Rodriguez,53,Female,59883,725,Money Market,29142.68,0,0,0,High,79.6,0,0
CUST-09732,Sandra Davis,28,Male,99420,562,Premium Checking,7590.37,0,0,0,High,73.2,0,1
CUST-09733,Linda Jones,48,Female,83483,554,Standard Checking,4633.88,1,0,1,High,96.3,0,1
CUST-09734,Barbara Smith,54,Female,48997,680,Standard Checking,9359.03,0,0,0,Medium,34.3,0,0
CUST-09735,Joseph Moore,77,Female,39578,712,Savings,2500.78,1,0,0,None,0,0,1
CUST-09736,Jennifer Martinez,78,Male,75767,647,Standard Checking,6071.79,0,0,0,High,85.3,0,0
CUST-09737,Susan Davis,84,Male,39589,694,Savings,6956.2,0,0,0,High,93.1,0,0
CUST-09738,Anthony Williams,46,Female,47964,680,Standard Checking,5649.87,0,0,0,High,90.8,0,0
CUST-09739,Nancy Jackson,84,Male,177252,819,Standard Checking,12340.85,1,0,0,Low,25.3,0,0
CUST-09740,Barbara Lopez,84,Male,103109,523,Premium Checking,22030.78,0,0,1,Medium,52.2,0,0
CUST-09741,Joseph Miller,33,Female,44801,647,Standard Checking,7467.23,1,0,0,Medium,35.2,0,0
CUST-09742,Anthony Brown,62,Female,69047,652,Standard Checking,11770.33,0,0,0,Medium,47.7,0,0
CUST-09743,Christopher Rodriguez,51,Male,108781,560,Premium Checking,70884.69,1,0,1,Medium,56,1,0
CUST-09744,Nancy Thomas,61,Male,61940,705,Savings,1617.64,1,1,0,Medium,46.4,0,0
CUST-09745,Betty Gonzalez,59,Female,28415,640,Premium Checking,15609.01,1,0,0,High,75,0,0
CUST-09746,Patricia Rodriguez,52,Female,58227,617,Standard Checking,11978.44,0,0,0,Low,17.9,0,0
CUST-09747,Betty Moore,47,Male,43755,592,Premium Checking,73937.99,1,0,0,High,95.1,0,0
CUST-09748,Joseph Anderson,70,Male,44218,686,Savings,10706.86,0,0,1,None,0,0,0
CUST-09749,Jennifer Hernandez,75,Female,35084,713,Standard Checking,8621.43,0,1,0,Low,25.9,0,0
CUST-09750,Margaret Davis,45,Male,28282,667,Standard Checking,13924.23,0,0,0,Medium,68.7,0,0
CUST-09751,Mark Taylor,32,Male,36935,743,Premium Checking,53040.98,1,0,0,None,0,0,0
CUST-09752,Lisa Taylor,55,Female,71815,706,Savings,8477.9,1,0,1,High,83.4,0,0
CUST-09753,Lisa Moore,67,Male,80540,806,Savings,13194.02,0,0,0,High,91.6,0,0
CUST-09754,Patricia Anderson,30,Female,142519,603,Savings,9240.6,1,0,0,Low,13.3,0,0
CUST-09755,Mary Johnson,52,Female,38606,580,Standard Checking,6591.93,0,0,0,Medium,61.2,0,0
CUST-09756,Elizabeth Williams,41,Male,33241,722,Premium Checking,29012.11,1,0,0,Medium,33.3,0,0
CUST-09757,Sandra Davis,82,Female,76577,660,Standard Checking,14484.16,1,0,1,Medium,63.6,0,0
CUST-09758,Karen Miller,35,Female,23502,586,Standard Checking,11576.73,1,0,1,Medium,39.1,0,0
CUST-09759,Barbara Jackson,75,Female,18179,610,Standard Checking,1287.56,1,0,1,Low,11.8,0,1
CUST-09760,Betty Anderson,43,Male,75063,732,Savings,1923.42,1,0,0,Low,18.4,0,0
CUST-09761,Susan Thomas,46,Female,31048,746,Money Market,130569.38,0,0,0,High,96.5,0,0
CUST-09762,Mark Wilson,61,Female,34957,733,Standard Checking,3592.61,0,0,1,Medium,53.9,0,0
CUST-09763,John Moore,22,Male,67720,686,Premium Checking,57651.89,0,0,0,Medium,56.2,0,0
CUST-09764,Mark Garcia,50,Female,51090,663,Standard Checking,8018.23,1,1,0,Medium,69.2,0,0
CUST-09765,Thomas Wilson,22,Male,43061,667,Standard Checking,3575.36,1,0,0,High,92.9,0,0
CUST-09766,Susan Martin,53,Male,25710,697,Standard Checking,2286.5,1,0,0,Medium,38.4,0,0
CUST-09767,Richard Williams,30,Male,37577,691,Premium Checking,66244.92,1,1,0,High,87.7,0,0
CUST-09768,Richard Johnson,42,Male,38456,611,Standard Checking,835.92,0,0,0,High,81.5,0,1
CUST-09769,William Gonzalez,75,Male,40158,751,Savings,3327.69,1,0,0,High,79.4,0,0
CUST-09770,Linda Thomas,19,Male,66652,683,Savings,4471.11,1,0,0,Medium,66.4,0,0
CUST-09771,Lisa Williams,53,Female,57945,525,Standard Checking,2760.27,1,0,0,Medium,54.3,0,1
CUST-09772,Richard Brown,42,Female,44229,592,Standard Checking,8632.59,0,0,0,High,75.3,0,0
CUST-09773,Sarah Johnson,51,Female,52529,650,Premium Checking,46264.14,0,0,1,None,0,0,0
CUST-09774,Karen Anderson,29,Male,120429,694,Money Market,79114.33,1,1,1,None,0,0,0
CUST-09775,Thomas Martinez,36,Female,59123,680,Savings,2541.01,1,1,1,None,0,0,1
CUST-09776,James Garcia,54,Female,101801,631,Standard Checking,6050.9,0,0,0,High,97.1,0,0
CUST-09777,John Jackson,18,Female,37074,766,Savings,7015,1,0,0,Low,5.4,0,0
CUST-09778,Michael Gonzalez,77,Male,44540,732,Premium Checking,16410.06,1,1,0,High,90.1,0,0
CUST-09779,Richard Taylor,84,Male,41822,677,Standard Checking,7997.14,0,1,0,High,99.3,0,0
CUST-09780,James Wilson,66,Female,59777,570,Savings,905.66,1,0,0,Medium,67,0,1
CUST-09781,Mark Williams,63,Male,62592,658,Standard Checking,14673.85,0,0,0,High,80.9,0,0
CUST-09782,Susan Smith,65,Male,64654,653,Premium Checking,32846.45,1,0,0,Medium,68.8,0,0
CUST-09783,Jessica Martinez,85,Male,15248,562,Premium Checking,70708.71,1,1,1,High,81.7,0,0
CUST-09784,Richard Brown,36,Female,31490,716,Savings,5153.51,1,0,0,Medium,66.7,0,0
CUST-09785,William Wilson,57,Male,55896,693,Premium Checking,35058.97,0,0,0,Medium,50.9,0,0
CUST-09786,Patricia Martinez,23,Female,124792,612,Standard Checking,2902.85,1,1,0,Medium,53.3,0,0
CUST-09787,Linda Williams,80,Male,38111,697,Savings,7711.03,1,0,0,Medium,49.2,0,0
CUST-09788,Daniel Miller,52,Female,149537,748,Standard Checking,7737.36,1,0,1,Medium,55.7,1,0
CUST-09789,Elizabeth Williams,78,Female,25182,715,Savings,9783.23,1,0,0,Medium,60.6,0,0
CUST-09790,Mary Anderson,22,Male,55407,639,Standard Checking,8751.47,0,0,0,Medium,33.5,0,0
CUST-09791,William Anderson,54,Female,45247,847,Premium Checking,52826.94,1,0,0,None,0,0,0
CUST-09792,Thomas Miller,28,Female,38286,710,Standard Checking,10428.98,1,0,0,None,0,0,0
CUST-09793,Karen Moore,57,Male,76941,636,Standard Checking,6972.67,1,0,0,Medium,49.4,0,0
CUST-09794,Joseph Moore,82,Male,47197,794,Premium Checking,31906.2,1,0,0,Medium,63.4,0,0
CUST-09795,Lisa Lopez,25,Male,23091,554,Standard Checking,6031.64,1,1,0,Medium,66.2,0,1
CUST-09796,Daniel Davis,28,Female,18391,598,Money Market,138552.15,1,1,1,None,0,0,0
CUST-09797,Sandra Johnson,75,Male,28836,645,Standard Checking,6679.19,0,0,0,High,73,0,0
CUST-09798,Mary Jones,65,Male,67263,748,Standard Checking,13424.99,1,0,0,Medium,55.5,0,0
CUST-09799,James Brown,30,Female,44321,633,Premium Checking,30558.5,0,0,0,Medium,56.6,0,0
CUST-09800,Jennifer Gonzalez,77,Male,82257,671,Money Market,101444.62,1,0,0,High,86.4,0,0
CUST-09801,Charles Hernandez,66,Male,45530,615,Premium Checking,49482.96,0,0,1,Medium,44.4,0,0
CUST-09802,Richard Davis,84,Female,56338,729,Money Market,129238.97,1,0,1,High,74,0,0
CUST-09803,Michael Gonzalez,24,Male,104301,713,Standard Checking,593.46,0,0,0,Medium,66,0,0
CUST-09804,James Garcia,42,Female,44649,578,Standard Checking,3207.93,0,0,0,High,96.4,0,1
CUST-09805,Michael Thomas,40,Female,130551,676,Standard Checking,14485.6,0,0,0,Medium,32.5,0,0
CUST-09806,Sandra Anderson,68,Male,68853,697,Savings,13966.64,1,0,1,Medium,44.1,0,0
CUST-09807,Karen Johnson,64,Female,30594,666,Premium Checking,60102.88,0,0,0,High,82.1,0,0
CUST-09808,Betty Thomas,22,Female,26831,675,Standard Checking,4664.48,0,0,0,Low,10.9,0,0
CUST-09809,Thomas Anderson,30,Female,23860,631,Savings,3210.31,0,0,0,High,71.3,0,0
CUST-09810,John Brown,59,Male,49932,738,Savings,2611.81,1,0,0,High,83.4,0,0
CUST-09811,Barbara Jones,22,Male,21700,626,Savings,370.05,0,1,0,High,96.4,0,1
CUST-09812,Thomas Garcia,40,Female,118729,746,Savings,6633.39,1,0,0,High,75.9,0,0
CUST-09813,Elizabeth Moore,79,Male,150165,679,Standard Checking,9113.73,0,0,0,High,75.6,0,0
CUST-09814,Anthony Martinez,18,Female,22004,645,Premium Checking,67610.59,1,0,1,High,94.8,0,0
CUST-09815,Jennifer Garcia,71,Female,55580,675,Standard Checking,10538.23,1,0,0,Medium,59,0,0
CUST-09816,Karen Anderson,20,Male,18379,685,Standard Checking,7684.27,1,0,1,High,72.8,0,0
CUST-09817,Patricia Thomas,81,Female,69939,655,Savings,8028.66,1,0,0,Medium,48.2,0,0
CUST-09818,Nancy Davis,68,Female,78568,653,Savings,14392.84,1,0,1,Medium,65,0,0
CUST-09819,Michael Jackson,19,Male,48955,609,Money Market,118130.33,1,0,0,None,0,0,0
CUST-09820,Betty Taylor,66,Female,56927,780,Money Market,81131.95,1,0,0,None,0,0,0
CUST-09821,Christopher Gonzalez,48,Male,35249,623,Money Market,29390.92,1,0,0,Medium,58,0,0
CUST-09822,Joseph Johnson,20,Female,50106,594,Standard Checking,12403.25,0,0,0,Medium,52.8,0,0
CUST-09823,Margaret Martinez,52,Female,70047,710,Standard Checking,10342.65,0,0,0,Medium,34.9,0,0
CUST-09824,Richard Moore,53,Female,44643,547,Savings,136.47,1,0,0,Medium,68.1,0,1
CUST-09825,Sandra Hernandez,81,Male,90439,681,Standard Checking,3197.02,1,1,1,Low,8.4,0,0
CUST-09826,Richard Jackson,49,Male,34748,602,Standard Checking,3268.54,0,0,0,None,0,0,1
CUST-09827,Mark Jones,35,Female,41800,710,Premium Checking,63613.93,1,0,0,Low,20.9,0,0
CUST-09828,John Jackson,51,Male,17462,666,Premium Checking,10234.55,0,0,1,Low,12.2,0,0
CUST-09829,Daniel Gonzalez,73,Female,156516,617,Standard Checking,5271.27,1,1,0,High,88.3,0,0
CUST-09830,Robert Lopez,84,Female,18116,667,Savings,6546.48,1,0,0,Low,23.7,0,0
CUST-09831,Susan Garcia,70,Male,85535,710,Money Market,17984.28,1,0,0,Low,28.7,0,0
CUST-09832,Sandra Rodriguez,84,Male,60681,648,Savings,805.2,0,0,0,High,84.9,0,0
CUST-09833,Thomas Davis,83,Female,48883,654,Standard Checking,12718.18,1,1,0,High,79.7,0,0
CUST-09834,Betty Gonzalez,81,Female,31413,744,Standard Checking,13782.14,0,0,0,High,84.6,0,0
CUST-09835,Mark Jones,84,Male,38910,709,Standard Checking,2539.4,1,0,0,High,83.4,0,0
CUST-09836,Mark Taylor,56,Female,40305,646,Premium Checking,19877.35,0,0,0,Medium,42.4,0,0
CUST-09837,John Garcia,55,Female,37726,685,Savings,9784.47,1,0,0,None,0,0,1
CUST-09838,Susan Anderson,57,Male,16937,657,Standard Checking,14679.63,1,0,0,High,95.9,0,0
CUST-09839,Susan Hernandez,36,Male,65611,752,Money Market,22850.41,1,0,0,Medium,45.5,0,0
CUST-09840,David Rodriguez,22,Female,67983,560,Premium Checking,15887.75,1,0,0,High,83.4,0,0
CUST-09841,Jennifer Anderson,31,Male,41193,718,Premium Checking,54393.61,1,0,0,Low,10.4,0,0
CUST-09842,Barbara Garcia,66,Female,47947,713,Standard Checking,14736.69,1,0,0,Low,14.5,0,0
CUST-09843,James Thomas,81,Female,65421,628,Money Market,85336.9,0,0,0,High,88.6,0,0
CUST-09844,Karen Anderson,74,Male,24568,616,Premium Checking,60756.36,1,0,0,High,77.2,0,0
CUST-09845,Mary Taylor,52,Female,21828,760,Standard Checking,10722.41,1,0,0,Medium,34.2,0,0
CUST-09846,John Williams,22,Male,49249,665,Savings,6019.04,1,0,0,Medium,31.9,0,0
CUST-09847,Robert Taylor,56,Male,41602,780,Standard Checking,12269.58,1,0,1,Medium,62.3,0,0
CUST-09848,Daniel Taylor,41,Male,39621,608,Savings,880.12,1,0,0,High,72.4,0,1
CUST-09849,Karen Garcia,57,Female,66313,673,Premium Checking,13591.06,0,0,0,High,76.7,0,0
CUST-09850,James Miller,67,Male,40229,640,Standard Checking,4452.09,1,0,0,Low,10.5,0,0
CUST-09851,Betty Anderson,75,Male,61136,650,Savings,11571.94,1,0,1,Low,28.7,0,0
CUST-09852,Michael Jackson,18,Female,119058,703,Standard Checking,2564.76,1,0,0,Medium,43.6,0,0
CUST-09853,Karen Hernandez,60,Non-Binary,140068,627,Premium Checking,49266.44,1,0,1,High,97.5,0,0
CUST-09854,Daniel Wilson,56,Male,75549,667,Savings,9768.13,1,0,0,High,70.1,0,0
CUST-09855,Richard Martin,27,Male,14901,626,Standard Checking,6689.69,1,0,0,Low,19.1,0,0
CUST-09856,Betty Rodriguez,19,Female,67217,722,Money Market,98076.23,1,0,0,Medium,68.3,0,0
CUST-09857,William Thomas,80,Female,106667,814,Savings,13697.58,0,0,0,High,87.6,0,0
CUST-09858,Barbara Martinez,33,Female,56019,770,Standard Checking,6121.72,0,0,0,High,99.9,0,0
CUST-09859,Jennifer Moore,54,Male,35137,612,Standard Checking,9270.96,1,0,0,Low,11.9,0,0
CUST-09860,Mary Martin,33,Male,39934,646,Premium Checking,9478.59,0,0,0,High,72.3,0,0
CUST-09861,William Jackson,44,Female,90653,676,Standard Checking,3924.65,1,1,0,Medium,32.8,0,0
CUST-09862,Jennifer Johnson,80,Female,37572,537,Standard Checking,12893.08,1,0,1,Medium,41.6,0,0
CUST-09863,Joseph Taylor,81,Female,30453,676,Savings,2224.61,0,1,0,Medium,31.9,0,0
CUST-09864,Jessica Davis,49,Female,35364,713,Standard Checking,6704.34,1,0,0,Medium,44.7,0,0
CUST-09865,Elizabeth Martinez,26,Female,50457,678,Standard Checking,6838.21,1,0,0,Low,6.4,0,0
CUST-09866,Sarah Martinez,28,Male,43860,673,Standard Checking,8787.04,1,0,1,High,87,0,0
CUST-09867,William Jackson,47,Female,21907,634,Standard Checking,9486.38,1,0,0,Medium,54.7,0,0
CUST-09868,James Brown,32,Male,39566,655,Standard Checking,6516.59,0,0,0,High,81,0,0
CUST-09869,Lisa Williams,76,Male,126562,646,Savings,6653.72,1,0,0,High,81.5,0,0
CUST-09870,Elizabeth Lopez,65,Female,53819,607,Premium Checking,21391.04,1,0,0,Medium,38.6,0,0
CUST-09871,Sarah Martin,77,Female,66562,744,Premium Checking,36942.18,1,1,1,High,95.4,0,0
CUST-09872,Jennifer Johnson,85,Male,24095,790,Savings,11913.04,0,0,0,Medium,39.8,0,0
CUST-09873,Elizabeth Johnson,74,Male,68356,637,Standard Checking,10274.6,1,0,1,Low,21.7,0,0
CUST-09874,Sandra Rodriguez,81,Male,104054,608,Savings,162.65,1,0,0,High,96.3,0,1
CUST-09875,Anthony Martinez,71,Male,57469,627,Standard Checking,3506.26,1,0,1,Medium,30.6,0,0
CUST-09876,Mary Davis,71,Female,26820,611,Savings,2068.02,0,0,0,High,90.2,1,1
CUST-09877,Lisa Taylor,76,Female,67524,646,Standard Checking,12184.71,1,0,0,Medium,60.6,0,0
CUST-09878,Thomas Brown,56,Female,73556,698,Standard Checking,7240.3,1,0,0,Low,18.7,0,0
CUST-09879,Sarah Lopez,32,Male,34536,764,Savings,5781.07,0,0,0,High,88.3,0,0
CUST-09880,Thomas Rodriguez,45,Male,83650,568,Standard Checking,11261.72,1,0,0,High,98.8,0,0
CUST-09881,Mark Jackson,53,Male,61426,746,Standard Checking,1193.35,1,0,0,High,95.5,0,0
CUST-09882,Susan Wilson,71,Male,18099,679,Standard Checking,10570.8,1,0,0,None,0,0,1
CUST-09883,Sandra Taylor,34,Female,36534,531,Premium Checking,35975.19,1,0,0,Low,16.4,0,0
CUST-09884,Mary Davis,39,Female,41433,591,Standard Checking,6368.91,1,0,0,Medium,49.5,0,0
CUST-09885,Robert Miller,53,Female,47642,715,Savings,9918.85,0,0,0,Medium,37.6,0,0
CUST-09886,Nancy Thomas,46,Female,48911,619,Standard Checking,364.36,1,0,0,High,72,0,1
CUST-09887,Jessica Taylor,72,Female,72742,652,Standard Checking,1584.68,0,0,0,High,83,0,0
CUST-09888,Nancy Miller,59,Male,74026,670,Standard Checking,5997.93,1,0,0,Medium,63.7,0,0
CUST-09889,Karen Davis,49,Male,109950,762,Premium Checking,43470.77,1,0,0,Medium,69.4,0,0
CUST-09890,Linda Hernandez,31,Female,58067,590,Standard Checking,7268.13,1,0,0,High,96.2,0,0
CUST-09891,Joseph Moore,35,Male,102558,725,Money Market,141008.36,0,0,0,High,79,0,0
CUST-09892,Jennifer Lopez,55,Female,78084,769,Standard Checking,9686.15,1,0,0,High,88.2,0,0
CUST-09893,Joseph Garcia,51,Male,90527,611,Savings,3589.17,1,0,0,Low,8.7,0,0
CUST-09894,Sarah Martin,62,Non-Binary,108885,734,Standard Checking,11474.99,1,0,0,High,79.5,0,0
CUST-09895,William Davis,49,Male,41403,643,Premium Checking,53213.35,1,0,1,Medium,67.9,0,0
CUST-09896,Susan Jackson,84,Male,47081,631,Standard Checking,13934.52,0,0,1,Medium,62.8,0,0
CUST-09897,Charles Davis,80,Female,17154,656,Standard Checking,2088.21,1,0,0,Medium,59.6,0,0
CUST-09898,Mary Brown,72,Male,85179,696,Money Market,147650.44,1,0,1,High,78.9,0,0
CUST-09899,Jennifer Williams,60,Female,81837,627,Premium Checking,13505.81,1,0,1,Low,18.6,0,0
CUST-09900,John Jackson,39,Male,52697,744,Premium Checking,24365.88,0,0,0,High,85.9,0,0
CUST-09901,David Martinez,85,Female,73001,649,Savings,13902.08,0,0,0,Medium,53.3,0,0
CUST-09902,Barbara Wilson,46,Male,83651,537,Standard Checking,3256.54,0,0,0,Low,6,0,1
CUST-09903,Sandra Moore,57,Male,49494,674,Savings,13599.33,0,0,0,High,78.7,0,0
CUST-09904,Lisa Rodriguez,62,Female,60781,590,Standard Checking,7588.53,1,0,0,Medium,55.3,0,0
CUST-09905,Joseph Williams,27,Male,48673,661,Premium Checking,64065.26,0,0,0,Low,29.8,0,0
CUST-09906,Daniel Hernandez,62,Male,46652,705,Standard Checking,11587.03,1,0,1,Low,25.2,0,0
CUST-09907,Elizabeth Moore,34,Female,34904,633,Premium Checking,32333.5,1,1,0,Medium,48.7,0,0
CUST-09908,Patricia Gonzalez,19,Female,24302,559,Premium Checking,36344.96,1,0,0,High,79.4,0,0
CUST-09909,Sandra Garcia,34,Male,25797,609,Standard Checking,9214.51,1,0,0,High,75.3,0,0
CUST-09910,Anthony Gonzalez,55,Male,47298,770,Standard Checking,12452.64,0,0,0,Medium,46.2,0,0
CUST-09911,Matthew Martin,54,Female,27987,693,Standard Checking,6179.2,1,0,1,High,90.7,0,0
CUST-09912,Robert Martin,80,Female,30569,740,Standard Checking,11291.94,1,0,0,High,93,0,0
CUST-09913,Susan Gonzalez,22,Non-Binary,32549,796,Savings,2454.98,0,1,0,None,0,0,0
CUST-09914,Susan Davis,42,Male,42584,824,Savings,767.13,1,1,1,Medium,56.7,0,0
CUST-09915,Jessica Gonzalez,39,Female,86275,694,Premium Checking,47468.06,1,0,1,Medium,60.4,0,0
CUST-09916,Lisa Anderson,80,Male,16852,660,Standard Checking,676.92,0,0,0,Medium,43.1,0,0
CUST-09917,Charles Smith,52,Male,50202,636,Money Market,95901.42,0,1,0,Medium,53.7,0,0
CUST-09918,Nancy Johnson,72,Male,30877,687,Savings,5883.87,0,1,0,High,98.1,0,0
CUST-09919,Sarah Jackson,37,Male,47904,712,Standard Checking,11798.42,0,0,1,High,72.7,0,0
CUST-09920,Linda Williams,22,Female,35924,729,Savings,96.37,1,0,0,High,89.5,0,0
CUST-09921,Daniel Wilson,56,Male,44685,608,Standard Checking,10086.5,1,0,0,Medium,30.6,0,0
CUST-09922,Betty Rodriguez,80,Female,22652,609,Savings,5643.52,0,0,0,None,0,0,1
CUST-09923,Mark Davis,49,Female,60193,663,Premium Checking,9349.52,1,0,0,Medium,32.5,0,0
CUST-09924,Thomas Thomas,80,Male,50570,680,Premium Checking,61901.52,0,1,1,Low,18,0,0
CUST-09925,Elizabeth Martinez,57,Female,52960,793,Standard Checking,11501.67,0,0,0,None,0,0,0
CUST-09926,Matthew Garcia,34,Female,79502,514,Savings,13055.37,1,0,1,High,97,0,0
CUST-09927,Nancy Taylor,49,Female,24225,637,Savings,577.57,1,0,1,Medium,48.7,0,0
CUST-09928,Mark Thomas,40,Male,28412,739,Standard Checking,5103.66,1,0,1,High,90.2,0,0
CUST-09929,Joseph Wilson,77,Male,112461,609,Standard Checking,6268.95,1,1,0,High,74.1,0,0
CUST-09930,Patricia Brown,73,Male,64372,678,Savings,12849.36,1,0,1,High,87,0,0
CUST-09931,Sandra Johnson,26,Female,18726,747,Savings,11938.22,1,0,0,High,79,0,0
CUST-09932,Mark Hernandez,79,Male,44792,726,Savings,8252.15,0,0,1,Medium,52,0,0
CUST-09933,Sandra Brown,81,Female,83559,727,Premium Checking,9245.39,1,1,0,None,0,0,0
CUST-09934,Christopher Thomas,39,Male,138912,665,Premium Checking,59488.87,1,0,0,Medium,65.6,0,0
CUST-09935,Christopher Brown,49,Male,106828,688,Standard Checking,6640.95,1,0,0,Medium,43.3,0,0
CUST-09936,James Jackson,64,Male,39033,691,Standard Checking,13551.93,0,0,0,Medium,49.4,0,0
CUST-09937,Mary Rodriguez,19,Male,46033,642,Premium Checking,56775.8,1,0,0,Low,9.3,0,0
CUST-09938,Daniel Gonzalez,69,Male,19768,738,Savings,11940.76,1,0,0,High,88,0,0
CUST-09939,Sarah Thomas,31,Male,51617,588,Standard Checking,8500.48,1,0,0,High,78.8,0,0
CUST-09940,Jessica Martinez,54,Female,54284,633,Money Market,62862.75,0,0,1,Medium,35.2,0,0
CUST-09941,William Hernandez,44,Female,77165,738,Money Market,16652.11,1,0,0,Medium,58.3,0,0
CUST-09942,Matthew Brown,41,Male,16306,541,Savings,2002.66,0,1,0,High,79.8,0,1
CUST-09943,Elizabeth Williams,81,Female,30885,690,Money Market,47980.9,1,0,1,Medium,46.7,0,0
CUST-09944,Jennifer Williams,43,Female,43796,757,Premium Checking,58043.96,0,0,1,High,80.6,0,0
CUST-09945,Anthony Rodriguez,71,Male,75963,626,Premium Checking,71169.97,1,0,0,High,94.3,0,0
CUST-09946,John Moore,32,Male,40111,708,Premium Checking,16479.13,1,1,1,Low,25.5,0,0
CUST-09947,Linda Davis,46,Male,159301,688,Savings,10915.51,0,1,0,High,77.6,0,0
CUST-09948,Joseph Gonzalez,45,Male,28559,725,Money Market,125455.33,1,0,0,High,88.2,1,0
CUST-09949,Michael Jackson,76,Male,38323,680,Savings,1089.41,1,0,0,None,0,0,1
CUST-09950,Linda Martinez,38,Female,28411,760,Standard Checking,1665.39,1,0,1,Medium,50,0,0
CUST-09951,Thomas Smith,27,Female,44237,706,Premium Checking,45531.74,1,0,0,Medium,65,1,0
CUST-09952,Richard Gonzalez,21,Male,62146,740,Premium Checking,63183.28,0,1,0,High,73.9,0,0
CUST-09953,Lisa Thomas,79,Male,53683,736,Premium Checking,49878.24,0,1,0,Medium,36.9,0,0
CUST-09954,Mark Rodriguez,21,Male,31836,774,Premium Checking,18599.29,1,0,0,High,95,0,0
CUST-09955,Elizabeth Garcia,23,Female,90305,612,Standard Checking,10042.89,0,0,1,High,74.1,0,0
CUST-09956,Robert Johnson,33,Male,97790,593,Savings,10643.46,0,0,0,None,0,0,1
CUST-09957,David Rodriguez,55,Male,34547,752,Money Market,142309.18,1,0,0,High,88.8,0,0
CUST-09958,Jennifer Davis,66,Male,229473,691,Standard Checking,1625.1,1,1,0,Medium,34.8,0,0
CUST-09959,William Rodriguez,78,Female,28211,811,Savings,2117.4,1,0,1,Medium,46.4,0,0
CUST-09960,Linda Lopez,82,Male,49992,526,Premium Checking,64040.87,0,0,0,Medium,66.5,0,0
CUST-09961,Betty Davis,67,Female,50011,675,Savings,11161.42,1,0,0,Medium,40.2,0,0
CUST-09962,John Gonzalez,34,Male,27941,678,Savings,11880.53,0,0,0,High,71.3,0,0
CUST-09963,Charles Johnson,45,Male,54162,742,Savings,3197.14,1,0,0,Medium,46.7,0,0
CUST-09964,Thomas Thomas,61,Male,46148,816,Money Market,75645.62,1,0,0,None,0,0,0
CUST-09965,Patricia Moore,29,Female,60478,680,Savings,4878.34,1,0,0,Medium,46.2,0,0
CUST-09966,Susan Johnson,20,Male,48998,709,Premium Checking,60097.26,1,0,0,Medium,66.8,0,0
CUST-09967,Richard Martin,66,Female,73130,554,Standard Checking,7678.36,1,0,0,None,0,0,1
CUST-09968,Thomas Anderson,38,Male,66268,700,Money Market,62316.24,1,1,0,High,80.2,0,0
CUST-09969,Matthew Martin,25,Male,29872,700,Premium Checking,58148.75,0,0,0,None,0,0,0
CUST-09970,Robert Miller,81,Female,42176,640,Savings,11031.15,0,0,0,None,0,0,1
CUST-09971,Sarah Hernandez,76,Male,32586,700,Premium Checking,45720.09,1,0,0,Medium,59.2,0,0
CUST-09972,Sarah Jones,47,Male,112824,697,Standard Checking,5134.34,1,0,0,Low,17.1,0,0
CUST-09973,Richard Moore,49,Male,79035,793,Premium Checking,32506.97,0,0,0,High,79,1,0
CUST-09974,Mary Martin,37,Male,57818,626,Standard Checking,989.25,1,0,0,None,0,0,1
CUST-09975,Patricia Gonzalez,33,Male,64052,617,Savings,4570.76,1,0,0,Medium,53.3,0,0
CUST-09976,Lisa Thomas,42,Male,46291,620,Standard Checking,2018.07,1,0,0,None,0,0,1
CUST-09977,Jennifer Davis,77,Male,52932,649,Standard Checking,3571.01,1,0,0,Medium,66.6,0,0
CUST-09978,Jessica Gonzalez,62,Male,33728,568,Standard Checking,6721.55,1,0,0,Medium,55.8,1,1
CUST-09979,Daniel Brown,26,Female,35184,661,Savings,9212.25,1,0,0,High,74.5,0,0
CUST-09980,Mary Rodriguez,68,Male,66735,682,Standard Checking,1515.21,1,0,0,High,88.6,0,0
CUST-09981,Sarah Taylor,78,Female,28609,784,Standard Checking,8735.9,0,0,0,Medium,39,0,0
CUST-09982,Linda Anderson,57,Male,34487,671,Premium Checking,6253.41,1,0,0,Medium,59.3,1,0
CUST-09983,William Taylor,78,Female,43765,768,Standard Checking,13800.77,1,0,0,High,85,0,0
CUST-09984,Daniel Johnson,84,Female,23043,738,Savings,3169.25,1,0,0,High,70.4,0,0
CUST-09985,Jennifer Jones,32,Female,80858,689,Savings,13388.09,0,0,0,Low,14.5,0,0
CUST-09986,Thomas Johnson,70,Female,68124,670,Savings,13072.26,0,0,0,High,81.6,0,0
CUST-09987,Sarah Martinez,21,Male,60733,717,Standard Checking,4262.94,1,0,0,Low,26.2,0,0
CUST-09988,Elizabeth Garcia,40,Male,40347,724,Standard Checking,10327.73,0,0,0,Medium,46.8,0,0
CUST-09989,Anthony Lopez,44,Female,88166,643,Standard Checking,10418.44,1,0,0,Medium,67.1,0,0
CUST-09990,Thomas Gonzalez,54,Male,60142,721,Standard Checking,14214.04,0,1,0,High,95.3,0,0
CUST-09991,Karen Thomas,60,Male,80325,673,Premium Checking,17556.05,0,0,0,High,74.7,0,0
CUST-09992,Elizabeth Johnson,54,Male,82699,718,Standard Checking,1434.95,1,0,1,Medium,66.3,0,0
CUST-09993,Mary Miller,46,Male,38613,794,Premium Checking,57445.29,0,0,0,Low,25.4,0,0
CUST-09994,Jennifer Smith,46,Female,31484,654,Standard Checking,3894.78,1,1,0,Medium,45.8,0,0
CUST-09995,Barbara Gonzalez,66,Male,29664,541,Standard Checking,3575.69,1,0,0,Low,26.5,0,1
CUST-09996,Barbara Jackson,68,Male,50520,676,Standard Checking,13850.78,0,0,0,Medium,50.1,0,0
CUST-09997,William Martinez,67,Female,12559,604,Savings,10860.69,1,0,0,Low,16.9,0,0
CUST-09998,Thomas Moore,45,Male,28692,698,Premium Checking,70655.79,1,0,0,High,88.3,0,0
CUST-09999,Linda Miller,22,Male,34635,609,Savings,14285.48,1,0,0,High,89.5,0,0
CUST-10000,William Martinez,73,Female,35950,672,Savings,1082.18,1,0,0,High,98.2,0,0
